date,walcl_musd,wtregen_musd,rrp_musd,ecb_assets_musd,boj_assets_musd,pboc_assets_musd,reserves_musd,repo_musd,discount_window_musd,fed_net_liq_musd,global_cb_musd
2018-01-01,4448680.00,190283.00,319595.00,5375713.04,4673916.05,5578156.82,2201425.00,23.00,108.00,3938802.00,20076465.91
2018-01-02,4448680.00,190283.00,136967.00,5375713.04,4673916.05,5578156.82,2201425.00,23.00,108.00,4121430.00,20076465.91
2018-01-03,4443718.00,211566.00,131622.00,5375713.04,4673916.05,5578156.82,2045930.00,23.00,38.00,4100530.00,20071503.91
2018-01-04,4443718.00,211566.00,76624.00,5375713.04,4673916.05,5578156.82,2045930.00,23.00,38.00,4155528.00,20071503.91
2018-01-05,4443718.00,211566.00,63804.00,5376618.60,4673916.05,5578156.82,2045930.00,23.00,38.00,4168348.00,20072409.48
2018-01-06,4443718.00,211566.00,63804.00,5376618.60,4673916.05,5578156.82,2045930.00,23.00,38.00,4168348.00,20072409.48
2018-01-07,4443718.00,211566.00,63804.00,5376618.60,4673916.05,5578156.82,2045930.00,23.00,38.00,4168348.00,20072409.48
2018-01-08,4443718.00,211566.00,63531.00,5376618.60,4673916.05,5578156.82,2045930.00,23.00,38.00,4168621.00,20072409.48
2018-01-09,4443718.00,211566.00,56468.00,5376618.60,4673916.05,5578156.82,2045930.00,23.00,38.00,4175684.00,20072409.48
2018-01-10,4446062.00,206215.00,57954.00,5376618.60,4673916.05,5578156.82,2232897.00,23.00,107.00,4181893.00,20074753.48
2018-01-11,4446062.00,206215.00,33597.00,5376618.60,4673916.05,5578156.82,2232897.00,23.00,107.00,4206250.00,20074753.48
2018-01-12,4446062.00,206215.00,21590.00,5425432.41,4673916.05,5578156.82,2232897.00,23.00,107.00,4218257.00,20123567.28
2018-01-13,4446062.00,206215.00,21590.00,5425432.41,4673916.05,5578156.82,2232897.00,23.00,107.00,4218257.00,20123567.28
2018-01-14,4446062.00,206215.00,21590.00,5425432.41,4673916.05,5578156.82,2232897.00,23.00,107.00,4218257.00,20123567.28
2018-01-15,4446062.00,206215.00,21590.00,5425432.41,4673916.05,5578156.82,2232897.00,23.00,107.00,4218257.00,20123567.28
2018-01-16,4446062.00,206215.00,22003.00,5425432.41,4673916.05,5578156.82,2232897.00,23.00,107.00,4217844.00,20123567.28
2018-01-17,4439145.00,227665.00,20548.00,5425432.41,4673916.05,5578156.82,2249899.00,23.00,96.00,4190932.00,20116650.28
2018-01-18,4439145.00,227665.00,22804.00,5425432.41,4673916.05,5578156.82,2249899.00,23.00,96.00,4188676.00,20116650.28
2018-01-19,4439145.00,227665.00,22196.00,5487522.87,4673916.05,5578156.82,2249899.00,23.00,96.00,4189284.00,20178740.74
2018-01-20,4439145.00,227665.00,22196.00,5487522.87,4673916.05,5578156.82,2249899.00,23.00,96.00,4189284.00,20178740.74
2018-01-21,4439145.00,227665.00,22196.00,5487522.87,4673916.05,5578156.82,2249899.00,23.00,96.00,4189284.00,20178740.74
2018-01-22,4439145.00,227665.00,28706.00,5487522.87,4673916.05,5578156.82,2249899.00,23.00,96.00,4182774.00,20178740.74
2018-01-23,4439145.00,227665.00,31791.00,5487522.87,4673916.05,5578156.82,2249899.00,23.00,96.00,4179689.00,20178740.74
2018-01-24,4441317.00,269118.00,36371.00,5487522.87,4673916.05,5578156.82,2210944.00,23.00,48.00,4135828.00,20180912.74
2018-01-25,4441317.00,269118.00,19891.00,5487522.87,4673916.05,5578156.82,2210944.00,23.00,48.00,4152308.00,20180912.74
2018-01-26,4441317.00,269118.00,21427.00,5581276.65,4673916.05,5578156.82,2210944.00,23.00,48.00,4150772.00,20274666.52
2018-01-27,4441317.00,269118.00,21427.00,5581276.65,4673916.05,5578156.82,2210944.00,23.00,48.00,4150772.00,20274666.52
2018-01-28,4441317.00,269118.00,21427.00,5581276.65,4673916.05,5578156.82,2210944.00,23.00,48.00,4150772.00,20274666.52
2018-01-29,4441317.00,269118.00,23980.00,5581276.65,4673916.05,5578156.82,2210944.00,23.00,48.00,4148219.00,20274666.52
2018-01-30,4441317.00,269118.00,31766.00,5581276.65,4673916.05,5578156.82,2210944.00,23.00,48.00,4140433.00,20274666.52
2018-01-31,4419225.00,270244.00,65797.00,5581276.65,4673916.05,5578156.82,2203630.00,23.00,46.00,4083184.00,20252574.52
2018-02-01,4419225.00,270244.00,31825.00,5581276.65,4869216.44,5578156.82,2203630.00,23.00,46.00,4117156.00,20447874.90
2018-02-02,4419225.00,270244.00,43931.00,5589686.53,4869216.44,5578156.82,2203630.00,23.00,46.00,4105050.00,20456284.79
2018-02-03,4419225.00,270244.00,43931.00,5589686.53,4869216.44,5578156.82,2203630.00,23.00,46.00,4105050.00,20456284.79
2018-02-04,4419225.00,270244.00,43931.00,5589686.53,4869216.44,5578156.82,2203630.00,23.00,46.00,4105050.00,20456284.79
2018-02-05,4419225.00,270244.00,59008.00,5589686.53,4869216.44,5578156.82,2203630.00,23.00,46.00,4089973.00,20456284.79
2018-02-06,4419225.00,270244.00,49214.00,5589686.53,4869216.44,5578156.82,2203630.00,23.00,46.00,4099767.00,20456284.79
2018-02-07,4420745.00,203936.00,48120.00,5589686.53,4869216.44,5578156.82,2244845.00,23.00,19.00,4168689.00,20457804.79
2018-02-08,4420745.00,203936.00,33272.00,5589686.53,4869216.44,5578156.82,2244845.00,23.00,19.00,4183537.00,20457804.79
2018-02-09,4420745.00,203936.00,36567.00,5493963.39,4869216.44,5578156.82,2244845.00,23.00,19.00,4180242.00,20362081.64
2018-02-10,4420745.00,203936.00,36567.00,5493963.39,4869216.44,5578156.82,2244845.00,23.00,19.00,4180242.00,20362081.64
2018-02-11,4420745.00,203936.00,36567.00,5493963.39,4869216.44,5578156.82,2244845.00,23.00,19.00,4180242.00,20362081.64
2018-02-12,4420745.00,203936.00,30631.00,5493963.39,4869216.44,5578156.82,2244845.00,23.00,19.00,4186178.00,20362081.64
2018-02-13,4420745.00,203936.00,43137.00,5493963.39,4869216.44,5578156.82,2244845.00,23.00,19.00,4173672.00,20362081.64
2018-02-14,4434863.00,197681.00,38518.00,5493963.39,4869216.44,5578156.82,2253929.00,23.00,2.00,4198664.00,20376199.64
2018-02-15,4434863.00,197681.00,29080.00,5493963.39,4869216.44,5578156.82,2253929.00,23.00,2.00,4208102.00,20376199.64
2018-02-16,4434863.00,197681.00,29615.00,5604848.52,4869216.44,5578156.82,2253929.00,23.00,2.00,4207567.00,20487084.78
2018-02-17,4434863.00,197681.00,29615.00,5604848.52,4869216.44,5578156.82,2253929.00,23.00,2.00,4207567.00,20487084.78
2018-02-18,4434863.00,197681.00,29615.00,5604848.52,4869216.44,5578156.82,2253929.00,23.00,2.00,4207567.00,20487084.78
2018-02-19,4434863.00,197681.00,29615.00,5604848.52,4869216.44,5578156.82,2253929.00,23.00,2.00,4207567.00,20487084.78
2018-02-20,4434863.00,197681.00,32495.00,5604848.52,4869216.44,5578156.82,2253929.00,23.00,2.00,4204687.00,20487084.78
2018-02-21,4411660.00,214677.00,45171.00,5604848.52,4869216.44,5578156.82,2223380.00,23.00,18.00,4151812.00,20463881.78
2018-02-22,4411660.00,214677.00,36320.00,5604848.52,4869216.44,5578156.82,2223380.00,23.00,18.00,4160663.00,20463881.78
2018-02-23,4411660.00,214677.00,15875.00,5548291.89,4869216.44,5578156.82,2223380.00,23.00,18.00,4181108.00,20407325.15
2018-02-24,4411660.00,214677.00,15875.00,5548291.89,4869216.44,5578156.82,2223380.00,23.00,18.00,4181108.00,20407325.15
2018-02-25,4411660.00,214677.00,15875.00,5548291.89,4869216.44,5578156.82,2223380.00,23.00,18.00,4181108.00,20407325.15
2018-02-26,4411660.00,214677.00,9360.00,5548291.89,4869216.44,5578156.82,2223380.00,23.00,18.00,4187623.00,20407325.15
2018-02-27,4411660.00,214677.00,19729.00,5548291.89,4869216.44,5578156.82,2223380.00,23.00,18.00,4177254.00,20407325.15
2018-02-28,4393401.00,202620.00,44510.00,5548291.89,4869216.44,5578156.82,2232947.00,23.00,13.00,4146271.00,20389066.15
2018-03-01,4393401.00,202620.00,14334.00,5548291.89,4941404.92,5578156.82,2232947.00,23.00,13.00,4176447.00,20461254.63
2018-03-02,4393401.00,202620.00,15642.00,5565139.90,4941404.92,5578156.82,2232947.00,23.00,13.00,4175139.00,20478102.64
2018-03-03,4393401.00,202620.00,15642.00,5565139.90,4941404.92,5578156.82,2232947.00,23.00,13.00,4175139.00,20478102.64
2018-03-04,4393401.00,202620.00,15642.00,5565139.90,4941404.92,5578156.82,2232947.00,23.00,13.00,4175139.00,20478102.64
2018-03-05,4393401.00,202620.00,15230.00,5565139.90,4941404.92,5578156.82,2232947.00,23.00,13.00,4175551.00,20478102.64
2018-03-06,4393401.00,202620.00,11205.00,5565139.90,4941404.92,5578156.82,2232947.00,23.00,13.00,4179576.00,20478102.64
2018-03-07,4396097.00,195071.00,14295.00,5565139.90,4941404.92,5578156.82,2252016.00,23.00,3.00,4186731.00,20480798.64
2018-03-08,4396097.00,195071.00,6963.00,5565139.90,4941404.92,5578156.82,2252016.00,23.00,3.00,4194063.00,20480798.64
2018-03-09,4396097.00,195071.00,3247.00,5583780.31,4941404.92,5578156.82,2252016.00,23.00,3.00,4197779.00,20499439.04
2018-03-10,4396097.00,195071.00,3247.00,5583780.31,4941404.92,5578156.82,2252016.00,23.00,3.00,4197779.00,20499439.04
2018-03-11,4396097.00,195071.00,3247.00,5583780.31,4941404.92,5578156.82,2252016.00,23.00,3.00,4197779.00,20499439.04
2018-03-12,4396097.00,195071.00,1770.00,5583780.31,4941404.92,5578156.82,2252016.00,23.00,3.00,4199256.00,20499439.04
2018-03-13,4396097.00,195071.00,2145.00,5583780.31,4941404.92,5578156.82,2252016.00,23.00,3.00,4198881.00,20499439.04
2018-03-14,4407258.00,249929.00,4970.00,5583780.31,4941404.92,5578156.82,2204829.00,23.00,4.00,4152359.00,20510600.04
2018-03-15,4407258.00,249929.00,3746.00,5583780.31,4941404.92,5578156.82,2204829.00,23.00,4.00,4153583.00,20510600.04
2018-03-16,4407258.00,249929.00,10280.00,5566084.38,4941404.92,5578156.82,2204829.00,23.00,4.00,4147049.00,20492904.11
2018-03-17,4407258.00,249929.00,10280.00,5566084.38,4941404.92,5578156.82,2204829.00,23.00,4.00,4147049.00,20492904.11
2018-03-18,4407258.00,249929.00,10280.00,5566084.38,4941404.92,5578156.82,2204829.00,23.00,4.00,4147049.00,20492904.11
2018-03-19,4407258.00,249929.00,7820.00,5566084.38,4941404.92,5578156.82,2204829.00,23.00,4.00,4149509.00,20492904.11
2018-03-20,4407258.00,249929.00,11950.00,5566084.38,4941404.92,5578156.82,2204829.00,23.00,4.00,4145379.00,20492904.11
2018-03-21,4401222.00,316454.00,20586.00,5566084.38,4941404.92,5578156.82,2123587.00,23.00,0.00,4064182.00,20486868.11
2018-03-22,4401222.00,316454.00,11592.00,5566084.38,4941404.92,5578156.82,2123587.00,23.00,0.00,4073176.00,20486868.11
2018-03-23,4401222.00,316454.00,10450.00,5610292.99,4941404.92,5578156.82,2123587.00,23.00,0.00,4074318.00,20531076.73
2018-03-24,4401222.00,316454.00,10450.00,5610292.99,4941404.92,5578156.82,2123587.00,23.00,0.00,4074318.00,20531076.73
2018-03-25,4401222.00,316454.00,10450.00,5610292.99,4941404.92,5578156.82,2123587.00,23.00,0.00,4074318.00,20531076.73
2018-03-26,4401222.00,316454.00,5921.00,5610292.99,4941404.92,5578156.82,2123587.00,23.00,0.00,4078847.00,20531076.73
2018-03-27,4401222.00,316454.00,9620.00,5610292.99,4941404.92,5578156.82,2123587.00,23.00,0.00,4075148.00,20531076.73
2018-03-28,4392198.00,318858.00,17898.00,5610292.99,4941404.92,5578156.82,2113321.00,23.00,2.00,4055442.00,20522052.73
2018-03-29,4392198.00,318858.00,17898.00,5610292.99,4941404.92,5578156.82,2113321.00,23.00,2.00,4055442.00,20522052.73
2018-03-30,4392198.00,318858.00,17898.00,5580441.33,4941404.92,5578156.82,2113321.00,23.00,2.00,4055442.00,20492201.07
2018-03-31,4392198.00,318858.00,17898.00,5580441.33,4941404.92,5578156.82,2113321.00,23.00,2.00,4055442.00,20492201.07
2018-04-01,4392198.00,318858.00,17898.00,5580441.33,5038145.01,5578156.82,2113321.00,23.00,2.00,4055442.00,20588941.16
2018-04-02,4392198.00,318858.00,3823.00,5580441.33,5038145.01,5578156.82,2113321.00,23.00,2.00,4069517.00,20588941.16
2018-04-03,4392198.00,318858.00,8695.00,5580441.33,5038145.01,5578156.82,2113321.00,23.00,2.00,4064645.00,20588941.16
2018-04-04,4386104.00,303916.00,4570.00,5580441.33,5038145.01,5578156.82,2094045.00,23.00,2.00,4077618.00,20582847.16
2018-04-05,4386104.00,303916.00,4645.00,5580441.33,5038145.01,5578156.82,2094045.00,23.00,2.00,4077543.00,20582847.16
2018-04-06,4386104.00,303916.00,4895.00,5561959.42,5038145.01,5578156.82,2094045.00,23.00,2.00,4077293.00,20564365.25
2018-04-07,4386104.00,303916.00,4895.00,5561959.42,5038145.01,5578156.82,2094045.00,23.00,2.00,4077293.00,20564365.25
2018-04-08,4386104.00,303916.00,4895.00,5561959.42,5038145.01,5578156.82,2094045.00,23.00,2.00,4077293.00,20564365.25
2018-04-09,4386104.00,303916.00,4070.00,5561959.42,5038145.01,5578156.82,2094045.00,23.00,2.00,4078118.00,20564365.25
2018-04-10,4386104.00,303916.00,3990.00,5561959.42,5038145.01,5578156.82,2094045.00,23.00,2.00,4078198.00,20564365.25
2018-04-11,4383684.00,294083.00,2361.00,5561959.42,5038145.01,5578156.82,2119965.00,23.00,0.00,4087240.00,20561945.25
2018-04-12,4383684.00,294083.00,4120.00,5561959.42,5038145.01,5578156.82,2119965.00,23.00,0.00,4085481.00,20561945.25
2018-04-13,4383684.00,294083.00,3471.00,5604234.13,5038145.01,5578156.82,2119965.00,23.00,0.00,4086130.00,20604219.95
2018-04-14,4383684.00,294083.00,3471.00,5604234.13,5038145.01,5578156.82,2119965.00,23.00,0.00,4086130.00,20604219.95
2018-04-15,4383684.00,294083.00,3471.00,5604234.13,5038145.01,5578156.82,2119965.00,23.00,0.00,4086130.00,20604219.95
2018-04-16,4383684.00,294083.00,3372.00,5604234.13,5038145.01,5578156.82,2119965.00,23.00,0.00,4086229.00,20604219.95
2018-04-17,4383684.00,294083.00,3971.00,5604234.13,5038145.01,5578156.82,2119965.00,23.00,0.00,4085630.00,20604219.95
2018-04-18,4385903.00,275246.00,14021.00,5604234.13,5038145.01,5578156.82,2141390.00,23.00,10.00,4096636.00,20606438.95
2018-04-19,4385903.00,275246.00,13920.00,5604234.13,5038145.01,5578156.82,2141390.00,23.00,10.00,4096737.00,20606438.95
2018-04-20,4385903.00,275246.00,12020.00,5580907.64,5038145.01,5578156.82,2141390.00,23.00,10.00,4098637.00,20583112.47
2018-04-21,4385903.00,275246.00,12020.00,5580907.64,5038145.01,5578156.82,2141390.00,23.00,10.00,4098637.00,20583112.47
2018-04-22,4385903.00,275246.00,12020.00,5580907.64,5038145.01,5578156.82,2141390.00,23.00,10.00,4098637.00,20583112.47
2018-04-23,4385903.00,275246.00,10821.00,5580907.64,5038145.01,5578156.82,2141390.00,23.00,10.00,4099836.00,20583112.47
2018-04-24,4385903.00,275246.00,9532.00,5580907.64,5038145.01,5578156.82,2141390.00,23.00,10.00,4101125.00,20583112.47
2018-04-25,4372886.00,359599.00,3570.00,5580907.64,5038145.01,5578156.82,2052590.00,23.00,34.00,4009717.00,20570095.47
2018-04-26,4372886.00,359599.00,3795.00,5580907.64,5038145.01,5578156.82,2052590.00,23.00,34.00,4009492.00,20570095.47
2018-04-27,4372886.00,359599.00,2920.00,5514399.72,5038145.01,5578156.82,2052590.00,23.00,34.00,4010367.00,20503587.54
2018-04-28,4372886.00,359599.00,2920.00,5514399.72,5038145.01,5578156.82,2052590.00,23.00,34.00,4010367.00,20503587.54
2018-04-29,4372886.00,359599.00,2920.00,5514399.72,5038145.01,5578156.82,2052590.00,23.00,34.00,4010367.00,20503587.54
2018-04-30,4372886.00,359599.00,13830.00,5514399.72,5038145.01,5578156.82,2052590.00,23.00,34.00,3999457.00,20503587.54
2018-05-01,4372886.00,359599.00,3820.00,5514399.72,4930290.82,5578156.82,2052590.00,23.00,34.00,4009467.00,20395733.35
2018-05-02,4356129.00,399984.00,6520.00,5514399.72,4930290.82,5578156.82,1994584.00,23.00,160.00,3949625.00,20378976.35
2018-05-03,4356129.00,399984.00,5775.00,5514399.72,4930290.82,5578156.82,1994584.00,23.00,160.00,3950370.00,20378976.35
2018-05-04,4356129.00,399984.00,5415.00,5438492.95,4930290.82,5578156.82,1994584.00,23.00,160.00,3950730.00,20303069.59
2018-05-05,4356129.00,399984.00,5415.00,5438492.95,4930290.82,5578156.82,1994584.00,23.00,160.00,3950730.00,20303069.59
2018-05-06,4356129.00,399984.00,5415.00,5438492.95,4930290.82,5578156.82,1994584.00,23.00,160.00,3950730.00,20303069.59
2018-05-07,4356129.00,399984.00,3220.00,5438492.95,4930290.82,5578156.82,1994584.00,23.00,160.00,3952925.00,20303069.59
2018-05-08,4356129.00,399984.00,3921.00,5438492.95,4930290.82,5578156.82,1994584.00,23.00,160.00,3952224.00,20303069.59
2018-05-09,4358207.00,353741.00,2720.00,5438492.95,4930290.82,5578156.82,2025750.00,23.00,0.00,4001746.00,20305147.59
2018-05-10,4358207.00,353741.00,4645.00,5438492.95,4930290.82,5578156.82,2025750.00,23.00,0.00,3999821.00,20305147.59
2018-05-11,4358207.00,353741.00,3222.00,5452119.10,4930290.82,5578156.82,2025750.00,23.00,0.00,4001244.00,20318773.74
2018-05-12,4358207.00,353741.00,3222.00,5452119.10,4930290.82,5578156.82,2025750.00,23.00,0.00,4001244.00,20318773.74
2018-05-13,4358207.00,353741.00,3222.00,5452119.10,4930290.82,5578156.82,2025750.00,23.00,0.00,4001244.00,20318773.74
2018-05-14,4358207.00,353741.00,3859.00,5452119.10,4930290.82,5578156.82,2025750.00,23.00,0.00,4000607.00,20318773.74
2018-05-15,4358207.00,353741.00,2095.00,5452119.10,4930290.82,5578156.82,2025750.00,23.00,0.00,4002371.00,20318773.74
2018-05-16,4337609.00,337258.00,2545.00,5452119.10,4930290.82,5578156.82,2036270.00,23.00,9.00,3997806.00,20298175.74
2018-05-17,4337609.00,337258.00,1896.00,5452119.10,4930290.82,5578156.82,2036270.00,23.00,9.00,3998455.00,20298175.74
2018-05-18,4337609.00,337258.00,9120.00,5371256.92,4930290.82,5578156.82,2036270.00,23.00,9.00,3991231.00,20217313.56
2018-05-19,4337609.00,337258.00,9120.00,5371256.92,4930290.82,5578156.82,2036270.00,23.00,9.00,3991231.00,20217313.56
2018-05-20,4337609.00,337258.00,9120.00,5371256.92,4930290.82,5578156.82,2036270.00,23.00,9.00,3991231.00,20217313.56
2018-05-21,4337609.00,337258.00,5404.00,5371256.92,4930290.82,5578156.82,2036270.00,23.00,9.00,3994947.00,20217313.56
2018-05-22,4337609.00,337258.00,3951.00,5371256.92,4930290.82,5578156.82,2036270.00,23.00,9.00,3996400.00,20217313.56
2018-05-23,4337301.00,326445.00,2929.00,5371256.92,4930290.82,5578156.82,2021946.00,23.00,28.00,4007927.00,20217005.56
2018-05-24,4337301.00,326445.00,6620.00,5371256.92,4930290.82,5578156.82,2021946.00,23.00,28.00,4004236.00,20217005.56
2018-05-25,4337301.00,326445.00,20.00,5322788.66,4930290.82,5578156.82,2021946.00,23.00,28.00,4010836.00,20168537.30
2018-05-26,4337301.00,326445.00,20.00,5322788.66,4930290.82,5578156.82,2021946.00,23.00,28.00,4010836.00,20168537.30
2018-05-27,4337301.00,326445.00,20.00,5322788.66,4930290.82,5578156.82,2021946.00,23.00,28.00,4010836.00,20168537.30
2018-05-28,4337301.00,326445.00,20.00,5322788.66,4930290.82,5578156.82,2021946.00,23.00,28.00,4010836.00,20168537.30
2018-05-29,4337301.00,326445.00,880.00,5322788.66,4930290.82,5578156.82,2021946.00,23.00,28.00,4009976.00,20168537.30
2018-05-30,4327519.00,325351.00,3920.00,5322788.66,4930290.82,5578156.82,2019681.00,23.00,38.00,3998248.00,20158755.30
2018-05-31,4327519.00,325351.00,21475.00,5322788.66,4930290.82,5578156.82,2019681.00,23.00,38.00,3980693.00,20158755.30
2018-06-01,4327519.00,325351.00,12546.00,5334668.22,4904710.93,5578156.82,2019681.00,23.00,38.00,3989622.00,20145054.97
2018-06-02,4327519.00,325351.00,12546.00,5334668.22,4904710.93,5578156.82,2019681.00,23.00,38.00,3989622.00,20145054.97
2018-06-03,4327519.00,325351.00,12546.00,5334668.22,4904710.93,5578156.82,2019681.00,23.00,38.00,3989622.00,20145054.97
2018-06-04,4327519.00,325351.00,11166.00,5334668.22,4904710.93,5578156.82,2019681.00,23.00,38.00,3991002.00,20145054.97
2018-06-05,4327519.00,325351.00,6635.00,5334668.22,4904710.93,5578156.82,2019681.00,23.00,38.00,3995533.00,20145054.97
2018-06-06,4319191.00,294069.00,16772.00,5334668.22,4904710.93,5578156.82,2029579.00,23.00,16.00,4008350.00,20136726.97
2018-06-07,4319191.00,294069.00,5771.00,5334668.22,4904710.93,5578156.82,2029579.00,23.00,16.00,4019351.00,20136726.97
2018-06-08,4319191.00,294069.00,2771.00,5388754.04,4904710.93,5578156.82,2029579.00,23.00,16.00,4022351.00,20190812.79
2018-06-09,4319191.00,294069.00,2771.00,5388754.04,4904710.93,5578156.82,2029579.00,23.00,16.00,4022351.00,20190812.79
2018-06-10,4319191.00,294069.00,2771.00,5388754.04,4904710.93,5578156.82,2029579.00,23.00,16.00,4022351.00,20190812.79
2018-06-11,4319191.00,294069.00,4836.00,5388754.04,4904710.93,5578156.82,2029579.00,23.00,16.00,4020286.00,20190812.79
2018-06-12,4319191.00,294069.00,1308.00,5388754.04,4904710.93,5578156.82,2029579.00,23.00,16.00,4023814.00,20190812.79
2018-06-13,4324906.00,281188.00,3025.00,5388754.04,4904710.93,5578156.82,2057269.00,23.00,54.00,4040693.00,20196527.79
2018-06-14,4324906.00,281188.00,2935.00,5388754.04,4904710.93,5578156.82,2057269.00,23.00,54.00,4040783.00,20196527.79
2018-06-15,4324906.00,281188.00,270.00,5318344.94,4904710.93,5578156.82,2057269.00,23.00,54.00,4043448.00,20126118.70
2018-06-16,4324906.00,281188.00,270.00,5318344.94,4904710.93,5578156.82,2057269.00,23.00,54.00,4043448.00,20126118.70
2018-06-17,4324906.00,281188.00,270.00,5318344.94,4904710.93,5578156.82,2057269.00,23.00,54.00,4043448.00,20126118.70
2018-06-18,4324906.00,281188.00,370.00,5318344.94,4904710.93,5578156.82,2057269.00,23.00,54.00,4043348.00,20126118.70
2018-06-19,4324906.00,281188.00,195.00,5318344.94,4904710.93,5578156.82,2057269.00,23.00,54.00,4043523.00,20126118.70
2018-06-20,4315896.00,352777.00,320.00,5318344.94,4904710.93,5578156.82,1971983.00,23.00,21.00,3962799.00,20117108.70
2018-06-21,4315896.00,352777.00,1370.00,5318344.94,4904710.93,5578156.82,1971983.00,23.00,21.00,3961749.00,20117108.70
2018-06-22,4315896.00,352777.00,1430.00,5333019.07,4904710.93,5578156.82,1971983.00,23.00,21.00,3961689.00,20131782.82
2018-06-23,4315896.00,352777.00,1430.00,5333019.07,4904710.93,5578156.82,1971983.00,23.00,21.00,3961689.00,20131782.82
2018-06-24,4315896.00,352777.00,1430.00,5333019.07,4904710.93,5578156.82,1971983.00,23.00,21.00,3961689.00,20131782.82
2018-06-25,4315896.00,352777.00,12730.00,5333019.07,4904710.93,5578156.82,1971983.00,23.00,21.00,3950389.00,20131782.82
2018-06-26,4315896.00,352777.00,10385.00,5333019.07,4904710.93,5578156.82,1971983.00,23.00,21.00,3952734.00,20131782.82
2018-06-27,4305491.00,373940.00,20680.00,5333019.07,4904710.93,5578156.82,1940847.00,23.00,7.00,3910871.00,20121377.82
2018-06-28,4305491.00,373940.00,20419.00,5333019.07,4904710.93,5578156.82,1940847.00,23.00,7.00,3911132.00,20121377.82
2018-06-29,4305491.00,373940.00,96970.00,5362683.27,4904710.93,5578156.82,1940847.00,23.00,7.00,3834581.00,20151042.02
2018-06-30,4305491.00,373940.00,96970.00,5362683.27,4904710.93,5578156.82,1940847.00,23.00,7.00,3834581.00,20151042.02
2018-07-01,4305491.00,373940.00,96970.00,5362683.27,4934611.15,5578156.82,1940847.00,23.00,7.00,3834581.00,20180942.23
2018-07-02,4305491.00,373940.00,32139.00,5362683.27,4934611.15,5578156.82,1940847.00,23.00,7.00,3899412.00,20180942.23
2018-07-03,4305491.00,373940.00,4852.00,5362683.27,4934611.15,5578156.82,1940847.00,23.00,7.00,3926699.00,20180942.23
2018-07-04,4289764.00,336026.00,4852.00,5362683.27,4934611.15,5578156.82,1917987.00,23.00,5.00,3948886.00,20165215.23
2018-07-05,4289764.00,336026.00,8205.00,5362683.27,4934611.15,5578156.82,1917987.00,23.00,5.00,3945533.00,20165215.23
2018-07-06,4289764.00,336026.00,4195.00,5389191.64,4934611.15,5578156.82,1917987.00,23.00,5.00,3949543.00,20191723.61
2018-07-07,4289764.00,336026.00,4195.00,5389191.64,4934611.15,5578156.82,1917987.00,23.00,5.00,3949543.00,20191723.61
2018-07-08,4289764.00,336026.00,4195.00,5389191.64,4934611.15,5578156.82,1917987.00,23.00,5.00,3949543.00,20191723.61
2018-07-09,4289764.00,336026.00,3596.00,5389191.64,4934611.15,5578156.82,1917987.00,23.00,5.00,3950142.00,20191723.61
2018-07-10,4289764.00,336026.00,1955.00,5389191.64,4934611.15,5578156.82,1917987.00,23.00,5.00,3951783.00,20191723.61
2018-07-11,4291201.00,326476.00,1230.00,5389191.64,4934611.15,5578156.82,1958085.00,23.00,6.00,3963495.00,20193160.61
2018-07-12,4291201.00,326476.00,2455.00,5389191.64,4934611.15,5578156.82,1958085.00,23.00,6.00,3962270.00,20193160.61
2018-07-13,4291201.00,326476.00,871.00,5366653.16,4934611.15,5578156.82,1958085.00,23.00,6.00,3963854.00,20170622.13
2018-07-14,4291201.00,326476.00,871.00,5366653.16,4934611.15,5578156.82,1958085.00,23.00,6.00,3963854.00,20170622.13
2018-07-15,4291201.00,326476.00,871.00,5366653.16,4934611.15,5578156.82,1958085.00,23.00,6.00,3963854.00,20170622.13
2018-07-16,4291201.00,326476.00,870.00,5366653.16,4934611.15,5578156.82,1958085.00,23.00,6.00,3963855.00,20170622.13
2018-07-17,4291201.00,326476.00,1220.00,5366653.16,4934611.15,5578156.82,1958085.00,23.00,6.00,3963505.00,20170622.13
2018-07-18,4291615.00,324457.00,6021.00,5366653.16,4934611.15,5578156.82,1967119.00,23.00,13.00,3961137.00,20171036.13
2018-07-19,4291615.00,324457.00,3620.00,5366653.16,4934611.15,5578156.82,1967119.00,23.00,13.00,3963538.00,20171036.13
2018-07-20,4291615.00,324457.00,1170.00,5391538.68,4934611.15,5578156.82,1967119.00,23.00,13.00,3965988.00,20195921.65
2018-07-21,4291615.00,324457.00,1170.00,5391538.68,4934611.15,5578156.82,1967119.00,23.00,13.00,3965988.00,20195921.65
2018-07-22,4291615.00,324457.00,1170.00,5391538.68,4934611.15,5578156.82,1967119.00,23.00,13.00,3965988.00,20195921.65
2018-07-23,4291615.00,324457.00,2270.00,5391538.68,4934611.15,5578156.82,1967119.00,23.00,13.00,3964888.00,20195921.65
2018-07-24,4291615.00,324457.00,4895.00,5391538.68,4934611.15,5578156.82,1967119.00,23.00,13.00,3962263.00,20195921.65
2018-07-25,4277681.00,348886.00,720.00,5391538.68,4934611.15,5578156.82,1947119.00,23.00,2.00,3928075.00,20181987.65
2018-07-26,4277681.00,348886.00,1571.00,5391538.68,4934611.15,5578156.82,1947119.00,23.00,2.00,3927224.00,20181987.65
2018-07-27,4277681.00,348886.00,1470.00,5377599.00,4934611.15,5578156.82,1947119.00,23.00,2.00,3927325.00,20168047.96
2018-07-28,4277681.00,348886.00,1470.00,5377599.00,4934611.15,5578156.82,1947119.00,23.00,2.00,3927325.00,20168047.96
2018-07-29,4277681.00,348886.00,1470.00,5377599.00,4934611.15,5578156.82,1947119.00,23.00,2.00,3927325.00,20168047.96
2018-07-30,4277681.00,348886.00,1995.00,5377599.00,4934611.15,5578156.82,1947119.00,23.00,2.00,3926800.00,20168047.96
2018-07-31,4277681.00,348886.00,9045.00,5377599.00,4934611.15,5578156.82,1947119.00,23.00,2.00,3919750.00,20168047.96
2018-08-01,4255653.00,351523.00,795.00,5377599.00,4931402.61,5578156.82,1937548.00,23.00,3.00,3903335.00,20142811.43
2018-08-02,4255653.00,351523.00,1817.00,5377599.00,4931402.61,5578156.82,1937548.00,23.00,3.00,3902313.00,20142811.43
2018-08-03,4255653.00,351523.00,1673.00,5337238.60,4931402.61,5578156.82,1937548.00,23.00,3.00,3902457.00,20102451.04
2018-08-04,4255653.00,351523.00,1673.00,5337238.60,4931402.61,5578156.82,1937548.00,23.00,3.00,3902457.00,20102451.04
2018-08-05,4255653.00,351523.00,1673.00,5337238.60,4931402.61,5578156.82,1937548.00,23.00,3.00,3902457.00,20102451.04
2018-08-06,4255653.00,351523.00,2095.00,5337238.60,4931402.61,5578156.82,1937548.00,23.00,3.00,3902035.00,20102451.04
2018-08-07,4255653.00,351523.00,2337.00,5337238.60,4931402.61,5578156.82,1937548.00,23.00,3.00,3901793.00,20102451.04
2018-08-08,4258030.00,326471.00,1659.00,5337238.60,4931402.61,5578156.82,1951389.00,23.00,3.00,3929900.00,20104828.04
2018-08-09,4258030.00,326471.00,1745.00,5337238.60,4931402.61,5578156.82,1951389.00,23.00,3.00,3929814.00,20104828.04
2018-08-10,4258030.00,326471.00,2470.00,5252782.31,4931402.61,5578156.82,1951389.00,23.00,3.00,3929089.00,20020371.74
2018-08-11,4258030.00,326471.00,2470.00,5252782.31,4931402.61,5578156.82,1951389.00,23.00,3.00,3929089.00,20020371.74
2018-08-12,4258030.00,326471.00,2470.00,5252782.31,4931402.61,5578156.82,1951389.00,23.00,3.00,3929089.00,20020371.74
2018-08-13,4258030.00,326471.00,1383.00,5252782.31,4931402.61,5578156.82,1951389.00,23.00,3.00,3930176.00,20020371.74
2018-08-14,4258030.00,326471.00,685.00,5252782.31,4931402.61,5578156.82,1951389.00,23.00,3.00,3930874.00,20020371.74
2018-08-15,4228924.00,342799.00,315.00,5252782.31,4931402.61,5578156.82,1922547.00,23.00,7.00,3885810.00,19991265.74
2018-08-16,4228924.00,342799.00,532.00,5252782.31,4931402.61,5578156.82,1922547.00,23.00,7.00,3885593.00,19991265.74
2018-08-17,4228924.00,342799.00,4016.00,5264610.51,4931402.61,5578156.82,1922547.00,23.00,7.00,3882109.00,20003093.94
2018-08-18,4228924.00,342799.00,4016.00,5264610.51,4931402.61,5578156.82,1922547.00,23.00,7.00,3882109.00,20003093.94
2018-08-19,4228924.00,342799.00,4016.00,5264610.51,4931402.61,5578156.82,1922547.00,23.00,7.00,3882109.00,20003093.94
2018-08-20,4228924.00,342799.00,1646.00,5264610.51,4931402.61,5578156.82,1922547.00,23.00,7.00,3884479.00,20003093.94
2018-08-21,4228924.00,342799.00,1466.00,5264610.51,4931402.61,5578156.82,1922547.00,23.00,7.00,3884659.00,20003093.94
2018-08-22,4228818.00,348393.00,1126.00,5264610.51,4931402.61,5578156.82,1883254.00,23.00,10.00,3879299.00,20002987.94
2018-08-23,4228818.00,348393.00,2416.00,5264610.51,4931402.61,5578156.82,1883254.00,23.00,10.00,3878009.00,20002987.94
2018-08-24,4228818.00,348393.00,4665.00,5370095.51,4931402.61,5578156.82,1883254.00,23.00,10.00,3875760.00,20108472.95
2018-08-25,4228818.00,348393.00,4665.00,5370095.51,4931402.61,5578156.82,1883254.00,23.00,10.00,3875760.00,20108472.95
2018-08-26,4228818.00,348393.00,4665.00,5370095.51,4931402.61,5578156.82,1883254.00,23.00,10.00,3875760.00,20108472.95
2018-08-27,4228818.00,348393.00,996.00,5370095.51,4931402.61,5578156.82,1883254.00,23.00,10.00,3879429.00,20108472.95
2018-08-28,4228818.00,348393.00,1415.00,5370095.51,4931402.61,5578156.82,1883254.00,23.00,10.00,3879010.00,20108472.95
2018-08-29,4218914.00,342543.00,840.00,5370095.51,4931402.61,5578156.82,1883924.00,23.00,39.00,3875531.00,20098568.95
2018-08-30,4218914.00,342543.00,985.00,5370095.51,4931402.61,5578156.82,1883924.00,23.00,39.00,3875386.00,20098568.95
2018-08-31,4218914.00,342543.00,390.00,5358923.26,4931402.61,5578156.82,1883924.00,23.00,39.00,3875981.00,20087396.69
2018-09-01,4218914.00,342543.00,390.00,5358923.26,4916755.27,5578156.82,1883924.00,23.00,39.00,3875981.00,20072749.35
2018-09-02,4218914.00,342543.00,390.00,5358923.26,4916755.27,5578156.82,1883924.00,23.00,39.00,3875981.00,20072749.35
2018-09-03,4218914.00,342543.00,390.00,5358923.26,4916755.27,5578156.82,1883924.00,23.00,39.00,3875981.00,20072749.35
2018-09-04,4218914.00,342543.00,595.00,5358923.26,4916755.27,5578156.82,1883924.00,23.00,39.00,3875776.00,20072749.35
2018-09-05,4208496.00,323764.00,10.00,5358923.26,4916755.27,5578156.82,1895010.00,23.00,1.00,3884722.00,20062331.35
2018-09-06,4208496.00,323764.00,815.00,5358923.26,4916755.27,5578156.82,1895010.00,23.00,1.00,3883917.00,20062331.35
2018-09-07,4208496.00,323764.00,15.00,5362421.98,4916755.27,5578156.82,1895010.00,23.00,1.00,3884717.00,20065830.07
2018-09-08,4208496.00,323764.00,15.00,5362421.98,4916755.27,5578156.82,1895010.00,23.00,1.00,3884717.00,20065830.07
2018-09-09,4208496.00,323764.00,15.00,5362421.98,4916755.27,5578156.82,1895010.00,23.00,1.00,3884717.00,20065830.07
2018-09-10,4208496.00,323764.00,15.00,5362421.98,4916755.27,5578156.82,1895010.00,23.00,1.00,3884717.00,20065830.07
2018-09-11,4208496.00,323764.00,1241.00,5362421.98,4916755.27,5578156.82,1895010.00,23.00,1.00,3883491.00,20065830.07
2018-09-12,4210812.00,303654.00,1315.00,5362421.98,4916755.27,5578156.82,1920976.00,23.00,65.00,3905843.00,20068146.07
2018-09-13,4210812.00,303654.00,1791.00,5362421.98,4916755.27,5578156.82,1920976.00,23.00,65.00,3905367.00,20068146.07
2018-09-14,4210812.00,303654.00,1315.00,5407035.40,4916755.27,5578156.82,1920976.00,23.00,65.00,3905843.00,20112759.49
2018-09-15,4210812.00,303654.00,1315.00,5407035.40,4916755.27,5578156.82,1920976.00,23.00,65.00,3905843.00,20112759.49
2018-09-16,4210812.00,303654.00,1315.00,5407035.40,4916755.27,5578156.82,1920976.00,23.00,65.00,3905843.00,20112759.49
2018-09-17,4210812.00,303654.00,715.00,5407035.40,4916755.27,5578156.82,1920976.00,23.00,65.00,3906443.00,20112759.49
2018-09-18,4210812.00,303654.00,10115.00,5407035.40,4916755.27,5578156.82,1920976.00,23.00,65.00,3897043.00,20112759.49
2018-09-19,4208059.00,335878.00,8915.00,5407035.40,4916755.27,5578156.82,1879896.00,23.00,152.00,3863266.00,20110006.49
2018-09-20,4208059.00,335878.00,17868.00,5407035.40,4916755.27,5578156.82,1879896.00,23.00,152.00,3854313.00,20110006.49
2018-09-21,4208059.00,335878.00,17465.00,5453729.27,4916755.27,5578156.82,1879896.00,23.00,152.00,3854716.00,20156700.36
2018-09-22,4208059.00,335878.00,17465.00,5453729.27,4916755.27,5578156.82,1879896.00,23.00,152.00,3854716.00,20156700.36
2018-09-23,4208059.00,335878.00,17465.00,5453729.27,4916755.27,5578156.82,1879896.00,23.00,152.00,3854716.00,20156700.36
2018-09-24,4208059.00,335878.00,9340.00,5453729.27,4916755.27,5578156.82,1879896.00,23.00,152.00,3862841.00,20156700.36
2018-09-25,4208059.00,335878.00,3440.00,5453729.27,4916755.27,5578156.82,1879896.00,23.00,152.00,3868741.00,20156700.36
2018-09-26,4192909.00,370031.00,5625.00,5453729.27,4916755.27,5578156.82,1832500.00,23.00,64.00,3817253.00,20141550.36
2018-09-27,4192909.00,370031.00,30056.00,5453729.27,4916755.27,5578156.82,1832500.00,23.00,64.00,3792822.00,20141550.36
2018-09-28,4192909.00,370031.00,48430.00,5369122.26,4916755.27,5578156.82,1832500.00,23.00,64.00,3774448.00,20056943.35
2018-09-29,4192909.00,370031.00,48430.00,5369122.26,4916755.27,5578156.82,1832500.00,23.00,64.00,3774448.00,20056943.35
2018-09-30,4192909.00,370031.00,48430.00,5369122.26,4916755.27,5578156.82,1832500.00,23.00,64.00,3774448.00,20056943.35
2018-10-01,4192909.00,370031.00,4185.00,5369122.26,4842097.23,5578156.82,1832500.00,23.00,64.00,3818693.00,19982285.31
2018-10-02,4192909.00,370031.00,3295.00,5369122.26,4842097.23,5578156.82,1832500.00,23.00,64.00,3819583.00,19982285.31
2018-10-03,4174704.00,368007.00,2954.00,5369122.26,4842097.23,5578156.82,1801576.00,23.00,151.00,3803743.00,19964080.31
2018-10-04,4174704.00,368007.00,3265.00,5369122.26,4842097.23,5578156.82,1801576.00,23.00,151.00,3803432.00,19964080.31
2018-10-05,4174704.00,368007.00,1565.00,5319726.76,4842097.23,5578156.82,1801576.00,23.00,151.00,3805132.00,19914684.81
2018-10-06,4174704.00,368007.00,1565.00,5319726.76,4842097.23,5578156.82,1801576.00,23.00,151.00,3805132.00,19914684.81
2018-10-07,4174704.00,368007.00,1565.00,5319726.76,4842097.23,5578156.82,1801576.00,23.00,151.00,3805132.00,19914684.81
2018-10-08,4174704.00,368007.00,1565.00,5319726.76,4842097.23,5578156.82,1801576.00,23.00,151.00,3805132.00,19914684.81
2018-10-09,4174704.00,368007.00,2390.00,5319726.76,4842097.23,5578156.82,1801576.00,23.00,151.00,3804307.00,19914684.81
2018-10-10,4176906.00,324721.00,2390.00,5319726.76,4842097.23,5578156.82,1865065.00,23.00,13.00,3849795.00,19916886.81
2018-10-11,4176906.00,324721.00,2016.00,5319726.76,4842097.23,5578156.82,1865065.00,23.00,13.00,3850169.00,19916886.81
2018-10-12,4176906.00,324721.00,960.00,5355161.02,4842097.23,5578156.82,1865065.00,23.00,13.00,3851225.00,19952321.06
2018-10-13,4176906.00,324721.00,960.00,5355161.02,4842097.23,5578156.82,1865065.00,23.00,13.00,3851225.00,19952321.06
2018-10-14,4176906.00,324721.00,960.00,5355161.02,4842097.23,5578156.82,1865065.00,23.00,13.00,3851225.00,19952321.06
2018-10-15,4176906.00,324721.00,366.00,5355161.02,4842097.23,5578156.82,1865065.00,23.00,13.00,3851819.00,19952321.06
2018-10-16,4176906.00,324721.00,466.00,5355161.02,4842097.23,5578156.82,1865065.00,23.00,13.00,3851719.00,19952321.06
2018-10-17,4175446.00,332923.00,174.00,5355161.02,4842097.23,5578156.82,1853533.00,23.00,10.00,3842349.00,19950861.06
2018-10-18,4175446.00,332923.00,10290.00,5355161.02,4842097.23,5578156.82,1853533.00,23.00,10.00,3832233.00,19950861.06
2018-10-19,4175446.00,332923.00,3916.00,5328536.46,4842097.23,5578156.82,1853533.00,23.00,10.00,3838607.00,19924236.51
2018-10-20,4175446.00,332923.00,3916.00,5328536.46,4842097.23,5578156.82,1853533.00,23.00,10.00,3838607.00,19924236.51
2018-10-21,4175446.00,332923.00,3916.00,5328536.46,4842097.23,5578156.82,1853533.00,23.00,10.00,3838607.00,19924236.51
2018-10-22,4175446.00,332923.00,3189.00,5328536.46,4842097.23,5578156.82,1853533.00,23.00,10.00,3839334.00,19924236.51
2018-10-23,4175446.00,332923.00,4466.00,5328536.46,4842097.23,5578156.82,1853533.00,23.00,10.00,3838057.00,19924236.51
2018-10-24,4173070.00,369576.00,6444.00,5328536.46,4842097.23,5578156.82,1817608.00,23.00,48.00,3797050.00,19921860.51
2018-10-25,4173070.00,369576.00,1944.00,5328536.46,4842097.23,5578156.82,1817608.00,23.00,48.00,3801550.00,19921860.51
2018-10-26,4173070.00,369576.00,2004.00,5266713.13,4842097.23,5578156.82,1817608.00,23.00,48.00,3801490.00,19860037.18
2018-10-27,4173070.00,369576.00,2004.00,5266713.13,4842097.23,5578156.82,1817608.00,23.00,48.00,3801490.00,19860037.18
2018-10-28,4173070.00,369576.00,2004.00,5266713.13,4842097.23,5578156.82,1817608.00,23.00,48.00,3801490.00,19860037.18
2018-10-29,4173070.00,369576.00,1748.00,5266713.13,4842097.23,5578156.82,1817608.00,23.00,48.00,3801746.00,19860037.18
2018-10-30,4173070.00,369576.00,715.00,5266713.13,4842097.23,5578156.82,1817608.00,23.00,48.00,3802779.00,19860037.18
2018-10-31,4139731.00,373368.00,4815.00,5266713.13,4842097.23,5578156.82,1802252.00,23.00,61.00,3761548.00,19826698.18
2018-11-01,4139731.00,373368.00,4640.00,5266713.13,4925090.88,5578156.82,1802252.00,23.00,61.00,3761723.00,19909691.83
2018-11-02,4139731.00,373368.00,1510.00,5259097.06,4925090.88,5578156.82,1802252.00,23.00,61.00,3764853.00,19902075.76
2018-11-03,4139731.00,373368.00,1510.00,5259097.06,4925090.88,5578156.82,1802252.00,23.00,61.00,3764853.00,19902075.76
2018-11-04,4139731.00,373368.00,1510.00,5259097.06,4925090.88,5578156.82,1802252.00,23.00,61.00,3764853.00,19902075.76
2018-11-05,4139731.00,373368.00,1465.00,5259097.06,4925090.88,5578156.82,1802252.00,23.00,61.00,3764898.00,19902075.76
2018-11-06,4139731.00,373368.00,2540.00,5259097.06,4925090.88,5578156.82,1802252.00,23.00,61.00,3763823.00,19902075.76
2018-11-07,4141936.00,319984.00,1875.00,5259097.06,4925090.88,5578156.82,1826131.00,23.00,16.00,3820077.00,19904280.76
2018-11-08,4141936.00,319984.00,1166.00,5259097.06,4925090.88,5578156.82,1826131.00,23.00,16.00,3820786.00,19904280.76
2018-11-09,4141936.00,319984.00,401.00,5239196.42,4925090.88,5578156.82,1826131.00,23.00,16.00,3821551.00,19884380.11
2018-11-10,4141936.00,319984.00,401.00,5239196.42,4925090.88,5578156.82,1826131.00,23.00,16.00,3821551.00,19884380.11
2018-11-11,4141936.00,319984.00,401.00,5239196.42,4925090.88,5578156.82,1826131.00,23.00,16.00,3821551.00,19884380.11
2018-11-12,4141936.00,319984.00,401.00,5239196.42,4925090.88,5578156.82,1826131.00,23.00,16.00,3821551.00,19884380.11
2018-11-13,4141936.00,319984.00,1065.00,5239196.42,4925090.88,5578156.82,1826131.00,23.00,16.00,3820887.00,19884380.11
2018-11-14,4145892.00,341094.00,660.00,5239196.42,4925090.88,5578156.82,1801383.00,23.00,110.00,3804138.00,19888336.11
2018-11-15,4145892.00,341094.00,494.00,5239196.42,4925090.88,5578156.82,1801383.00,23.00,110.00,3804304.00,19888336.11
2018-11-16,4145892.00,341094.00,18565.00,5288593.08,4925090.88,5578156.82,1801383.00,23.00,110.00,3786233.00,19937732.78
2018-11-17,4145892.00,341094.00,18565.00,5288593.08,4925090.88,5578156.82,1801383.00,23.00,110.00,3786233.00,19937732.78
2018-11-18,4145892.00,341094.00,18565.00,5288593.08,4925090.88,5578156.82,1801383.00,23.00,110.00,3786233.00,19937732.78
2018-11-19,4145892.00,341094.00,16295.00,5288593.08,4925090.88,5578156.82,1801383.00,23.00,110.00,3788503.00,19937732.78
2018-11-20,4145892.00,341094.00,15235.00,5288593.08,4925090.88,5578156.82,1801383.00,23.00,110.00,3789563.00,19937732.78
2018-11-21,4106198.00,330202.00,16205.00,5288593.08,4925090.88,5578156.82,1757729.00,23.00,15.00,3759791.00,19898038.78
2018-11-22,4106198.00,330202.00,16205.00,5288593.08,4925090.88,5578156.82,1757729.00,23.00,15.00,3759791.00,19898038.78
2018-11-23,4106198.00,330202.00,13105.00,5265856.88,4925090.88,5578156.82,1757729.00,23.00,15.00,3762891.00,19875302.58
2018-11-24,4106198.00,330202.00,13105.00,5265856.88,4925090.88,5578156.82,1757729.00,23.00,15.00,3762891.00,19875302.58
2018-11-25,4106198.00,330202.00,13105.00,5265856.88,4925090.88,5578156.82,1757729.00,23.00,15.00,3762891.00,19875302.58
2018-11-26,4106198.00,330202.00,615.00,5265856.88,4925090.88,5578156.82,1757729.00,23.00,15.00,3775381.00,19875302.58
2018-11-27,4106198.00,330202.00,440.00,5265856.88,4925090.88,5578156.82,1757729.00,23.00,15.00,3775556.00,19875302.58
2018-11-28,4097170.00,340596.00,1464.00,5265856.88,4925090.88,5578156.82,1738659.00,23.00,4.00,3755110.00,19866274.58
2018-11-29,4097170.00,340596.00,1814.00,5265856.88,4925090.88,5578156.82,1738659.00,23.00,4.00,3754760.00,19866274.58
2018-11-30,4097170.00,340596.00,2490.00,5276856.56,4925090.88,5578156.82,1738659.00,23.00,4.00,3754084.00,19877274.25
2018-12-01,4097170.00,340596.00,2490.00,5276856.56,4862465.21,5578156.82,1738659.00,23.00,4.00,3754084.00,19814648.59
2018-12-02,4097170.00,340596.00,2490.00,5276856.56,4862465.21,5578156.82,1738659.00,23.00,4.00,3754084.00,19814648.59
2018-12-03,4097170.00,340596.00,2210.00,5276856.56,4862465.21,5578156.82,1738659.00,23.00,4.00,3754364.00,19814648.59
2018-12-04,4097170.00,340596.00,2210.00,5276856.56,4862465.21,5578156.82,1738659.00,23.00,4.00,3754364.00,19814648.59
2018-12-05,4086044.00,337564.00,2210.00,5276856.56,4862465.21,5578156.82,1738141.00,23.00,10.00,3746270.00,19803522.59
2018-12-06,4086044.00,337564.00,3360.00,5276856.56,4862465.21,5578156.82,1738141.00,23.00,10.00,3745120.00,19803522.59
2018-12-07,4086044.00,337564.00,5635.00,5311139.92,4862465.21,5578156.82,1738141.00,23.00,10.00,3742845.00,19837805.94
2018-12-08,4086044.00,337564.00,5635.00,5311139.92,4862465.21,5578156.82,1738141.00,23.00,10.00,3742845.00,19837805.94
2018-12-09,4086044.00,337564.00,5635.00,5311139.92,4862465.21,5578156.82,1738141.00,23.00,10.00,3742845.00,19837805.94
2018-12-10,4086044.00,337564.00,1424.00,5311139.92,4862465.21,5578156.82,1738141.00,23.00,10.00,3747056.00,19837805.94
2018-12-11,4086044.00,337564.00,352.00,5311139.92,4862465.21,5578156.82,1738141.00,23.00,10.00,3748128.00,19837805.94
2018-12-12,4088314.00,334967.00,461.00,5311139.92,4862465.21,5578156.82,1735539.00,23.00,9.00,3752886.00,19840075.94
2018-12-13,4088314.00,334967.00,415.00,5311139.92,4862465.21,5578156.82,1735539.00,23.00,9.00,3752932.00,19840075.94
2018-12-14,4088314.00,334967.00,315.00,5274971.08,4862465.21,5578156.82,1735539.00,23.00,9.00,3753032.00,19803907.11
2018-12-15,4088314.00,334967.00,315.00,5274971.08,4862465.21,5578156.82,1735539.00,23.00,9.00,3753032.00,19803907.11
2018-12-16,4088314.00,334967.00,315.00,5274971.08,4862465.21,5578156.82,1735539.00,23.00,9.00,3753032.00,19803907.11
2018-12-17,4088314.00,334967.00,415.00,5274971.08,4862465.21,5578156.82,1735539.00,23.00,9.00,3752932.00,19803907.11
2018-12-18,4088314.00,334967.00,6216.00,5274971.08,4862465.21,5578156.82,1735539.00,23.00,9.00,3747131.00,19803907.11
2018-12-19,4084274.00,350714.00,5982.00,5274971.08,4862465.21,5578156.82,1699138.00,23.00,18.00,3727578.00,19799867.11
2018-12-20,4084274.00,350714.00,9521.00,5274971.08,4862465.21,5578156.82,1699138.00,23.00,18.00,3724039.00,19799867.11
2018-12-21,4084274.00,350714.00,8805.00,5330342.64,4862465.21,5578156.82,1699138.00,23.00,18.00,3724755.00,19855238.67
2018-12-22,4084274.00,350714.00,8805.00,5330342.64,4862465.21,5578156.82,1699138.00,23.00,18.00,3724755.00,19855238.67
2018-12-23,4084274.00,350714.00,8805.00,5330342.64,4862465.21,5578156.82,1699138.00,23.00,18.00,3724755.00,19855238.67
2018-12-24,4084274.00,350714.00,7960.00,5330342.64,4862465.21,5578156.82,1699138.00,23.00,18.00,3725600.00,19855238.67
2018-12-25,4084274.00,350714.00,7960.00,5330342.64,4862465.21,5578156.82,1699138.00,23.00,18.00,3725600.00,19855238.67
2018-12-26,4075636.00,374085.00,1005.00,5330342.64,4862465.21,5578156.82,1661223.00,23.00,12.00,3700546.00,19846600.67
2018-12-27,4075636.00,374085.00,3100.00,5330342.64,4862465.21,5578156.82,1661223.00,23.00,12.00,3698451.00,19846600.67
2018-12-28,4075636.00,374085.00,3210.00,5343673.93,4862465.21,5578156.82,1661223.00,23.00,12.00,3698341.00,19859931.96
2018-12-29,4075636.00,374085.00,3210.00,5343673.93,4862465.21,5578156.82,1661223.00,23.00,12.00,3698341.00,19859931.96
2018-12-30,4075636.00,374085.00,3210.00,5343673.93,4862465.21,5578156.82,1661223.00,23.00,12.00,3698341.00,19859931.96
2018-12-31,4075636.00,374085.00,41848.00,5343673.93,4862465.21,5417672.90,1661223.00,23.00,12.00,3659703.00,19699448.04
2019-01-01,4075636.00,374085.00,41848.00,5343673.93,5076736.55,5417672.90,1661223.00,23.00,12.00,3659703.00,19913719.38
2019-01-02,4058378.00,379902.00,19481.00,5343673.93,5076736.55,5417672.90,1621856.00,23.00,5.00,3658995.00,19896461.38
2019-01-03,4058378.00,379902.00,7198.00,5343673.93,5076736.55,5417672.90,1621856.00,23.00,5.00,3671278.00,19896461.38
2019-01-04,4058378.00,379902.00,2860.00,5356197.44,5076736.55,5417672.90,1621856.00,23.00,5.00,3675616.00,19908984.89
2019-01-05,4058378.00,379902.00,2860.00,5356197.44,5076736.55,5417672.90,1621856.00,23.00,5.00,3675616.00,19908984.89
2019-01-06,4058378.00,379902.00,2860.00,5356197.44,5076736.55,5417672.90,1621856.00,23.00,5.00,3675616.00,19908984.89
2019-01-07,4058378.00,379902.00,2786.00,5356197.44,5076736.55,5417672.90,1621856.00,23.00,5.00,3675690.00,19908984.89
2019-01-08,4058378.00,379902.00,2811.00,5356197.44,5076736.55,5417672.90,1621856.00,23.00,5.00,3675665.00,19908984.89
2019-01-09,4056563.00,356698.00,2537.00,5356197.44,5076736.55,5417672.90,1650387.00,23.00,7.00,3697328.00,19907169.89
2019-01-10,4056563.00,356698.00,2216.00,5356197.44,5076736.55,5417672.90,1650387.00,23.00,7.00,3697649.00,19907169.89
2019-01-11,4056563.00,356698.00,2016.00,5399035.16,5076736.55,5417672.90,1650387.00,23.00,7.00,3697849.00,19950007.61
2019-01-12,4056563.00,356698.00,2016.00,5399035.16,5076736.55,5417672.90,1650387.00,23.00,7.00,3697849.00,19950007.61
2019-01-13,4056563.00,356698.00,2016.00,5399035.16,5076736.55,5417672.90,1650387.00,23.00,7.00,3697849.00,19950007.61
2019-01-14,4056563.00,356698.00,1205.00,5399035.16,5076736.55,5417672.90,1650387.00,23.00,7.00,3698660.00,19950007.61
2019-01-15,4056563.00,356698.00,2016.00,5399035.16,5076736.55,5417672.90,1650387.00,23.00,7.00,3697849.00,19950007.61
2019-01-16,4050044.00,351180.00,1316.00,5399035.16,5076736.55,5417672.90,1664138.00,23.00,12.00,3697548.00,19943488.61
2019-01-17,4050044.00,351180.00,2065.00,5399035.16,5076736.55,5417672.90,1664138.00,23.00,12.00,3696799.00,19943488.61
2019-01-18,4050044.00,351180.00,13165.00,5346898.12,5076736.55,5417672.90,1664138.00,23.00,12.00,3685699.00,19891351.57
2019-01-19,4050044.00,351180.00,13165.00,5346898.12,5076736.55,5417672.90,1664138.00,23.00,12.00,3685699.00,19891351.57
2019-01-20,4050044.00,351180.00,13165.00,5346898.12,5076736.55,5417672.90,1664138.00,23.00,12.00,3685699.00,19891351.57
2019-01-21,4050044.00,351180.00,13165.00,5346898.12,5076736.55,5417672.90,1664138.00,23.00,12.00,3685699.00,19891351.57
2019-01-22,4050044.00,351180.00,10465.00,5346898.12,5076736.55,5417672.90,1664138.00,23.00,12.00,3688399.00,19891351.57
2019-01-23,4047052.00,389626.00,11415.00,5346898.12,5076736.55,5417672.90,1621876.00,23.00,13.00,3646011.00,19888359.57
2019-01-24,4047052.00,389626.00,15060.00,5346898.12,5076736.55,5417672.90,1621876.00,23.00,13.00,3642366.00,19888359.57
2019-01-25,4047052.00,389626.00,1515.00,5371441.09,5076736.55,5417672.90,1621876.00,23.00,13.00,3655911.00,19912902.54
2019-01-26,4047052.00,389626.00,1515.00,5371441.09,5076736.55,5417672.90,1621876.00,23.00,13.00,3655911.00,19912902.54
2019-01-27,4047052.00,389626.00,1515.00,5371441.09,5076736.55,5417672.90,1621876.00,23.00,13.00,3655911.00,19912902.54
2019-01-28,4047052.00,389626.00,1265.00,5371441.09,5076736.55,5417672.90,1621876.00,23.00,13.00,3656161.00,19912902.54
2019-01-29,4047052.00,389626.00,1840.00,5371441.09,5076736.55,5417672.90,1621876.00,23.00,13.00,3655586.00,19912902.54
2019-01-30,4039678.00,403276.00,990.00,5371441.09,5076736.55,5417672.90,1617539.00,23.00,27.00,3635412.00,19905528.54
2019-01-31,4039678.00,403276.00,1051.00,5371441.09,5076736.55,5417672.90,1617539.00,23.00,27.00,3635351.00,19905528.54
2019-02-01,4039678.00,403276.00,665.00,5387622.44,5129403.93,5417672.90,1617539.00,23.00,27.00,3635737.00,19974377.26
2019-02-02,4039678.00,403276.00,665.00,5387622.44,5129403.93,5417672.90,1617539.00,23.00,27.00,3635737.00,19974377.26
2019-02-03,4039678.00,403276.00,665.00,5387622.44,5129403.93,5417672.90,1617539.00,23.00,27.00,3635737.00,19974377.26
2019-02-04,4039678.00,403276.00,4515.00,5387622.44,5129403.93,5417672.90,1617539.00,23.00,27.00,3631887.00,19974377.26
2019-02-05,4039678.00,403276.00,1686.00,5387622.44,5129403.93,5417672.90,1617539.00,23.00,27.00,3634716.00,19974377.26
2019-02-06,4026350.00,352375.00,1926.00,5387622.44,5129403.93,5417672.90,1648553.00,23.00,2.00,3672049.00,19961049.26
2019-02-07,4026350.00,352375.00,2320.00,5387622.44,5129403.93,5417672.90,1648553.00,23.00,2.00,3671655.00,19961049.26
2019-02-08,4026350.00,352375.00,2016.00,5319217.39,5129403.93,5417672.90,1648553.00,23.00,2.00,3671959.00,19892644.21
2019-02-09,4026350.00,352375.00,2016.00,5319217.39,5129403.93,5417672.90,1648553.00,23.00,2.00,3671959.00,19892644.21
2019-02-10,4026350.00,352375.00,2016.00,5319217.39,5129403.93,5417672.90,1648553.00,23.00,2.00,3671959.00,19892644.21
2019-02-11,4026350.00,352375.00,2006.00,5319217.39,5129403.93,5417672.90,1648553.00,23.00,2.00,3671969.00,19892644.21
2019-02-12,4026350.00,352375.00,1658.00,5319217.39,5129403.93,5417672.90,1648553.00,23.00,2.00,3672317.00,19892644.21
2019-02-13,4028431.00,359109.00,1697.00,5319217.39,5129403.93,5417672.90,1649973.00,23.00,3.00,3667625.00,19894725.21
2019-02-14,4028431.00,359109.00,1341.00,5319217.39,5129403.93,5417672.90,1649973.00,23.00,3.00,3667981.00,19894725.21
2019-02-15,4028431.00,359109.00,5271.00,5299100.39,5129403.93,5417672.90,1649973.00,23.00,3.00,3664051.00,19874608.21
2019-02-16,4028431.00,359109.00,5271.00,5299100.39,5129403.93,5417672.90,1649973.00,23.00,3.00,3664051.00,19874608.21
2019-02-17,4028431.00,359109.00,5271.00,5299100.39,5129403.93,5417672.90,1649973.00,23.00,3.00,3664051.00,19874608.21
2019-02-18,4028431.00,359109.00,5271.00,5299100.39,5129403.93,5417672.90,1649973.00,23.00,3.00,3664051.00,19874608.21
2019-02-19,4028431.00,359109.00,1967.00,5299100.39,5129403.93,5417672.90,1649973.00,23.00,3.00,3667355.00,19874608.21
2019-02-20,3981420.00,333896.00,2275.00,5299100.39,5129403.93,5417672.90,1632580.00,23.00,9.00,3645249.00,19827597.21
2019-02-21,3981420.00,333896.00,1725.00,5299100.39,5129403.93,5417672.90,1632580.00,23.00,9.00,3645799.00,19827597.21
2019-02-22,3981420.00,333896.00,6665.00,5321736.72,5129403.93,5417672.90,1632580.00,23.00,9.00,3640859.00,19850233.54
2019-02-23,3981420.00,333896.00,6665.00,5321736.72,5129403.93,5417672.90,1632580.00,23.00,9.00,3640859.00,19850233.54
2019-02-24,3981420.00,333896.00,6665.00,5321736.72,5129403.93,5417672.90,1632580.00,23.00,9.00,3640859.00,19850233.54
2019-02-25,3981420.00,333896.00,1375.00,5321736.72,5129403.93,5417672.90,1632580.00,23.00,9.00,3646149.00,19850233.54
2019-02-26,3981420.00,333896.00,1815.00,5321736.72,5129403.93,5417672.90,1632580.00,23.00,9.00,3645709.00,19850233.54
2019-02-27,3974590.00,310574.00,1915.00,5321736.72,5129403.93,5417672.90,1640750.00,23.00,3.00,3662101.00,19843403.54
2019-02-28,3974590.00,310574.00,3415.00,5321736.72,5129403.93,5417672.90,1640750.00,23.00,3.00,3660601.00,19843403.54
2019-03-01,3974590.00,310574.00,2015.00,5331133.74,4978320.67,5417672.90,1640750.00,23.00,3.00,3662001.00,19701717.31
2019-03-02,3974590.00,310574.00,2015.00,5331133.74,4978320.67,5417672.90,1640750.00,23.00,3.00,3662001.00,19701717.31
2019-03-03,3974590.00,310574.00,2015.00,5331133.74,4978320.67,5417672.90,1640750.00,23.00,3.00,3662001.00,19701717.31
2019-03-04,3974590.00,310574.00,2917.00,5331133.74,4978320.67,5417672.90,1640750.00,23.00,3.00,3661099.00,19701717.31
2019-03-05,3974590.00,310574.00,3119.00,5331133.74,4978320.67,5417672.90,1640750.00,23.00,3.00,3660897.00,19701717.31
2019-03-06,3969134.00,220045.00,2115.00,5331133.74,4978320.67,5417672.90,1721614.00,23.00,0.00,3746974.00,19696261.31
2019-03-07,3969134.00,220045.00,717.00,5331133.74,4978320.67,5417672.90,1721614.00,23.00,0.00,3748372.00,19696261.31
2019-03-08,3969134.00,220045.00,15.00,5274456.70,4978320.67,5417672.90,1721614.00,23.00,0.00,3749074.00,19639584.27
2019-03-09,3969134.00,220045.00,15.00,5274456.70,4978320.67,5417672.90,1721614.00,23.00,0.00,3749074.00,19639584.27
2019-03-10,3969134.00,220045.00,15.00,5274456.70,4978320.67,5417672.90,1721614.00,23.00,0.00,3749074.00,19639584.27
2019-03-11,3969134.00,220045.00,19.00,5274456.70,4978320.67,5417672.90,1721614.00,23.00,0.00,3749070.00,19639584.27
2019-03-12,3969134.00,220045.00,27.00,5274456.70,4978320.67,5417672.90,1721614.00,23.00,0.00,3749062.00,19639584.27
2019-03-13,3971559.00,245972.00,16.00,5274456.70,4978320.67,5417672.90,1703948.00,23.00,0.00,3725571.00,19642009.27
2019-03-14,3971559.00,245972.00,19.00,5274456.70,4978320.67,5417672.90,1703948.00,23.00,0.00,3725568.00,19642009.27
2019-03-15,3971559.00,245972.00,15.00,5301233.97,4978320.67,5417672.90,1703948.00,23.00,0.00,3725572.00,19668786.54
2019-03-16,3971559.00,245972.00,15.00,5301233.97,4978320.67,5417672.90,1703948.00,23.00,0.00,3725572.00,19668786.54
2019-03-17,3971559.00,245972.00,15.00,5301233.97,4978320.67,5417672.90,1703948.00,23.00,0.00,3725572.00,19668786.54
2019-03-18,3971559.00,245972.00,3169.00,5301233.97,4978320.67,5417672.90,1703948.00,23.00,0.00,3722418.00,19668786.54
2019-03-19,3971559.00,245972.00,2515.00,5301233.97,4978320.67,5417672.90,1703948.00,23.00,0.00,3723072.00,19668786.54
2019-03-20,3962748.00,303623.00,617.00,5301233.97,4978320.67,5417672.90,1629731.00,23.00,5.00,3658508.00,19659975.54
2019-03-21,3962748.00,303623.00,411.00,5301233.97,4978320.67,5417672.90,1629731.00,23.00,5.00,3658714.00,19659975.54
2019-03-22,3962748.00,303623.00,5016.00,5276573.35,4978320.67,5417672.90,1629731.00,23.00,5.00,3654109.00,19635314.92
2019-03-23,3962748.00,303623.00,5016.00,5276573.35,4978320.67,5417672.90,1629731.00,23.00,5.00,3654109.00,19635314.92
2019-03-24,3962748.00,303623.00,5016.00,5276573.35,4978320.67,5417672.90,1629731.00,23.00,5.00,3654109.00,19635314.92
2019-03-25,3962748.00,303623.00,129.00,5276573.35,4978320.67,5417672.90,1629731.00,23.00,5.00,3658996.00,19635314.92
2019-03-26,3962748.00,303623.00,566.00,5276573.35,4978320.67,5417672.90,1629731.00,23.00,5.00,3658559.00,19635314.92
2019-03-27,3955617.00,310868.00,166.00,5276573.35,4978320.67,5417672.90,1622282.00,23.00,21.00,3644583.00,19628183.92
2019-03-28,3955617.00,310868.00,515.00,5276573.35,4978320.67,5417672.90,1622282.00,23.00,21.00,3644234.00,19628183.92
2019-03-29,3955617.00,310868.00,731.00,5272427.40,4978320.67,5417672.90,1622282.00,23.00,21.00,3644018.00,19624037.97
2019-03-30,3955617.00,310868.00,731.00,5272427.40,4978320.67,5417672.90,1622282.00,23.00,21.00,3644018.00,19624037.97
2019-03-31,3955617.00,310868.00,731.00,5272427.40,4978320.67,5417672.90,1622282.00,23.00,21.00,3644018.00,19624037.97
2019-04-01,3955617.00,310868.00,11.00,5272427.40,5050190.49,5417672.90,1622282.00,23.00,21.00,3644738.00,19695907.79
2019-04-02,3955617.00,310868.00,19.00,5272427.40,5050190.49,5417672.90,1622282.00,23.00,21.00,3644730.00,19695907.79
2019-04-03,3935509.00,310188.00,16.00,5272427.40,5050190.49,5417672.90,1600398.00,23.00,3.00,3625305.00,19675799.79
2019-04-04,3935509.00,310188.00,615.00,5272427.40,5050190.49,5417672.90,1600398.00,23.00,3.00,3624706.00,19675799.79
2019-04-05,3935509.00,310188.00,15.00,5271546.56,5050190.49,5417672.90,1600398.00,23.00,3.00,3625306.00,19674918.95
2019-04-06,3935509.00,310188.00,15.00,5271546.56,5050190.49,5417672.90,1600398.00,23.00,3.00,3625306.00,19674918.95
2019-04-07,3935509.00,310188.00,15.00,5271546.56,5050190.49,5417672.90,1600398.00,23.00,3.00,3625306.00,19674918.95
2019-04-08,3935509.00,310188.00,284.00,5271546.56,5050190.49,5417672.90,1600398.00,23.00,3.00,3625037.00,19674918.95
2019-04-09,3935509.00,310188.00,410.00,5271546.56,5050190.49,5417672.90,1600398.00,23.00,3.00,3624911.00,19674918.95
2019-04-10,3936784.00,262617.00,2731.00,5271546.56,5050190.49,5417672.90,1634591.00,23.00,10.00,3671436.00,19676193.95
2019-04-11,3936784.00,262617.00,122.00,5271546.56,5050190.49,5417672.90,1634591.00,23.00,10.00,3674045.00,19676193.95
2019-04-12,3936784.00,262617.00,16.00,5314944.11,5050190.49,5417672.90,1634591.00,23.00,10.00,3674151.00,19719591.50
2019-04-13,3936784.00,262617.00,16.00,5314944.11,5050190.49,5417672.90,1634591.00,23.00,10.00,3674151.00,19719591.50
2019-04-14,3936784.00,262617.00,16.00,5314944.11,5050190.49,5417672.90,1634591.00,23.00,10.00,3674151.00,19719591.50
2019-04-15,3936784.00,262617.00,18.00,5314944.11,5050190.49,5417672.90,1634591.00,23.00,10.00,3674149.00,19719591.50
2019-04-16,3936784.00,262617.00,700.00,5314944.11,5050190.49,5417672.90,1634591.00,23.00,10.00,3673467.00,19719591.50
2019-04-17,3931827.00,285264.00,15.00,5314944.11,5050190.49,5417672.90,1604479.00,23.00,5.00,3646548.00,19714634.50
2019-04-18,3931827.00,285264.00,15.00,5314944.11,5050190.49,5417672.90,1604479.00,23.00,5.00,3646548.00,19714634.50
2019-04-19,3931827.00,285264.00,15.00,5294539.20,5050190.49,5417672.90,1604479.00,23.00,5.00,3646548.00,19694229.59
2019-04-20,3931827.00,285264.00,15.00,5294539.20,5050190.49,5417672.90,1604479.00,23.00,5.00,3646548.00,19694229.59
2019-04-21,3931827.00,285264.00,15.00,5294539.20,5050190.49,5417672.90,1604479.00,23.00,5.00,3646548.00,19694229.59
2019-04-22,3931827.00,285264.00,1117.00,5294539.20,5050190.49,5417672.90,1604479.00,23.00,5.00,3645446.00,19694229.59
2019-04-23,3931827.00,285264.00,5690.00,5294539.20,5050190.49,5417672.90,1604479.00,23.00,5.00,3640873.00,19694229.59
2019-04-24,3928273.00,378602.00,9515.00,5294539.20,5050190.49,5417672.90,1505430.00,23.00,14.00,3540156.00,19690675.59
2019-04-25,3928273.00,378602.00,610.00,5294539.20,5050190.49,5417672.90,1505430.00,23.00,14.00,3549061.00,19690675.59
2019-04-26,3928273.00,378602.00,915.00,5239720.89,5050190.49,5417672.90,1505430.00,23.00,14.00,3548756.00,19635857.28
2019-04-27,3928273.00,378602.00,915.00,5239720.89,5050190.49,5417672.90,1505430.00,23.00,14.00,3548756.00,19635857.28
2019-04-28,3928273.00,378602.00,915.00,5239720.89,5050190.49,5417672.90,1505430.00,23.00,14.00,3548756.00,19635857.28
2019-04-29,3928273.00,378602.00,615.00,5239720.89,5050190.49,5417672.90,1505430.00,23.00,14.00,3549056.00,19635857.28
2019-04-30,3928273.00,378602.00,15.00,5239720.89,5050190.49,5417672.90,1505430.00,23.00,14.00,3549656.00,19635857.28
2019-05-01,3889691.00,400498.00,27.00,5239720.89,5101245.73,5417672.90,1461419.00,23.00,0.00,3489166.00,19648330.51
2019-05-02,3889691.00,400498.00,23.00,5239720.89,5101245.73,5417672.90,1461419.00,23.00,0.00,3489170.00,19648330.51
2019-05-03,3889691.00,400498.00,10.00,5239430.67,5101245.73,5417672.90,1461419.00,23.00,0.00,3489183.00,19648040.30
2019-05-04,3889691.00,400498.00,10.00,5239430.67,5101245.73,5417672.90,1461419.00,23.00,0.00,3489183.00,19648040.30
2019-05-05,3889691.00,400498.00,10.00,5239430.67,5101245.73,5417672.90,1461419.00,23.00,0.00,3489183.00,19648040.30
2019-05-06,3889691.00,400498.00,67.00,5239430.67,5101245.73,5417672.90,1461419.00,23.00,0.00,3489126.00,19648040.30
2019-05-07,3889691.00,400498.00,961.00,5239430.67,5101245.73,5417672.90,1461419.00,23.00,0.00,3488232.00,19648040.30
2019-05-08,3892216.00,348357.00,21.00,5239430.67,5101245.73,5417672.90,1484975.00,23.00,30.00,3543838.00,19650565.30
2019-05-09,3892216.00,348357.00,516.00,5239430.67,5101245.73,5417672.90,1484975.00,23.00,30.00,3543343.00,19650565.30
2019-05-10,3892216.00,348357.00,271.00,5266832.29,5101245.73,5417672.90,1484975.00,23.00,30.00,3543588.00,19677966.91
2019-05-11,3892216.00,348357.00,271.00,5266832.29,5101245.73,5417672.90,1484975.00,23.00,30.00,3543588.00,19677966.91
2019-05-12,3892216.00,348357.00,271.00,5266832.29,5101245.73,5417672.90,1484975.00,23.00,30.00,3543588.00,19677966.91
2019-05-13,3892216.00,348357.00,111.00,5266832.29,5101245.73,5417672.90,1484975.00,23.00,30.00,3543748.00,19677966.91
2019-05-14,3892216.00,348357.00,1370.00,5266832.29,5101245.73,5417672.90,1484975.00,23.00,30.00,3542489.00,19677966.91
2019-05-15,3864749.00,323786.00,460.00,5266832.29,5101245.73,5417672.90,1509867.00,23.00,22.00,3540503.00,19650499.91
2019-05-16,3864749.00,323786.00,1750.00,5266832.29,5101245.73,5417672.90,1509867.00,23.00,22.00,3539213.00,19650499.91
2019-05-17,3864749.00,323786.00,9700.00,5231121.38,5101245.73,5417672.90,1509867.00,23.00,22.00,3531263.00,19614789.00
2019-05-18,3864749.00,323786.00,9700.00,5231121.38,5101245.73,5417672.90,1509867.00,23.00,22.00,3531263.00,19614789.00
2019-05-19,3864749.00,323786.00,9700.00,5231121.38,5101245.73,5417672.90,1509867.00,23.00,22.00,3531263.00,19614789.00
2019-05-20,3864749.00,323786.00,8105.00,5231121.38,5101245.73,5417672.90,1509867.00,23.00,22.00,3532858.00,19614789.00
2019-05-21,3864749.00,323786.00,3705.00,5231121.38,5101245.73,5417672.90,1509867.00,23.00,22.00,3537258.00,19614789.00
2019-05-22,3860435.00,282864.00,3751.00,5231121.38,5101245.73,5417672.90,1518157.00,23.00,1.00,3573820.00,19610475.00
2019-05-23,3860435.00,282864.00,4930.00,5231121.38,5101245.73,5417672.90,1518157.00,23.00,1.00,3572641.00,19610475.00
2019-05-24,3860435.00,282864.00,5956.00,5254322.14,5101245.73,5417672.90,1518157.00,23.00,1.00,3571615.00,19633675.76
2019-05-25,3860435.00,282864.00,5956.00,5254322.14,5101245.73,5417672.90,1518157.00,23.00,1.00,3571615.00,19633675.76
2019-05-26,3860435.00,282864.00,5956.00,5254322.14,5101245.73,5417672.90,1518157.00,23.00,1.00,3571615.00,19633675.76
2019-05-27,3860435.00,282864.00,5956.00,5254322.14,5101245.73,5417672.90,1518157.00,23.00,1.00,3571615.00,19633675.76
2019-05-28,3860435.00,282864.00,1520.00,5254322.14,5101245.73,5417672.90,1518157.00,23.00,1.00,3576051.00,19633675.76
2019-05-29,3851444.00,247777.00,2226.00,5254322.14,5101245.73,5417672.90,1544711.00,23.00,11.00,3601441.00,19624684.76
2019-05-30,3851444.00,247777.00,1026.00,5254322.14,5101245.73,5417672.90,1544711.00,23.00,11.00,3602641.00,19624684.76
2019-05-31,3851444.00,247777.00,855.00,5224377.92,5101245.73,5417672.90,1544711.00,23.00,11.00,3602812.00,19594740.54
2019-06-01,3851444.00,247777.00,855.00,5224377.92,5198476.90,5417672.90,1544711.00,23.00,11.00,3602812.00,19691971.72
2019-06-02,3851444.00,247777.00,855.00,5224377.92,5198476.90,5417672.90,1544711.00,23.00,11.00,3602812.00,19691971.72
2019-06-03,3851444.00,247777.00,1255.00,5224377.92,5198476.90,5417672.90,1544711.00,23.00,11.00,3602412.00,19691971.72
2019-06-04,3851444.00,247777.00,1891.00,5224377.92,5198476.90,5417672.90,1544711.00,23.00,11.00,3601776.00,19691971.72
2019-06-05,3847645.00,223638.00,2255.00,5224377.92,5198476.90,5417672.90,1537089.00,23.00,1.00,3621752.00,19688172.72
2019-06-06,3847645.00,223638.00,2210.00,5224377.92,5198476.90,5417672.90,1537089.00,23.00,1.00,3621797.00,19688172.72
2019-06-07,3847645.00,223638.00,1910.00,5311455.39,5198476.90,5417672.90,1537089.00,23.00,1.00,3622097.00,19775250.19
2019-06-08,3847645.00,223638.00,1910.00,5311455.39,5198476.90,5417672.90,1537089.00,23.00,1.00,3622097.00,19775250.19
2019-06-09,3847645.00,223638.00,1910.00,5311455.39,5198476.90,5417672.90,1537089.00,23.00,1.00,3622097.00,19775250.19
2019-06-10,3847645.00,223638.00,2105.00,5311455.39,5198476.90,5417672.90,1537089.00,23.00,1.00,3621902.00,19775250.19
2019-06-11,3847645.00,223638.00,1007.00,5311455.39,5198476.90,5417672.90,1537089.00,23.00,1.00,3623000.00,19775250.19
2019-06-12,3849955.00,187560.00,1705.00,5311455.39,5198476.90,5417672.90,1586963.00,23.00,5.00,3660690.00,19777560.19
2019-06-13,3849955.00,187560.00,1655.00,5311455.39,5198476.90,5417672.90,1586963.00,23.00,5.00,3660740.00,19777560.19
2019-06-14,3849955.00,187560.00,1657.00,5251071.42,5198476.90,5417672.90,1586963.00,23.00,5.00,3660738.00,19717176.21
2019-06-15,3849955.00,187560.00,1657.00,5251071.42,5198476.90,5417672.90,1586963.00,23.00,5.00,3660738.00,19717176.21
2019-06-16,3849955.00,187560.00,1657.00,5251071.42,5198476.90,5417672.90,1586963.00,23.00,5.00,3660738.00,19717176.21
2019-06-17,3849955.00,187560.00,2269.00,5251071.42,5198476.90,5417672.90,1586963.00,23.00,5.00,3660126.00,19717176.21
2019-06-18,3849955.00,187560.00,18006.00,5251071.42,5198476.90,5417672.90,1586963.00,23.00,5.00,3644389.00,19717176.21
2019-06-19,3844016.00,198398.00,22357.00,5251071.42,5198476.90,5417672.90,1567955.00,23.00,95.00,3623261.00,19711237.21
2019-06-20,3844016.00,198398.00,27430.00,5251071.42,5198476.90,5417672.90,1567955.00,23.00,95.00,3618188.00,19711237.21
2019-06-21,3844016.00,198398.00,21355.00,5304539.90,5198476.90,5417672.90,1567955.00,23.00,95.00,3624263.00,19764705.70
2019-06-22,3844016.00,198398.00,21355.00,5304539.90,5198476.90,5417672.90,1567955.00,23.00,95.00,3624263.00,19764705.70
2019-06-23,3844016.00,198398.00,21355.00,5304539.90,5198476.90,5417672.90,1567955.00,23.00,95.00,3624263.00,19764705.70
2019-06-24,3844016.00,198398.00,11156.00,5304539.90,5198476.90,5417672.90,1567955.00,23.00,95.00,3634462.00,19764705.70
2019-06-25,3844016.00,198398.00,6400.00,5304539.90,5198476.90,5417672.90,1567955.00,23.00,95.00,3639218.00,19764705.70
2019-06-26,3826817.00,248302.00,7784.00,5304539.90,5198476.90,5417672.90,1504737.00,23.00,102.00,3570731.00,19747506.70
2019-06-27,3826817.00,248302.00,16794.00,5304539.90,5198476.90,5417672.90,1504737.00,23.00,102.00,3561721.00,19747506.70
2019-06-28,3826817.00,248302.00,44307.00,5337379.16,5198476.90,5417672.90,1504737.00,23.00,102.00,3534208.00,19780345.96
2019-06-29,3826817.00,248302.00,44307.00,5337379.16,5198476.90,5417672.90,1504737.00,23.00,102.00,3534208.00,19780345.96
2019-06-30,3826817.00,248302.00,44307.00,5337379.16,5198476.90,5417672.90,1504737.00,23.00,102.00,3534208.00,19780345.96
2019-07-01,3826817.00,248302.00,15837.00,5337379.16,5241783.80,5417672.90,1504737.00,23.00,102.00,3562678.00,19823652.86
2019-07-02,3826817.00,248302.00,8160.00,5337379.16,5241783.80,5417672.90,1504737.00,23.00,102.00,3570355.00,19823652.86
2019-07-03,3813198.00,245306.00,6849.00,5337379.16,5241783.80,5417672.90,1456496.00,23.00,8.00,3561043.00,19810033.86
2019-07-04,3813198.00,245306.00,6849.00,5337379.16,5241783.80,5417672.90,1456496.00,23.00,8.00,3561043.00,19810033.86
2019-07-05,3813198.00,245306.00,6155.00,5246242.50,5241783.80,5417672.90,1456496.00,23.00,8.00,3561737.00,19718897.20
2019-07-06,3813198.00,245306.00,6155.00,5246242.50,5241783.80,5417672.90,1456496.00,23.00,8.00,3561737.00,19718897.20
2019-07-07,3813198.00,245306.00,6155.00,5246242.50,5241783.80,5417672.90,1456496.00,23.00,8.00,3561737.00,19718897.20
2019-07-08,3813198.00,245306.00,6500.00,5246242.50,5241783.80,5417672.90,1456496.00,23.00,8.00,3561392.00,19718897.20
2019-07-09,3813198.00,245306.00,6576.00,5246242.50,5241783.80,5417672.90,1456496.00,23.00,8.00,3561316.00,19718897.20
2019-07-10,3815038.00,211115.00,6252.00,5246242.50,5241783.80,5417672.90,1499806.00,23.00,10.00,3597671.00,19720737.20
2019-07-11,3815038.00,211115.00,4950.00,5246242.50,5241783.80,5417672.90,1499806.00,23.00,10.00,3598973.00,19720737.20
2019-07-12,3815038.00,211115.00,5150.00,5271796.75,5241783.80,5417672.90,1499806.00,23.00,10.00,3598773.00,19746291.45
2019-07-13,3815038.00,211115.00,5150.00,5271796.75,5241783.80,5417672.90,1499806.00,23.00,10.00,3598773.00,19746291.45
2019-07-14,3815038.00,211115.00,5150.00,5271796.75,5241783.80,5417672.90,1499806.00,23.00,10.00,3598773.00,19746291.45
2019-07-15,3815038.00,211115.00,5557.00,5271796.75,5241783.80,5417672.90,1499806.00,23.00,10.00,3598366.00,19746291.45
2019-07-16,3815038.00,211115.00,3007.00,5271796.75,5241783.80,5417672.90,1499806.00,23.00,10.00,3600916.00,19746291.45
2019-07-17,3808110.00,197005.00,1960.00,5271796.75,5241783.80,5417672.90,1515664.00,23.00,6.00,3609145.00,19739363.45
2019-07-18,3808110.00,197005.00,16662.00,5271796.75,5241783.80,5417672.90,1515664.00,23.00,6.00,3594443.00,19739363.45
2019-07-19,3808110.00,197005.00,14255.00,5260140.20,5241783.80,5417672.90,1515664.00,23.00,6.00,3596850.00,19727706.90
2019-07-20,3808110.00,197005.00,14255.00,5260140.20,5241783.80,5417672.90,1515664.00,23.00,6.00,3596850.00,19727706.90
2019-07-21,3808110.00,197005.00,14255.00,5260140.20,5241783.80,5417672.90,1515664.00,23.00,6.00,3596850.00,19727706.90
2019-07-22,3808110.00,197005.00,14160.00,5260140.20,5241783.80,5417672.90,1515664.00,23.00,6.00,3596945.00,19727706.90
2019-07-23,3808110.00,197005.00,14755.00,5260140.20,5241783.80,5417672.90,1515664.00,23.00,6.00,3596350.00,19727706.90
2019-07-24,3803436.00,193362.00,8255.00,5260140.20,5241783.80,5417672.90,1518322.00,23.00,2.00,3601819.00,19723032.90
2019-07-25,3803436.00,193362.00,3355.00,5260140.20,5241783.80,5417672.90,1518322.00,23.00,2.00,3606719.00,19723032.90
2019-07-26,3803436.00,193362.00,3250.00,5210984.76,5241783.80,5417672.90,1518322.00,23.00,2.00,3606824.00,19673877.46
2019-07-27,3803436.00,193362.00,3250.00,5210984.76,5241783.80,5417672.90,1518322.00,23.00,2.00,3606824.00,19673877.46
2019-07-28,3803436.00,193362.00,3250.00,5210984.76,5241783.80,5417672.90,1518322.00,23.00,2.00,3606824.00,19673877.46
2019-07-29,3803436.00,193362.00,3928.00,5210984.76,5241783.80,5417672.90,1518322.00,23.00,2.00,3606146.00,19673877.46
2019-07-30,3803436.00,193362.00,2306.00,5210984.76,5241783.80,5417672.90,1518322.00,23.00,2.00,3607768.00,19673877.46
2019-07-31,3779102.00,163763.00,7367.00,5210984.76,5241783.80,5417672.90,1534523.00,23.00,6.00,3607972.00,19649543.46
2019-08-01,3779102.00,163763.00,6044.00,5210984.76,5289242.70,5417672.90,1534523.00,23.00,6.00,3609295.00,19697002.36
2019-08-02,3779102.00,163763.00,3335.00,5199504.82,5289242.70,5417672.90,1534523.00,23.00,6.00,3612004.00,19685522.42
2019-08-03,3779102.00,163763.00,3335.00,5199504.82,5289242.70,5417672.90,1534523.00,23.00,6.00,3612004.00,19685522.42
2019-08-04,3779102.00,163763.00,3335.00,5199504.82,5289242.70,5417672.90,1534523.00,23.00,6.00,3612004.00,19685522.42
2019-08-05,3779102.00,163763.00,3474.00,5199504.82,5289242.70,5417672.90,1534523.00,23.00,6.00,3611865.00,19685522.42
2019-08-06,3779102.00,163763.00,3410.00,5199504.82,5289242.70,5417672.90,1534523.00,23.00,6.00,3611929.00,19685522.42
2019-08-07,3781543.00,131704.00,3622.00,5199504.82,5289242.70,5417672.90,1539244.00,23.00,3.00,3646217.00,19687963.42
2019-08-08,3781543.00,131704.00,3056.00,5199504.82,5289242.70,5417672.90,1539244.00,23.00,3.00,3646783.00,19687963.42
2019-08-09,3781543.00,131704.00,2720.00,5249372.17,5289242.70,5417672.90,1539244.00,23.00,3.00,3647119.00,19737830.77
2019-08-10,3781543.00,131704.00,2720.00,5249372.17,5289242.70,5417672.90,1539244.00,23.00,3.00,3647119.00,19737830.77
2019-08-11,3781543.00,131704.00,2720.00,5249372.17,5289242.70,5417672.90,1539244.00,23.00,3.00,3647119.00,19737830.77
2019-08-12,3781543.00,131704.00,5430.00,5249372.17,5289242.70,5417672.90,1539244.00,23.00,3.00,3644409.00,19737830.77
2019-08-13,3781543.00,131704.00,5001.00,5249372.17,5289242.70,5417672.90,1539244.00,23.00,3.00,3644838.00,19737830.77
2019-08-14,3786018.00,129957.00,2744.00,5249372.17,5289242.70,5417672.90,1550406.00,23.00,0.00,3653317.00,19742305.77
2019-08-15,3786018.00,129957.00,3510.00,5249372.17,5289242.70,5417672.90,1550406.00,23.00,0.00,3652551.00,19742305.77
2019-08-16,3786018.00,129957.00,11843.00,5186237.00,5289242.70,5417672.90,1550406.00,23.00,0.00,3644218.00,19679170.60
2019-08-17,3786018.00,129957.00,11843.00,5186237.00,5289242.70,5417672.90,1550406.00,23.00,0.00,3644218.00,19679170.60
2019-08-18,3786018.00,129957.00,11843.00,5186237.00,5289242.70,5417672.90,1550406.00,23.00,0.00,3644218.00,19679170.60
2019-08-19,3786018.00,129957.00,13403.00,5186237.00,5289242.70,5417672.90,1550406.00,23.00,0.00,3642658.00,19679170.60
2019-08-20,3786018.00,129957.00,15980.00,5186237.00,5289242.70,5417672.90,1550406.00,23.00,0.00,3640081.00,19679170.60
2019-08-21,3764866.00,125725.00,15153.00,5186237.00,5289242.70,5417672.90,1516045.00,23.00,75.00,3623988.00,19658018.60
2019-08-22,3764866.00,125725.00,14611.00,5186237.00,5289242.70,5417672.90,1516045.00,23.00,75.00,3624530.00,19658018.60
2019-08-23,3764866.00,125725.00,9046.00,5218379.91,5289242.70,5417672.90,1516045.00,23.00,75.00,3630095.00,19690161.52
2019-08-24,3764866.00,125725.00,9046.00,5218379.91,5289242.70,5417672.90,1516045.00,23.00,75.00,3630095.00,19690161.52
2019-08-25,3764866.00,125725.00,9046.00,5218379.91,5289242.70,5417672.90,1516045.00,23.00,75.00,3630095.00,19690161.52
2019-08-26,3764866.00,125725.00,3676.00,5218379.91,5289242.70,5417672.90,1516045.00,23.00,75.00,3635465.00,19690161.52
2019-08-27,3764866.00,125725.00,1555.00,5218379.91,5289242.70,5417672.90,1516045.00,23.00,75.00,3637586.00,19690161.52
2019-08-28,3759946.00,145957.00,4255.00,5218379.91,5289242.70,5417672.90,1498680.00,23.00,5.00,3609734.00,19685241.52
2019-08-29,3759946.00,145957.00,102.00,5218379.91,5289242.70,5417672.90,1498680.00,23.00,5.00,3613887.00,19685241.52
2019-08-30,3759946.00,145957.00,12089.00,5146933.31,5289242.70,5417672.90,1498680.00,23.00,5.00,3601900.00,19613794.92
2019-08-31,3759946.00,145957.00,12089.00,5146933.31,5289242.70,5417672.90,1498680.00,23.00,5.00,3601900.00,19613794.92
2019-09-01,3759946.00,145957.00,12089.00,5146933.31,5360325.49,5417672.90,1498680.00,23.00,5.00,3601900.00,19684877.71
2019-09-02,3759946.00,145957.00,12089.00,5146933.31,5360325.49,5417672.90,1498680.00,23.00,5.00,3601900.00,19684877.71
2019-09-03,3759946.00,145957.00,1754.00,5146933.31,5360325.49,5417672.90,1498680.00,23.00,5.00,3612235.00,19684877.71
2019-09-04,3761508.00,148740.00,1425.00,5146933.31,5360325.49,5417672.90,1487555.00,23.00,1.00,3611343.00,19686439.71
2019-09-05,3761508.00,148740.00,1075.00,5146933.31,5360325.49,5417672.90,1487555.00,23.00,1.00,3611693.00,19686439.71
2019-09-06,3761508.00,148740.00,880.00,5169463.58,5360325.49,5417672.90,1487555.00,23.00,1.00,3611888.00,19708969.97
2019-09-07,3761508.00,148740.00,880.00,5169463.58,5360325.49,5417672.90,1487555.00,23.00,1.00,3611888.00,19708969.97
2019-09-08,3761508.00,148740.00,880.00,5169463.58,5360325.49,5417672.90,1487555.00,23.00,1.00,3611888.00,19708969.97
2019-09-09,3761508.00,148740.00,2787.00,5169463.58,5360325.49,5417672.90,1487555.00,23.00,1.00,3609981.00,19708969.97
2019-09-10,3761508.00,148740.00,3608.00,5169463.58,5360325.49,5417672.90,1487555.00,23.00,1.00,3609160.00,19708969.97
2019-09-11,3769673.00,185342.00,3612.00,5169463.58,5360325.49,5417672.90,1456796.00,23.00,2.00,3580719.00,19717134.97
2019-09-12,3769673.00,185342.00,3469.00,5169463.58,5360325.49,5417672.90,1456796.00,23.00,2.00,3580862.00,19717134.97
2019-09-13,3769673.00,185342.00,2675.00,5176655.36,5360325.49,5417672.90,1456796.00,23.00,2.00,3581656.00,19724326.75
2019-09-14,3769673.00,185342.00,2675.00,5176655.36,5360325.49,5417672.90,1456796.00,23.00,2.00,3581656.00,19724326.75
2019-09-15,3769673.00,185342.00,2675.00,5176655.36,5360325.49,5417672.90,1456796.00,23.00,2.00,3581656.00,19724326.75
2019-09-16,3769673.00,185342.00,2202.00,5176655.36,5360325.49,5417672.90,1456796.00,23.00,2.00,3582129.00,19724326.75
2019-09-17,3769673.00,185342.00,1825.00,5176655.36,5360325.49,5417672.90,1456796.00,40850.00,2.00,3582506.00,19724326.75
2019-09-18,3844695.00,250226.00,18910.00,5176655.36,5360325.49,5417672.90,1394122.00,51550.00,4.00,3575559.00,19799348.75
2019-09-19,3844695.00,250226.00,5004.00,5176655.36,5360325.49,5417672.90,1394122.00,55843.00,4.00,3589465.00,19799348.75
2019-09-20,3844695.00,250226.00,7552.00,5131140.99,5360325.49,5417672.90,1394122.00,59150.00,4.00,3586917.00,19753834.38
2019-09-21,3844695.00,250226.00,7552.00,5131140.99,5360325.49,5417672.90,1394122.00,59150.00,4.00,3586917.00,19753834.38
2019-09-22,3844695.00,250226.00,7552.00,5131140.99,5360325.49,5417672.90,1394122.00,59150.00,4.00,3586917.00,19753834.38
2019-09-23,3844695.00,250226.00,7485.00,5131140.99,5360325.49,5417672.90,1394122.00,49700.00,4.00,3586984.00,19753834.38
2019-09-24,3844695.00,250226.00,101.00,5131140.99,5360325.49,5417672.90,1394122.00,58750.00,4.00,3594368.00,19753834.38
2019-09-25,3857715.00,314189.00,133.00,5131140.99,5360325.49,5417672.90,1400171.00,44350.00,4.00,3543393.00,19766854.38
2019-09-26,3857715.00,314189.00,5180.00,5131140.99,5360325.49,5417672.90,1400171.00,34550.00,4.00,3538346.00,19766854.38
2019-09-27,3857715.00,314189.00,5330.00,5075013.40,5360325.49,5417672.90,1400171.00,14450.00,4.00,3538196.00,19710726.79
2019-09-28,3857715.00,314189.00,5330.00,5075013.40,5360325.49,5417672.90,1400171.00,14450.00,4.00,3538196.00,19710726.79
2019-09-29,3857715.00,314189.00,5330.00,5075013.40,5360325.49,5417672.90,1400171.00,14450.00,4.00,3538196.00,19710726.79
2019-09-30,3857715.00,314189.00,7057.00,5075013.40,5360325.49,5417672.90,1400171.00,49750.00,4.00,3536469.00,19710726.79
2019-10-01,3857715.00,314189.00,2706.00,5075013.40,5345127.21,5417672.90,1400171.00,50000.00,4.00,3540820.00,19695528.50
2019-10-02,3945831.00,335171.00,3054.00,5075013.40,5345127.21,5417672.90,1469200.00,35000.00,31.00,3607606.00,19783644.50
2019-10-03,3945831.00,335171.00,3297.00,5075013.40,5345127.21,5417672.90,1469200.00,28000.00,31.00,3607363.00,19783644.50
2019-10-04,3945831.00,335171.00,5325.00,5152414.81,5345127.21,5417672.90,1469200.00,29500.00,31.00,3605335.00,19861045.91
2019-10-05,3945831.00,335171.00,5325.00,5152414.81,5345127.21,5417672.90,1469200.00,29500.00,31.00,3605335.00,19861045.91
2019-10-06,3945831.00,335171.00,5325.00,5152414.81,5345127.21,5417672.90,1469200.00,29500.00,31.00,3605335.00,19861045.91
2019-10-07,3945831.00,335171.00,5650.00,5152414.81,5345127.21,5417672.90,1469200.00,36000.00,31.00,3605010.00,19861045.91
2019-10-08,3945831.00,335171.00,3976.00,5152414.81,5345127.21,5417672.90,1469200.00,31750.00,31.00,3606684.00,19861045.91
2019-10-09,3949955.00,318191.00,1469.00,5152414.81,5345127.21,5417672.90,1506455.00,26250.00,1.00,3630295.00,19865169.91
2019-10-10,3949955.00,318191.00,1100.00,5152414.81,5345127.21,5417672.90,1506455.00,37600.00,1.00,3630664.00,19865169.91
2019-10-11,3949955.00,318191.00,2950.00,5179785.81,5345127.21,5417672.90,1506455.00,58350.00,1.00,3628814.00,19892540.92
2019-10-12,3949955.00,318191.00,2950.00,5179785.81,5345127.21,5417672.90,1506455.00,58350.00,1.00,3628814.00,19892540.92
2019-10-13,3949955.00,318191.00,2950.00,5179785.81,5345127.21,5417672.90,1506455.00,58350.00,1.00,3628814.00,19892540.92
2019-10-14,3949955.00,318191.00,2950.00,5179785.81,5345127.21,5417672.90,1506455.00,58350.00,1.00,3628814.00,19892540.92
2019-10-15,3949955.00,318191.00,1726.00,5179785.81,5345127.21,5417672.90,1506455.00,59950.00,1.00,3630038.00,19892540.92
2019-10-16,3966471.00,324604.00,1803.00,5179785.81,5345127.21,5417672.90,1480368.00,72592.00,0.00,3640064.00,19909056.92
2019-10-17,3966471.00,324604.00,1001.00,5179785.81,5345127.21,5417672.90,1480368.00,67700.00,0.00,3640866.00,19909056.92
2019-10-18,3966471.00,324604.00,20100.00,5228476.78,5345127.21,5417672.90,1480368.00,47950.00,0.00,3621767.00,19957747.88
2019-10-19,3966471.00,324604.00,20100.00,5228476.78,5345127.21,5417672.90,1480368.00,47950.00,0.00,3621767.00,19957747.88
2019-10-20,3966471.00,324604.00,20100.00,5228476.78,5345127.21,5417672.90,1480368.00,47950.00,0.00,3621767.00,19957747.88
2019-10-21,3966471.00,324604.00,18758.00,5228476.78,5345127.21,5417672.90,1480368.00,50950.00,0.00,3623109.00,19957747.88
2019-10-22,3966471.00,324604.00,20700.00,5228476.78,5345127.21,5417672.90,1480368.00,54404.00,0.00,3621167.00,19957747.88
2019-10-23,3968700.00,377985.00,18290.00,5228476.78,5345127.21,5417672.90,1449043.00,42254.00,5.00,3572425.00,19959976.88
2019-10-24,3968700.00,377985.00,425.00,5228476.78,5345127.21,5417672.90,1449043.00,71154.00,5.00,3590290.00,19959976.88
2019-10-25,3968700.00,377985.00,5.00,5186877.59,5345127.21,5417672.90,1449043.00,67593.00,5.00,3590710.00,19918377.69
2019-10-26,3968700.00,377985.00,5.00,5186877.59,5345127.21,5417672.90,1449043.00,67593.00,5.00,3590710.00,19918377.69
2019-10-27,3968700.00,377985.00,5.00,5186877.59,5345127.21,5417672.90,1449043.00,67593.00,5.00,3590710.00,19918377.69
2019-10-28,3968700.00,377985.00,36.00,5186877.59,5345127.21,5417672.90,1449043.00,66833.00,5.00,3590679.00,19918377.69
2019-10-29,3968700.00,377985.00,81.00,5186877.59,5345127.21,5417672.90,1449043.00,50483.00,5.00,3590634.00,19918377.69
2019-10-30,4019823.00,389872.00,196.00,5186877.59,5345127.21,5417672.90,1483702.00,49600.00,28.00,3629755.00,19969500.69
2019-10-31,4019823.00,389872.00,2851.00,5186877.59,5345127.21,5417672.90,1483702.00,55283.00,28.00,3627100.00,19969500.69
2019-11-01,4019823.00,389872.00,2100.00,5222912.56,5348855.40,5417672.90,1483702.00,61383.00,28.00,3627851.00,20009263.86
2019-11-02,4019823.00,389872.00,2100.00,5222912.56,5348855.40,5417672.90,1483702.00,61383.00,28.00,3627851.00,20009263.86
2019-11-03,4019823.00,389872.00,2100.00,5222912.56,5348855.40,5417672.90,1483702.00,61383.00,28.00,3627851.00,20009263.86
2019-11-04,4019823.00,389872.00,3085.00,5222912.56,5348855.40,5417672.90,1483702.00,66833.00,28.00,3626866.00,20009263.86
2019-11-05,4019823.00,389872.00,1836.00,5222912.56,5348855.40,5417672.90,1483702.00,63293.00,28.00,3628115.00,20009263.86
2019-11-06,4039443.00,377029.00,1650.00,5222912.56,5348855.40,5417672.90,1523939.00,55042.00,2.00,3660764.00,20028883.86
2019-11-07,4039443.00,377029.00,1055.00,5222912.56,5348855.40,5417672.90,1523939.00,71342.00,2.00,3661359.00,20028883.86
2019-11-08,4039443.00,377029.00,805.00,5161448.36,5348855.40,5417672.90,1523939.00,63543.00,2.00,3661609.00,19967419.65
2019-11-09,4039443.00,377029.00,805.00,5161448.36,5348855.40,5417672.90,1523939.00,63543.00,2.00,3661609.00,19967419.65
2019-11-10,4039443.00,377029.00,805.00,5161448.36,5348855.40,5417672.90,1523939.00,63543.00,2.00,3661609.00,19967419.65
2019-11-11,4039443.00,377029.00,805.00,5161448.36,5348855.40,5417672.90,1523939.00,63543.00,2.00,3661609.00,19967419.65
2019-11-12,4039443.00,377029.00,1301.00,5161448.36,5348855.40,5417672.90,1523939.00,65693.00,2.00,3661113.00,19967419.65
2019-11-13,4047882.00,381955.00,1762.00,5161448.36,5348855.40,5417672.90,1532316.00,67843.00,16.00,3664165.00,19975858.65
2019-11-14,4047882.00,381955.00,1867.00,5161448.36,5348855.40,5417672.90,1532316.00,62043.00,16.00,3664060.00,19975858.65
2019-11-15,4047882.00,381955.00,2.00,5182693.73,5348855.40,5417672.90,1532316.00,61043.00,16.00,3665925.00,19997104.02
2019-11-16,4047882.00,381955.00,2.00,5182693.73,5348855.40,5417672.90,1532316.00,61043.00,16.00,3665925.00,19997104.02
2019-11-17,4047882.00,381955.00,2.00,5182693.73,5348855.40,5417672.90,1532316.00,61043.00,16.00,3665925.00,19997104.02
2019-11-18,4047882.00,381955.00,27055.00,5182693.73,5348855.40,5417672.90,1532316.00,55543.00,16.00,3638872.00,19997104.02
2019-11-19,4047882.00,381955.00,26726.00,5182693.73,5348855.40,5417672.90,1532316.00,66500.00,16.00,3639201.00,19997104.02
2019-11-20,4030249.00,368813.00,26026.00,5182693.73,5348855.40,5417672.90,1518759.00,63600.00,7.00,3635410.00,19979471.02
2019-11-21,4030249.00,368813.00,25719.00,5182693.73,5348855.40,5417672.90,1518759.00,60500.00,7.00,3635717.00,19979471.02
2019-11-22,4030249.00,368813.00,375.00,5179804.04,5348855.40,5417672.90,1518759.00,64400.00,7.00,3661061.00,19976581.34
2019-11-23,4030249.00,368813.00,375.00,5179804.04,5348855.40,5417672.90,1518759.00,64400.00,7.00,3661061.00,19976581.34
2019-11-24,4030249.00,368813.00,375.00,5179804.04,5348855.40,5417672.90,1518759.00,64400.00,7.00,3661061.00,19976581.34
2019-11-25,4030249.00,368813.00,0.00,5179804.04,5348855.40,5417672.90,1518759.00,55500.00,7.00,3661436.00,19976581.34
2019-11-26,4030249.00,368813.00,2205.00,5179804.04,5348855.40,5417672.90,1518759.00,56250.00,7.00,3659231.00,19976581.34
2019-11-27,4052875.00,360941.00,506.00,5179804.04,5348855.40,5417672.90,1526697.00,64750.00,20.00,3691428.00,19999207.34
2019-11-28,4052875.00,360941.00,506.00,5179804.04,5348855.40,5417672.90,1526697.00,64750.00,20.00,3691428.00,19999207.34
2019-11-29,4052875.00,360941.00,750.00,5177046.85,5348855.40,5417672.90,1526697.00,61550.00,20.00,3691184.00,19996450.15
2019-11-30,4052875.00,360941.00,750.00,5177046.85,5348855.40,5417672.90,1526697.00,61550.00,20.00,3691184.00,19996450.15
2019-12-01,4052875.00,360941.00,750.00,5177046.85,5234795.83,5417672.90,1526697.00,61550.00,20.00,3691184.00,19882390.58
2019-12-02,4052875.00,360941.00,15.00,5177046.85,5234795.83,5417672.90,1526697.00,52950.00,20.00,3691919.00,19882390.58
2019-12-03,4052875.00,360941.00,151.00,5177046.85,5234795.83,5417672.90,1526697.00,65500.00,20.00,3691783.00,19882390.58
2019-12-04,4065696.00,346971.00,0.00,5177046.85,5234795.83,5417672.90,1573261.00,54900.00,1.00,3718725.00,19895211.58
2019-12-05,4065696.00,346971.00,1.00,5177046.85,5234795.83,5417672.90,1573261.00,61250.00,1.00,3718724.00,19895211.58
2019-12-06,4065696.00,346971.00,1000.00,5204697.36,5234795.83,5417672.90,1573261.00,56100.00,1.00,3717725.00,19922862.09
2019-12-07,4065696.00,346971.00,1000.00,5204697.36,5234795.83,5417672.90,1573261.00,56100.00,1.00,3717725.00,19922862.09
2019-12-08,4065696.00,346971.00,1000.00,5204697.36,5234795.83,5417672.90,1573261.00,56100.00,1.00,3717725.00,19922862.09
2019-12-09,4065696.00,346971.00,115.00,5204697.36,5234795.83,5417672.90,1573261.00,40350.00,1.00,3718610.00,19922862.09
2019-12-10,4065696.00,346971.00,1.00,5204697.36,5234795.83,5417672.90,1573261.00,27350.00,1.00,3718724.00,19922862.09
2019-12-11,4095491.00,326865.00,605.00,5204697.36,5234795.83,5417672.90,1638657.00,25350.00,10.00,3768021.00,19952657.09
2019-12-12,4095491.00,326865.00,600.00,5204697.36,5234795.83,5417672.90,1638657.00,37350.00,10.00,3768026.00,19952657.09
2019-12-13,4095491.00,326865.00,0.00,5245258.47,5234795.83,5417672.90,1638657.00,35350.00,10.00,3768626.00,19993218.20
2019-12-14,4095491.00,326865.00,0.00,5245258.47,5234795.83,5417672.90,1638657.00,35350.00,10.00,3768626.00,19993218.20
2019-12-15,4095491.00,326865.00,0.00,5245258.47,5234795.83,5417672.90,1638657.00,35350.00,10.00,3768626.00,19993218.20
2019-12-16,4095491.00,326865.00,1328.00,5245258.47,5234795.83,5417672.90,1638657.00,23500.00,10.00,3767298.00,19993218.20
2019-12-17,4095491.00,326865.00,826.00,5245258.47,5234795.83,5417672.90,1638657.00,28900.00,10.00,3767800.00,19993218.20
2019-12-18,4137052.00,332592.00,13362.00,5245258.47,5234795.83,5417672.90,1660249.00,17274.00,39.00,3791098.00,20034779.20
2019-12-19,4137052.00,332592.00,8936.00,5245258.47,5234795.83,5417672.90,1660249.00,15750.00,39.00,3795524.00,20034779.20
2019-12-20,4137052.00,332592.00,13051.00,5186438.90,5234795.83,5417672.90,1660249.00,16750.00,39.00,3791409.00,19975959.63
2019-12-21,4137052.00,332592.00,13051.00,5186438.90,5234795.83,5417672.90,1660249.00,16750.00,39.00,3791409.00,19975959.63
2019-12-22,4137052.00,332592.00,13051.00,5186438.90,5234795.83,5417672.90,1660249.00,16750.00,39.00,3791409.00,19975959.63
2019-12-23,4137052.00,332592.00,7652.00,5186438.90,5234795.83,5417672.90,1660249.00,11250.00,39.00,3796808.00,19975959.63
2019-12-24,4137052.00,332592.00,4423.00,5186438.90,5234795.83,5417672.90,1660249.00,9500.00,39.00,3800037.00,19975959.63
2019-12-25,4165591.00,367820.00,4423.00,5186438.90,5234795.83,5417672.90,1651927.00,9500.00,1.00,3793348.00,20004498.63
2019-12-26,4165591.00,367820.00,3192.00,5186438.90,5234795.83,5417672.90,1651927.00,13000.00,1.00,3794579.00,20004498.63
2019-12-27,4165591.00,367820.00,825.00,5242838.57,5234795.83,5417672.90,1651927.00,15000.00,1.00,3796946.00,20060898.30
2019-12-28,4165591.00,367820.00,825.00,5242838.57,5234795.83,5417672.90,1651927.00,15000.00,1.00,3796946.00,20060898.30
2019-12-29,4165591.00,367820.00,825.00,5242838.57,5234795.83,5417672.90,1651927.00,15000.00,1.00,3796946.00,20060898.30
2019-12-30,4165591.00,367820.00,6525.00,5242838.57,5234795.83,5417672.90,1651927.00,15500.00,1.00,3791246.00,20060898.30
2019-12-31,4165591.00,367820.00,64087.00,5242838.57,5234795.83,5330955.83,1651927.00,15250.00,1.00,3733684.00,19974181.23
2020-01-01,4173626.00,382553.00,64087.00,5242838.57,5321939.82,5330955.83,1615846.00,15250.00,32.00,3726986.00,20069360.21
2020-01-02,4173626.00,382553.00,3100.00,5242838.57,5321939.82,5330955.83,1615846.00,15250.00,32.00,3787973.00,20069360.21
2020-01-03,4173626.00,382553.00,4251.00,5211128.54,5321939.82,5330955.83,1615846.00,31300.00,32.00,3786822.00,20037650.19
2020-01-04,4173626.00,382553.00,4251.00,5211128.54,5321939.82,5330955.83,1615846.00,31300.00,32.00,3786822.00,20037650.19
2020-01-05,4173626.00,382553.00,4251.00,5211128.54,5321939.82,5330955.83,1615846.00,31300.00,32.00,3786822.00,20037650.19
2020-01-06,4173626.00,382553.00,3825.00,5211128.54,5321939.82,5330955.83,1615846.00,44900.00,32.00,3787248.00,20037650.19
2020-01-07,4173626.00,382553.00,1602.00,5211128.54,5321939.82,5330955.83,1615846.00,41500.00,32.00,3789471.00,20037650.19
2020-01-08,4149544.00,367002.00,876.00,5211128.54,5321939.82,5330955.83,1654086.00,30550.00,0.00,3781666.00,20013568.19
2020-01-09,4149544.00,367002.00,401.00,5211128.54,5321939.82,5330955.83,1654086.00,24200.00,0.00,3782141.00,20013568.19
2020-01-10,4149544.00,367002.00,627.00,5176752.89,5321939.82,5330955.83,1654086.00,23000.00,0.00,3781915.00,19979192.53
2020-01-11,4149544.00,367002.00,627.00,5176752.89,5321939.82,5330955.83,1654086.00,23000.00,0.00,3781915.00,19979192.53
2020-01-12,4149544.00,367002.00,627.00,5176752.89,5321939.82,5330955.83,1654086.00,23000.00,0.00,3781915.00,19979192.53
2020-01-13,4149544.00,367002.00,1000.00,5176752.89,5321939.82,5330955.83,1654086.00,30500.00,0.00,3781542.00,19979192.53
2020-01-14,4149544.00,367002.00,656.00,5176752.89,5321939.82,5330955.83,1654086.00,22500.00,0.00,3781886.00,19979192.53
2020-01-15,4175850.00,350987.00,675.00,5176752.89,5321939.82,5330955.83,1686801.00,26500.00,9.00,3824188.00,20005498.53
2020-01-16,4175850.00,350987.00,300.00,5176752.89,5321939.82,5330955.83,1686801.00,18300.00,9.00,3824563.00,20005498.53
2020-01-17,4175850.00,350987.00,16150.00,5169715.16,5321939.82,5330955.83,1686801.00,10880.00,9.00,3808713.00,19998460.81
2020-01-18,4175850.00,350987.00,16150.00,5169715.16,5321939.82,5330955.83,1686801.00,10880.00,9.00,3808713.00,19998460.81
2020-01-19,4175850.00,350987.00,16150.00,5169715.16,5321939.82,5330955.83,1686801.00,10880.00,9.00,3808713.00,19998460.81
2020-01-20,4175850.00,350987.00,16150.00,5169715.16,5321939.82,5330955.83,1686801.00,10880.00,9.00,3808713.00,19998460.81
2020-01-21,4175850.00,350987.00,13381.00,5169715.16,5321939.82,5330955.83,1686801.00,24750.00,9.00,3811482.00,19998460.81
2020-01-22,4145912.00,403941.00,15604.00,5169715.16,5321939.82,5330955.83,1621689.00,31450.00,0.00,3726367.00,19968522.81
2020-01-23,4145912.00,403941.00,12904.00,5169715.16,5321939.82,5330955.83,1621689.00,22550.00,0.00,3729067.00,19968522.81
2020-01-24,4145912.00,403941.00,0.00,5153959.26,5321939.82,5330955.83,1621689.00,28500.00,0.00,3741971.00,19952766.91
2020-01-25,4145912.00,403941.00,0.00,5153959.26,5321939.82,5330955.83,1621689.00,28500.00,0.00,3741971.00,19952766.91
2020-01-26,4145912.00,403941.00,0.00,5153959.26,5321939.82,5330955.83,1621689.00,28500.00,0.00,3741971.00,19952766.91
2020-01-27,4145912.00,403941.00,2.00,5153959.26,5321939.82,5330955.83,1621689.00,26500.00,0.00,3741969.00,19952766.91
2020-01-28,4145912.00,403941.00,2.00,5153959.26,5321939.82,5330955.83,1621689.00,37150.00,0.00,3741969.00,19952766.91
2020-01-29,4151630.00,432061.00,300.00,5153959.26,5321939.82,5330955.83,1616342.00,32475.00,34.00,3719269.00,19958484.91
2020-01-30,4151630.00,432061.00,4140.00,5153959.26,5321939.82,5330955.83,1616342.00,28175.00,34.00,3715429.00,19958484.91
2020-01-31,4151630.00,432061.00,4500.00,5176806.69,5321939.82,5330955.83,1616342.00,28202.00,34.00,3715069.00,19981332.34
2020-02-01,4151630.00,432061.00,4500.00,5176806.69,5390975.12,5330955.83,1616342.00,28202.00,34.00,3715069.00,20050367.64
2020-02-02,4151630.00,432061.00,4500.00,5176806.69,5390975.12,5330955.83,1616342.00,28202.00,34.00,3715069.00,20050367.64
2020-02-03,4151630.00,432061.00,6160.00,5176806.69,5390975.12,5330955.83,1616342.00,38300.00,34.00,3713409.00,20050367.64
2020-02-04,4151630.00,432061.00,2112.00,5176806.69,5390975.12,5330955.83,1616342.00,32350.00,34.00,3717457.00,20050367.64
2020-02-05,4166707.00,413322.00,4112.00,5176806.69,5390975.12,5330955.83,1645016.00,24300.00,0.00,3749273.00,20065444.64
2020-02-06,4166707.00,413322.00,403.00,5176806.69,5390975.12,5330955.83,1645016.00,20900.00,0.00,3752982.00,20065444.64
2020-02-07,4166707.00,413322.00,1100.00,5112445.50,5390975.12,5330955.83,1645016.00,18350.00,0.00,3752285.00,20001083.44
2020-02-08,4166707.00,413322.00,1100.00,5112445.50,5390975.12,5330955.83,1645016.00,18350.00,0.00,3752285.00,20001083.44
2020-02-09,4166707.00,413322.00,1100.00,5112445.50,5390975.12,5330955.83,1645016.00,18350.00,0.00,3752285.00,20001083.44
2020-02-10,4166707.00,413322.00,830.00,5112445.50,5390975.12,5330955.83,1645016.00,17250.00,0.00,3752555.00,20001083.44
2020-02-11,4166707.00,413322.00,228.00,5112445.50,5390975.12,5330955.83,1645016.00,12315.00,0.00,3753157.00,20001083.44
2020-02-12,4182689.00,411237.00,309.00,5112445.50,5390975.12,5330955.83,1675566.00,12300.00,0.00,3771143.00,20017065.44
2020-02-13,4182689.00,411237.00,450.00,5112445.50,5390975.12,5330955.83,1675566.00,17950.00,0.00,3771002.00,20017065.44
2020-02-14,4182689.00,411237.00,0.00,5072355.01,5390975.12,5330955.83,1675566.00,23350.00,0.00,3771452.00,19976974.96
2020-02-15,4182689.00,411237.00,0.00,5072355.01,5390975.12,5330955.83,1675566.00,23350.00,0.00,3771452.00,19976974.96
2020-02-16,4182689.00,411237.00,0.00,5072355.01,5390975.12,5330955.83,1675566.00,23350.00,0.00,3771452.00,19976974.96
2020-02-17,4182689.00,411237.00,0.00,5072355.01,5390975.12,5330955.83,1675566.00,23350.00,0.00,3771452.00,19976974.96
2020-02-18,4182689.00,411237.00,9454.00,5072355.01,5390975.12,5330955.83,1675566.00,27500.00,0.00,3761998.00,19976974.96
2020-02-19,4171570.00,428805.00,95.00,5072355.01,5390975.12,5330955.83,1654118.00,25500.00,5.00,3742670.00,19965855.96
2020-02-20,4171570.00,428805.00,3600.00,5072355.01,5390975.12,5330955.83,1654118.00,20650.00,5.00,3739165.00,19965855.96
2020-02-21,4171570.00,428805.00,4532.00,5089150.74,5390975.12,5330955.83,1654118.00,16350.00,5.00,3738233.00,19982651.68
2020-02-22,4171570.00,428805.00,4532.00,5089150.74,5390975.12,5330955.83,1654118.00,16350.00,5.00,3738233.00,19982651.68
2020-02-23,4171570.00,428805.00,4532.00,5089150.74,5390975.12,5330955.83,1654118.00,16350.00,5.00,3738233.00,19982651.68
2020-02-24,4171570.00,428805.00,592.00,5089150.74,5390975.12,5330955.83,1654118.00,17850.00,5.00,3742173.00,19982651.68
2020-02-25,4171570.00,428805.00,111.00,5089150.74,5390975.12,5330955.83,1654118.00,24510.00,5.00,3742654.00,19982651.68
2020-02-26,4158637.00,439365.00,2300.00,5089150.74,5390975.12,5330955.83,1626469.00,17090.00,13.00,3716972.00,19969718.68
2020-02-27,4158637.00,439365.00,275.00,5089150.74,5390975.12,5330955.83,1626469.00,12540.00,13.00,3718997.00,19969718.68
2020-02-28,4158637.00,439365.00,2187.00,5161506.39,5390975.12,5330955.83,1626469.00,8190.00,13.00,3717085.00,20042074.33
2020-02-29,4158637.00,439365.00,2187.00,5161506.39,5390975.12,5330955.83,1626469.00,8190.00,13.00,3717085.00,20042074.33
2020-03-01,4158637.00,439365.00,2187.00,5161506.39,5590867.55,5330955.83,1626469.00,8190.00,13.00,3717085.00,20241966.77
2020-03-02,4158637.00,439365.00,2525.00,5161506.39,5590867.55,5330955.83,1626469.00,28140.00,13.00,3716747.00,20241966.77
2020-03-03,4158637.00,439365.00,627.00,5161506.39,5590867.55,5330955.83,1626469.00,69558.00,13.00,3718645.00,20241966.77
2020-03-04,4241507.00,374515.00,5025.00,5161506.39,5590867.55,5330955.83,1698855.00,80777.00,1.00,3861967.00,20324836.77
2020-03-05,4241507.00,374515.00,850.00,5161506.39,5590867.55,5330955.83,1698855.00,68107.00,1.00,3866142.00,20324836.77
2020-03-06,4241507.00,374515.00,2930.00,5322436.03,5590867.55,5330955.83,1698855.00,65257.00,1.00,3864062.00,20485766.41
2020-03-07,4241507.00,374515.00,2930.00,5322436.03,5590867.55,5330955.83,1698855.00,65257.00,1.00,3864062.00,20485766.41
2020-03-08,4241507.00,374515.00,2930.00,5322436.03,5590867.55,5330955.83,1698855.00,65257.00,1.00,3864062.00,20485766.41
2020-03-09,4241507.00,374515.00,2504.00,5322436.03,5590867.55,5330955.83,1698855.00,73982.00,1.00,3864488.00,20485766.41
2020-03-10,4241507.00,374515.00,151.00,5322436.03,5590867.55,5330955.83,1698855.00,95225.00,1.00,3866841.00,20485766.41
2020-03-11,4311911.00,380556.00,1325.00,5322436.03,5590867.55,5330955.83,1744525.00,94875.00,11.00,3930030.00,20556170.41
2020-03-12,4311911.00,380556.00,21050.00,5322436.03,5590867.55,5330955.83,1744525.00,73250.00,11.00,3910305.00,20556170.41
2020-03-13,4311911.00,380556.00,15100.00,5205710.88,5590867.55,5330955.83,1744525.00,22750.00,11.00,3916255.00,20439445.26
2020-03-14,4311911.00,380556.00,15100.00,5205710.88,5590867.55,5330955.83,1744525.00,22750.00,11.00,3916255.00,20439445.26
2020-03-15,4311911.00,380556.00,15100.00,5205710.88,5590867.55,5330955.83,1744525.00,22750.00,11.00,3916255.00,20439445.26
2020-03-16,4311911.00,380556.00,1425.00,5205710.88,5590867.55,5330955.83,1744525.00,100800.00,11.00,3929930.00,20439445.26
2020-03-17,4311911.00,380556.00,5700.00,5205710.88,5590867.55,5330955.83,1744525.00,90150.00,11.00,3925655.00,20439445.26
2020-03-18,4668212.00,362576.00,477.00,5205710.88,5590867.55,5330955.83,1895588.00,52025.00,28224.00,4305159.00,20795746.26
2020-03-19,4668212.00,362576.00,1195.00,5205710.88,5590867.55,5330955.83,1895588.00,28740.00,28224.00,4304441.00,20795746.26
2020-03-20,4668212.00,362576.00,12203.00,5263306.61,5590867.55,5330955.83,1895588.00,3550.00,28224.00,4293433.00,20853341.99
2020-03-21,4668212.00,362576.00,12203.00,5263306.61,5590867.55,5330955.83,1895588.00,3550.00,28224.00,4293433.00,20853341.99
2020-03-22,4668212.00,362576.00,12203.00,5263306.61,5590867.55,5330955.83,1895588.00,3550.00,28224.00,4293433.00,20853341.99
2020-03-23,4668212.00,362576.00,26944.00,5263306.61,5590867.55,5330955.83,1895588.00,11500.00,28224.00,4278692.00,20853341.99
2020-03-24,4668212.00,362576.00,41516.00,5263306.61,5590867.55,5330955.83,1895588.00,10500.00,28224.00,4264120.00,20853341.99
2020-03-25,5254278.00,390252.00,97411.00,5263306.61,5590867.55,5330955.83,2186971.00,0.00,50768.00,4766615.00,21439407.99
2020-03-26,5254278.00,390252.00,138480.00,5263306.61,5590867.55,5330955.83,2186971.00,12000.00,50768.00,4725546.00,21439407.99
2020-03-27,5254278.00,390252.00,210794.00,5598825.55,5590867.55,5330955.83,2186971.00,6500.00,50768.00,4653232.00,21774926.94
2020-03-28,5254278.00,390252.00,210794.00,5598825.55,5590867.55,5330955.83,2186971.00,6500.00,50768.00,4653232.00,21774926.94
2020-03-29,5254278.00,390252.00,210794.00,5598825.55,5590867.55,5330955.83,2186971.00,6500.00,50768.00,4653232.00,21774926.94
2020-03-30,5254278.00,390252.00,237497.00,5598825.55,5590867.55,5330955.83,2186971.00,500.00,50768.00,4626529.00,21774926.94
2020-03-31,5254278.00,390252.00,284908.00,5598825.55,5590867.55,5330955.83,2186971.00,325.00,50768.00,4579118.00,21774926.94
2020-04-01,5811607.00,429267.00,207828.00,5598825.55,5782630.55,5330955.83,2533908.00,550.00,43744.00,5174512.00,22524018.93
2020-04-02,5811607.00,429267.00,182627.00,5598825.55,5782630.55,5330955.83,2533908.00,700.00,43744.00,5199713.00,22524018.93
2020-04-03,5811607.00,429267.00,148117.00,5614247.81,5782630.55,5330955.83,2533908.00,200.00,43744.00,5234223.00,22539441.19
2020-04-04,5811607.00,429267.00,148117.00,5614247.81,5782630.55,5330955.83,2533908.00,200.00,43744.00,5234223.00,22539441.19
2020-04-05,5811607.00,429267.00,148117.00,5614247.81,5782630.55,5330955.83,2533908.00,200.00,43744.00,5234223.00,22539441.19
2020-04-06,5811607.00,429267.00,144294.00,5614247.81,5782630.55,5330955.83,2533908.00,12500.00,43744.00,5238046.00,22539441.19
2020-04-07,5811607.00,429267.00,88360.00,5614247.81,5782630.55,5330955.83,2533908.00,10400.00,43744.00,5293980.00,22539441.19
2020-04-08,6083141.00,698578.00,53483.00,5614247.81,5782630.55,5330955.83,2760451.00,6150.00,43449.00,5331080.00,22810975.19
2020-04-09,6083141.00,698578.00,5525.00,5614247.81,5782630.55,5330955.83,2760451.00,6150.00,43449.00,5379038.00,22810975.19
2020-04-10,6083141.00,698578.00,5525.00,5757477.30,5782630.55,5330955.83,2760451.00,6150.00,43449.00,5379038.00,22954204.67
2020-04-11,6083141.00,698578.00,5525.00,5757477.30,5782630.55,5330955.83,2760451.00,6150.00,43449.00,5379038.00,22954204.67
2020-04-12,6083141.00,698578.00,5525.00,5757477.30,5782630.55,5330955.83,2760451.00,6150.00,43449.00,5379038.00,22954204.67
2020-04-13,6083141.00,698578.00,6100.00,5757477.30,5782630.55,5330955.83,2760451.00,21500.00,43449.00,5378463.00,22954204.67
2020-04-14,6083141.00,698578.00,9900.00,5757477.30,5782630.55,5330955.83,2760451.00,19100.00,43449.00,5374663.00,22954204.67
2020-04-15,6367887.00,889815.00,3150.00,5757477.30,5782630.55,5330955.83,2919041.00,19300.00,36284.00,5474922.00,23238950.67
2020-04-16,6367887.00,889815.00,1525.00,5757477.30,5782630.55,5330955.83,2919041.00,22400.00,36284.00,5476547.00,23238950.67
2020-04-17,6367887.00,889815.00,1726.00,5749408.37,5782630.55,5330955.83,2919041.00,9600.00,36284.00,5476346.00,23230881.74
2020-04-18,6367887.00,889815.00,1726.00,5749408.37,5782630.55,5330955.83,2919041.00,9600.00,36284.00,5476346.00,23230881.74
2020-04-19,6367887.00,889815.00,1726.00,5749408.37,5782630.55,5330955.83,2919041.00,9600.00,36284.00,5476346.00,23230881.74
2020-04-20,6367887.00,889815.00,31000.00,5749408.37,5782630.55,5330955.83,2919041.00,5000.00,36284.00,5447072.00,23230881.74
2020-04-21,6367887.00,889815.00,12528.00,5749408.37,5782630.55,5330955.83,2919041.00,0.00,36284.00,5465544.00,23230881.74
2020-04-22,6573136.00,901331.00,10825.00,5749408.37,5782630.55,5330955.83,3103504.00,0.00,33742.00,5660980.00,23436130.74
2020-04-23,6573136.00,901331.00,1450.00,5749408.37,5782630.55,5330955.83,3103504.00,800.00,33742.00,5670355.00,23436130.74
2020-04-24,6573136.00,901331.00,1500.00,5773735.95,5782630.55,5330955.83,3103504.00,1500.00,33742.00,5670305.00,23460458.33
2020-04-25,6573136.00,901331.00,1500.00,5773735.95,5782630.55,5330955.83,3103504.00,1500.00,33742.00,5670305.00,23460458.33
2020-04-26,6573136.00,901331.00,1500.00,5773735.95,5782630.55,5330955.83,3103504.00,1500.00,33742.00,5670305.00,23460458.33
2020-04-27,6573136.00,901331.00,16476.00,5773735.95,5782630.55,5330955.83,3103504.00,0.00,33742.00,5655329.00,23460458.33
2020-04-28,6573136.00,901331.00,7131.00,5773735.95,5782630.55,5330955.83,3103504.00,0.00,33742.00,5664674.00,23460458.33
2020-04-29,6655929.00,997507.00,1450.00,5773735.95,5782630.55,5330955.83,3159142.00,0.00,31759.00,5656972.00,23543251.33
2020-04-30,6655929.00,997507.00,1775.00,5773735.95,5782630.55,5330955.83,3159142.00,2250.00,31759.00,5656647.00,23543251.33
2020-05-01,6655929.00,997507.00,251.00,5933623.36,5981568.00,5330955.83,3159142.00,4000.00,31759.00,5658171.00,23902076.20
2020-05-02,6655929.00,997507.00,251.00,5933623.36,5981568.00,5330955.83,3159142.00,4000.00,31759.00,5658171.00,23902076.20
2020-05-03,6655929.00,997507.00,251.00,5933623.36,5981568.00,5330955.83,3159142.00,4000.00,31759.00,5658171.00,23902076.20
2020-05-04,6655929.00,997507.00,4850.00,5933623.36,5981568.00,5330955.83,3159142.00,6000.00,31759.00,5653572.00,23902076.20
2020-05-05,6655929.00,997507.00,1925.00,5933623.36,5981568.00,5330955.83,3159142.00,6000.00,31759.00,5656497.00,23902076.20
2020-05-06,6721420.00,1127490.00,1175.00,5933623.36,5981568.00,5330955.83,3158938.00,6500.00,26494.00,5592755.00,23967567.20
2020-05-07,6721420.00,1127490.00,982.00,5933623.36,5981568.00,5330955.83,3158938.00,16750.00,26494.00,5592948.00,23967567.20
2020-05-08,6721420.00,1127490.00,680.00,5916516.49,5981568.00,5330955.83,3158938.00,15000.00,26494.00,5593250.00,23950460.32
2020-05-09,6721420.00,1127490.00,680.00,5916516.49,5981568.00,5330955.83,3158938.00,15000.00,26494.00,5593250.00,23950460.32
2020-05-10,6721420.00,1127490.00,680.00,5916516.49,5981568.00,5330955.83,3158938.00,15000.00,26494.00,5593250.00,23950460.32
2020-05-11,6721420.00,1127490.00,123.00,5916516.49,5981568.00,5330955.83,3158938.00,20500.00,26494.00,5593807.00,23950460.32
2020-05-12,6721420.00,1127490.00,825.00,5916516.49,5981568.00,5330955.83,3158938.00,24250.00,26494.00,5593105.00,23950460.32
2020-05-13,6934227.00,1177494.00,13825.00,5916516.49,5981568.00,5330955.83,3156929.00,500.00,24239.00,5742908.00,24163267.32
2020-05-14,6934227.00,1177494.00,133.00,5916516.49,5981568.00,5330955.83,3156929.00,7000.00,24239.00,5756600.00,24163267.32
2020-05-15,6934227.00,1177494.00,1150.00,5954771.51,5981568.00,5330955.83,3156929.00,8500.00,24239.00,5755583.00,24201522.35
2020-05-16,6934227.00,1177494.00,1150.00,5954771.51,5981568.00,5330955.83,3156929.00,8500.00,24239.00,5755583.00,24201522.35
2020-05-17,6934227.00,1177494.00,1150.00,5954771.51,5981568.00,5330955.83,3156929.00,8500.00,24239.00,5755583.00,24201522.35
2020-05-18,6934227.00,1177494.00,578.00,5954771.51,5981568.00,5330955.83,3156929.00,0.00,24239.00,5756155.00,24201522.35
2020-05-19,6934227.00,1177494.00,90.00,5954771.51,5981568.00,5330955.83,3156929.00,0.00,24239.00,5756643.00,24201522.35
2020-05-20,7037258.00,1194410.00,9726.00,5954771.51,5981568.00,5330955.83,3273303.00,0.00,19535.00,5833122.00,24304553.35
2020-05-21,7037258.00,1194410.00,3.00,5954771.51,5981568.00,5330955.83,3273303.00,0.00,19535.00,5842845.00,24304553.35
2020-05-22,7037258.00,1194410.00,1.00,6051917.67,5981568.00,5330955.83,3273303.00,500.00,19535.00,5842847.00,24401699.51
2020-05-23,7037258.00,1194410.00,1.00,6051917.67,5981568.00,5330955.83,3273303.00,500.00,19535.00,5842847.00,24401699.51
2020-05-24,7037258.00,1194410.00,1.00,6051917.67,5981568.00,5330955.83,3273303.00,500.00,19535.00,5842847.00,24401699.51
2020-05-25,7037258.00,1194410.00,1.00,6051917.67,5981568.00,5330955.83,3273303.00,500.00,19535.00,5842847.00,24401699.51
2020-05-26,7037258.00,1194410.00,1.00,6051917.67,5981568.00,5330955.83,3273303.00,11500.00,19535.00,5842847.00,24401699.51
2020-05-27,7097316.00,1310491.00,4326.00,6051917.67,5981568.00,5330955.83,3268144.00,6250.00,18198.00,5782499.00,24461757.51
2020-05-28,7097316.00,1310491.00,0.00,6051917.67,5981568.00,5330955.83,3268144.00,7500.00,18198.00,5786825.00,24461757.51
2020-05-29,7097316.00,1310491.00,1325.00,6215554.95,5981568.00,5330955.83,3268144.00,0.00,18198.00,5785500.00,24625394.78
2020-05-30,7097316.00,1310491.00,1325.00,6215554.95,5981568.00,5330955.83,3268144.00,0.00,18198.00,5785500.00,24625394.78
2020-05-31,7097316.00,1310491.00,1325.00,6215554.95,5981568.00,5330955.83,3268144.00,0.00,18198.00,5785500.00,24625394.78
2020-06-01,7097316.00,1310491.00,0.00,6215554.95,6033341.39,5330955.83,3268144.00,4000.00,18198.00,5786825.00,24677168.17
2020-06-02,7097316.00,1310491.00,2013.00,6215554.95,6033341.39,5330955.83,3268144.00,13750.00,18198.00,5784812.00,24677168.17
2020-06-03,7165217.00,1434823.00,13.00,6215554.95,6033341.39,5330955.83,3237461.00,10750.00,11011.00,5730381.00,24745069.17
2020-06-04,7165217.00,1434823.00,0.00,6215554.95,6033341.39,5330955.83,3237461.00,16500.00,11011.00,5730394.00,24745069.17
2020-06-05,7165217.00,1434823.00,0.00,6388921.20,6033341.39,5330955.83,3237461.00,45000.00,11011.00,5730394.00,24918435.42
2020-06-06,7165217.00,1434823.00,0.00,6388921.20,6033341.39,5330955.83,3237461.00,45000.00,11011.00,5730394.00,24918435.42
2020-06-07,7165217.00,1434823.00,0.00,6388921.20,6033341.39,5330955.83,3237461.00,45000.00,11011.00,5730394.00,24918435.42
2020-06-08,7165217.00,1434823.00,0.00,6388921.20,6033341.39,5330955.83,3237461.00,21500.00,11011.00,5730394.00,24918435.42
2020-06-09,7165217.00,1434823.00,1252.00,6388921.20,6033341.39,5330955.83,3237461.00,22500.00,11011.00,5729142.00,24918435.42
2020-06-10,7168936.00,1506558.00,12.00,6388921.20,6033341.39,5330955.83,3182228.00,19250.00,8427.00,5662366.00,24922154.42
2020-06-11,7168936.00,1506558.00,375.00,6388921.20,6033341.39,5330955.83,3182228.00,10250.00,8427.00,5662003.00,24922154.42
2020-06-12,7168936.00,1506558.00,0.00,6335748.46,6033341.39,5330955.83,3182228.00,18250.00,8427.00,5662378.00,24868981.68
2020-06-13,7168936.00,1506558.00,0.00,6335748.46,6033341.39,5330955.83,3182228.00,18250.00,8427.00,5662378.00,24868981.68
2020-06-14,7168936.00,1506558.00,0.00,6335748.46,6033341.39,5330955.83,3182228.00,18250.00,8427.00,5662378.00,24868981.68
2020-06-15,7168936.00,1506558.00,3.00,6335748.46,6033341.39,5330955.83,3182228.00,14750.00,8427.00,5662375.00,24868981.68
2020-06-16,7168936.00,1506558.00,4000.00,6335748.46,6033341.39,5330955.83,3182228.00,0.00,8427.00,5658378.00,24868981.68
2020-06-17,7094690.00,1560850.00,1.00,6335748.46,6033341.39,5330955.83,3078491.00,24.00,7479.00,5533839.00,24794735.68
2020-06-18,7094690.00,1560850.00,1.00,6335748.46,6033341.39,5330955.83,3078491.00,0.00,7479.00,5533839.00,24794735.68
2020-06-19,7094690.00,1560850.00,1.00,6306543.34,6033341.39,5330955.83,3078491.00,0.00,7479.00,5533839.00,24765530.56
2020-06-20,7094690.00,1560850.00,1.00,6306543.34,6033341.39,5330955.83,3078491.00,0.00,7479.00,5533839.00,24765530.56
2020-06-21,7094690.00,1560850.00,1.00,6306543.34,6033341.39,5330955.83,3078491.00,0.00,7479.00,5533839.00,24765530.56
2020-06-22,7094690.00,1560850.00,10.00,6306543.34,6033341.39,5330955.83,3078491.00,0.00,7479.00,5533830.00,24765530.56
2020-06-23,7094690.00,1560850.00,11.00,6306543.34,6033341.39,5330955.83,3078491.00,0.00,7479.00,5533829.00,24765530.56
2020-06-24,7082302.00,1623942.00,1.00,6306543.34,6033341.39,5330955.83,2918756.00,0.00,6237.00,5458359.00,24753142.56
2020-06-25,7082302.00,1623942.00,1.00,6306543.34,6033341.39,5330955.83,2918756.00,0.00,6237.00,5458359.00,24753142.56
2020-06-26,7082302.00,1623942.00,200.00,6993834.37,6033341.39,5330955.83,2918756.00,0.00,6237.00,5458160.00,25440433.59
2020-06-27,7082302.00,1623942.00,200.00,6993834.37,6033341.39,5330955.83,2918756.00,0.00,6237.00,5458160.00,25440433.59
2020-06-28,7082302.00,1623942.00,200.00,6993834.37,6033341.39,5330955.83,2918756.00,0.00,6237.00,5458160.00,25440433.59
2020-06-29,7082302.00,1623942.00,250.00,6993834.37,6033341.39,5330955.83,2918756.00,6500.00,6237.00,5458110.00,25440433.59
2020-06-30,7082302.00,1623942.00,950.00,6993834.37,6033341.39,5330955.83,2918756.00,0.00,6237.00,5457410.00,25440433.59
2020-07-01,7009040.00,1657620.00,2.00,6993834.37,6194280.93,5330955.83,2884819.00,0.00,5860.00,5351418.00,25528111.13
2020-07-02,7009040.00,1657620.00,0.00,6993834.37,6194280.93,5330955.83,2884819.00,0.00,5860.00,5351420.00,25528111.13
2020-07-03,7009040.00,1657620.00,0.00,7066920.08,6194280.93,5330955.83,2884819.00,0.00,5860.00,5351420.00,25601196.84
2020-07-04,7009040.00,1657620.00,0.00,7066920.08,6194280.93,5330955.83,2884819.00,0.00,5860.00,5351420.00,25601196.84
2020-07-05,7009040.00,1657620.00,0.00,7066920.08,6194280.93,5330955.83,2884819.00,0.00,5860.00,5351420.00,25601196.84
2020-07-06,7009040.00,1657620.00,0.00,7066920.08,6194280.93,5330955.83,2884819.00,0.00,5860.00,5351420.00,25601196.84
2020-07-07,7009040.00,1657620.00,3.00,7066920.08,6194280.93,5330955.83,2884819.00,0.00,5860.00,5351417.00,25601196.84
2020-07-08,6920716.00,1653098.00,1.00,7066920.08,6194280.93,5330955.83,2813967.00,0.00,4846.00,5267617.00,25512872.84
2020-07-09,6920716.00,1653098.00,0.00,7066920.08,6194280.93,5330955.83,2813967.00,0.00,4846.00,5267618.00,25512872.84
2020-07-10,6920716.00,1653098.00,0.00,7140707.29,6194280.93,5330955.83,2813967.00,0.00,4846.00,5267618.00,25586660.05
2020-07-11,6920716.00,1653098.00,0.00,7140707.29,6194280.93,5330955.83,2813967.00,0.00,4846.00,5267618.00,25586660.05
2020-07-12,6920716.00,1653098.00,0.00,7140707.29,6194280.93,5330955.83,2813967.00,0.00,4846.00,5267618.00,25586660.05
2020-07-13,6920716.00,1653098.00,1.00,7140707.29,6194280.93,5330955.83,2813967.00,0.00,4846.00,5267617.00,25586660.05
2020-07-14,6920716.00,1653098.00,1.00,7140707.29,6194280.93,5330955.83,2813967.00,0.00,4846.00,5267617.00,25586660.05
2020-07-15,6958604.00,1655320.00,1.00,7140707.29,6194280.93,5330955.83,2777603.00,0.00,5058.00,5303283.00,25624548.05
2020-07-16,6958604.00,1655320.00,1.00,7140707.29,6194280.93,5330955.83,2777603.00,0.00,5058.00,5303283.00,25624548.05
2020-07-17,6958604.00,1655320.00,0.00,7231794.46,6194280.93,5330955.83,2777603.00,0.00,5058.00,5303284.00,25715635.21
2020-07-18,6958604.00,1655320.00,0.00,7231794.46,6194280.93,5330955.83,2777603.00,0.00,5058.00,5303284.00,25715635.21
2020-07-19,6958604.00,1655320.00,0.00,7231794.46,6194280.93,5330955.83,2777603.00,0.00,5058.00,5303284.00,25715635.21
2020-07-20,6958604.00,1655320.00,3.00,7231794.46,6194280.93,5330955.83,2777603.00,0.00,5058.00,5303281.00,25715635.21
2020-07-21,6958604.00,1655320.00,0.00,7231794.46,6194280.93,5330955.83,2777603.00,0.00,5058.00,5303284.00,25715635.21
2020-07-22,6964755.00,1804944.00,0.00,7231794.46,6194280.93,5330955.83,2631780.00,0.00,4578.00,5159811.00,25721786.21
2020-07-23,6964755.00,1804944.00,0.00,7231794.46,6194280.93,5330955.83,2631780.00,0.00,4578.00,5159811.00,25721786.21
2020-07-24,6964755.00,1804944.00,0.00,7389876.01,6194280.93,5330955.83,2631780.00,0.00,4578.00,5159811.00,25879867.77
2020-07-25,6964755.00,1804944.00,0.00,7389876.01,6194280.93,5330955.83,2631780.00,0.00,4578.00,5159811.00,25879867.77
2020-07-26,6964755.00,1804944.00,0.00,7389876.01,6194280.93,5330955.83,2631780.00,0.00,4578.00,5159811.00,25879867.77
2020-07-27,6964755.00,1804944.00,0.00,7389876.01,6194280.93,5330955.83,2631780.00,0.00,4578.00,5159811.00,25879867.77
2020-07-28,6964755.00,1804944.00,0.00,7389876.01,6194280.93,5330955.83,2631780.00,0.00,4578.00,5159811.00,25879867.77
2020-07-29,6949032.00,1816687.00,1.00,7389876.01,6194280.93,5330955.83,2615272.00,0.00,3611.00,5132344.00,25864144.77
2020-07-30,6949032.00,1816687.00,307.00,7389876.01,6194280.93,5330955.83,2615272.00,0.00,3611.00,5132038.00,25864144.77
2020-07-31,6949032.00,1816687.00,150.00,7519763.77,6194280.93,5330955.83,2615272.00,0.00,3611.00,5132195.00,25994032.53
2020-08-01,6949032.00,1816687.00,150.00,7519763.77,6455842.31,5330955.83,2615272.00,0.00,3611.00,5132195.00,26255593.91
2020-08-02,6949032.00,1816687.00,150.00,7519763.77,6455842.31,5330955.83,2615272.00,0.00,3611.00,5132195.00,26255593.91
2020-08-03,6949032.00,1816687.00,0.00,7519763.77,6455842.31,5330955.83,2615272.00,0.00,3611.00,5132345.00,26255593.91
2020-08-04,6949032.00,1816687.00,5.00,7519763.77,6455842.31,5330955.83,2615272.00,0.00,3611.00,5132340.00,26255593.91
2020-08-05,6945237.00,1745228.00,0.00,7519763.77,6455842.31,5330955.83,2713287.00,0.00,2809.00,5200009.00,26251798.91
2020-08-06,6945237.00,1745228.00,0.00,7519763.77,6455842.31,5330955.83,2713287.00,0.00,2809.00,5200009.00,26251798.91
2020-08-07,6945237.00,1745228.00,0.00,7519337.52,6455842.31,5330955.83,2713287.00,0.00,2809.00,5200009.00,26251372.67
2020-08-08,6945237.00,1745228.00,0.00,7519337.52,6455842.31,5330955.83,2713287.00,0.00,2809.00,5200009.00,26251372.67
2020-08-09,6945237.00,1745228.00,0.00,7519337.52,6455842.31,5330955.83,2713287.00,0.00,2809.00,5200009.00,26251372.67
2020-08-10,6945237.00,1745228.00,8.00,7519337.52,6455842.31,5330955.83,2713287.00,0.00,2809.00,5200001.00,26251372.67
2020-08-11,6945237.00,1745228.00,0.00,7519337.52,6455842.31,5330955.83,2713287.00,0.00,2809.00,5200009.00,26251372.67
2020-08-12,6957277.00,1669733.00,103.00,7519337.52,6455842.31,5330955.83,2788961.00,0.00,2690.00,5287441.00,26263412.67
2020-08-13,6957277.00,1669733.00,126.00,7519337.52,6455842.31,5330955.83,2788961.00,0.00,2690.00,5287418.00,26263412.67
2020-08-14,6957277.00,1669733.00,1.00,7578636.54,6455842.31,5330955.83,2788961.00,0.00,2690.00,5287543.00,26322711.69
2020-08-15,6957277.00,1669733.00,1.00,7578636.54,6455842.31,5330955.83,2788961.00,0.00,2690.00,5287543.00,26322711.69
2020-08-16,6957277.00,1669733.00,1.00,7578636.54,6455842.31,5330955.83,2788961.00,0.00,2690.00,5287543.00,26322711.69
2020-08-17,6957277.00,1669733.00,54.00,7578636.54,6455842.31,5330955.83,2788961.00,0.00,2690.00,5287490.00,26322711.69
2020-08-18,6957277.00,1669733.00,2.00,7578636.54,6455842.31,5330955.83,2788961.00,0.00,2690.00,5287542.00,26322711.69
2020-08-19,7010637.00,1643505.00,112.00,7578636.54,6455842.31,5330955.83,2827685.00,0.00,2818.00,5367020.00,26376071.69
2020-08-20,7010637.00,1643505.00,150.00,7578636.54,6455842.31,5330955.83,2827685.00,0.00,2818.00,5366982.00,26376071.69
2020-08-21,7010637.00,1643505.00,0.00,7564309.46,6455842.31,5330955.83,2827685.00,0.00,2818.00,5367132.00,26361744.60
2020-08-22,7010637.00,1643505.00,0.00,7564309.46,6455842.31,5330955.83,2827685.00,0.00,2818.00,5367132.00,26361744.60
2020-08-23,7010637.00,1643505.00,0.00,7564309.46,6455842.31,5330955.83,2827685.00,0.00,2818.00,5367132.00,26361744.60
2020-08-24,7010637.00,1643505.00,0.00,7564309.46,6455842.31,5330955.83,2827685.00,0.00,2818.00,5367132.00,26361744.60
2020-08-25,7010637.00,1643505.00,12.00,7564309.46,6455842.31,5330955.83,2827685.00,0.00,2818.00,5367120.00,26361744.60
2020-08-26,6990418.00,1622690.00,9.00,7564309.46,6455842.31,5330955.83,2815794.00,0.00,2704.00,5367719.00,26341525.60
2020-08-27,6990418.00,1622690.00,2.00,7564309.46,6455842.31,5330955.83,2815794.00,0.00,2704.00,5367726.00,26341525.60
2020-08-28,6990418.00,1622690.00,0.00,7664526.05,6455842.31,5330955.83,2815794.00,0.00,2704.00,5367728.00,26441742.20
2020-08-29,6990418.00,1622690.00,0.00,7664526.05,6455842.31,5330955.83,2815794.00,0.00,2704.00,5367728.00,26441742.20
2020-08-30,6990418.00,1622690.00,0.00,7664526.05,6455842.31,5330955.83,2815794.00,0.00,2704.00,5367728.00,26441742.20
2020-08-31,6990418.00,1622690.00,11.00,7664526.05,6455842.31,5330955.83,2815794.00,0.00,2704.00,5367717.00,26441742.20
2020-09-01,6990418.00,1622690.00,8.00,7664526.05,6509687.74,5330955.83,2815794.00,0.00,2704.00,5367720.00,26495587.62
2020-09-02,7017492.00,1639159.00,14.00,7664526.05,6509687.74,5330955.83,2851916.00,0.00,2956.00,5378319.00,26522661.62
2020-09-03,7017492.00,1639159.00,0.00,7664526.05,6509687.74,5330955.83,2851916.00,0.00,2956.00,5378333.00,26522661.62
2020-09-04,7017492.00,1639159.00,0.00,7634368.97,6509687.74,5330955.83,2851916.00,0.00,2956.00,5378333.00,26492504.54
2020-09-05,7017492.00,1639159.00,0.00,7634368.97,6509687.74,5330955.83,2851916.00,0.00,2956.00,5378333.00,26492504.54
2020-09-06,7017492.00,1639159.00,0.00,7634368.97,6509687.74,5330955.83,2851916.00,0.00,2956.00,5378333.00,26492504.54
2020-09-07,7017492.00,1639159.00,0.00,7634368.97,6509687.74,5330955.83,2851916.00,0.00,2956.00,5378333.00,26492504.54
2020-09-08,7017492.00,1639159.00,0.00,7634368.97,6509687.74,5330955.83,2851916.00,0.00,2956.00,5378333.00,26492504.54
2020-09-09,7010614.00,1611083.00,1.00,7634368.97,6509687.74,5330955.83,2857463.00,0.00,2710.00,5399530.00,26485626.54
2020-09-10,7010614.00,1611083.00,10.00,7634368.97,6509687.74,5330955.83,2857463.00,0.00,2710.00,5399521.00,26485626.54
2020-09-11,7010614.00,1611083.00,0.00,7660113.46,6509687.74,5330955.83,2857463.00,0.00,2710.00,5399531.00,26511371.02
2020-09-12,7010614.00,1611083.00,0.00,7660113.46,6509687.74,5330955.83,2857463.00,0.00,2710.00,5399531.00,26511371.02
2020-09-13,7010614.00,1611083.00,0.00,7660113.46,6509687.74,5330955.83,2857463.00,0.00,2710.00,5399531.00,26511371.02
2020-09-14,7010614.00,1611083.00,1.00,7660113.46,6509687.74,5330955.83,2857463.00,0.00,2710.00,5399530.00,26511371.02
2020-09-15,7010614.00,1611083.00,2.00,7660113.46,6509687.74,5330955.83,2857463.00,0.00,2710.00,5399529.00,26511371.02
2020-09-16,7064475.00,1614855.00,55.00,7660113.46,6509687.74,5330955.83,2885412.00,0.00,3036.00,5449565.00,26565232.02
2020-09-17,7064475.00,1614855.00,1.00,7660113.46,6509687.74,5330955.83,2885412.00,0.00,3036.00,5449619.00,26565232.02
2020-09-18,7064475.00,1614855.00,0.00,7709921.77,6509687.74,5330955.83,2885412.00,0.00,3036.00,5449620.00,26615040.33
2020-09-19,7064475.00,1614855.00,0.00,7709921.77,6509687.74,5330955.83,2885412.00,0.00,3036.00,5449620.00,26615040.33
2020-09-20,7064475.00,1614855.00,0.00,7709921.77,6509687.74,5330955.83,2885412.00,0.00,3036.00,5449620.00,26615040.33
2020-09-21,7064475.00,1614855.00,54.00,7709921.77,6509687.74,5330955.83,2885412.00,0.00,3036.00,5449566.00,26615040.33
2020-09-22,7064475.00,1614855.00,0.00,7709921.77,6509687.74,5330955.83,2885412.00,0.00,3036.00,5449620.00,26615040.33
2020-09-23,7093161.00,1680688.00,1.00,7709921.77,6509687.74,5330955.83,2830499.00,0.00,3359.00,5412472.00,26643726.33
2020-09-24,7093161.00,1680688.00,4.00,7709921.77,6509687.74,5330955.83,2830499.00,0.00,3359.00,5412469.00,26643726.33
2020-09-25,7093161.00,1680688.00,0.00,7592148.07,6509687.74,5330955.83,2830499.00,0.00,3359.00,5412473.00,26525952.63
2020-09-26,7093161.00,1680688.00,0.00,7592148.07,6509687.74,5330955.83,2830499.00,0.00,3359.00,5412473.00,26525952.63
2020-09-27,7093161.00,1680688.00,0.00,7592148.07,6509687.74,5330955.83,2830499.00,0.00,3359.00,5412473.00,26525952.63
2020-09-28,7093161.00,1680688.00,0.00,7592148.07,6509687.74,5330955.83,2830499.00,0.00,3359.00,5412473.00,26525952.63
2020-09-29,7093161.00,1680688.00,1301.00,7592148.07,6509687.74,5330955.83,2830499.00,0.00,3359.00,5411172.00,26525952.63
2020-09-30,7056129.00,1679152.00,850.00,7592148.07,6509687.74,5330955.83,2839316.00,0.00,3437.00,5376127.00,26488920.63
2020-10-01,7056129.00,1679152.00,1.00,7592148.07,6616420.92,5330955.83,2839316.00,0.00,3437.00,5376976.00,26595653.82
2020-10-02,7056129.00,1679152.00,0.00,7849004.11,6616420.92,5330955.83,2839316.00,0.00,3437.00,5376977.00,26852509.86
2020-10-03,7056129.00,1679152.00,0.00,7849004.11,6616420.92,5330955.83,2839316.00,0.00,3437.00,5376977.00,26852509.86
2020-10-04,7056129.00,1679152.00,0.00,7849004.11,6616420.92,5330955.83,2839316.00,0.00,3437.00,5376977.00,26852509.86
2020-10-05,7056129.00,1679152.00,0.00,7849004.11,6616420.92,5330955.83,2839316.00,0.00,3437.00,5376977.00,26852509.86
2020-10-06,7056129.00,1679152.00,0.00,7849004.11,6616420.92,5330955.83,2839316.00,0.00,3437.00,5376977.00,26852509.86
2020-10-07,7074649.00,1697074.00,11.00,7849004.11,6616420.92,5330955.83,2840860.00,23.00,2939.00,5377564.00,26871029.86
2020-10-08,7074649.00,1697074.00,212.00,7849004.11,6616420.92,5330955.83,2840860.00,0.00,2939.00,5377363.00,26871029.86
2020-10-09,7074649.00,1697074.00,0.00,7949101.28,6616420.92,5330955.83,2840860.00,0.00,2939.00,5377575.00,26971127.04
2020-10-10,7074649.00,1697074.00,0.00,7949101.28,6616420.92,5330955.83,2840860.00,0.00,2939.00,5377575.00,26971127.04
2020-10-11,7074649.00,1697074.00,0.00,7949101.28,6616420.92,5330955.83,2840860.00,0.00,2939.00,5377575.00,26971127.04
2020-10-12,7074649.00,1697074.00,0.00,7949101.28,6616420.92,5330955.83,2840860.00,0.00,2939.00,5377575.00,26971127.04
2020-10-13,7074649.00,1697074.00,0.00,7949101.28,6616420.92,5330955.83,2840860.00,0.00,2939.00,5377575.00,26971127.04
2020-10-14,7151426.00,1680998.00,0.00,7949101.28,6616420.92,5330955.83,2861929.00,0.00,2769.00,5470428.00,27047904.04
2020-10-15,7151426.00,1680998.00,1.00,7949101.28,6616420.92,5330955.83,2861929.00,0.00,2769.00,5470427.00,27047904.04
2020-10-16,7151426.00,1680998.00,2.00,7901388.24,6616420.92,5330955.83,2861929.00,0.00,2769.00,5470426.00,27000190.99
2020-10-17,7151426.00,1680998.00,2.00,7901388.24,6616420.92,5330955.83,2861929.00,0.00,2769.00,5470426.00,27000190.99
2020-10-18,7151426.00,1680998.00,2.00,7901388.24,6616420.92,5330955.83,2861929.00,0.00,2769.00,5470426.00,27000190.99
2020-10-19,7151426.00,1680998.00,4.00,7901388.24,6616420.92,5330955.83,2861929.00,0.00,2769.00,5470424.00,27000190.99
2020-10-20,7151426.00,1680998.00,7.00,7901388.24,6616420.92,5330955.83,2861929.00,0.00,2769.00,5470421.00,27000190.99
2020-10-21,7177265.00,1724792.00,0.00,7901388.24,6616420.92,5330955.83,2860480.00,0.00,3146.00,5452473.00,27026029.99
2020-10-22,7177265.00,1724792.00,1.00,7901388.24,6616420.92,5330955.83,2860480.00,0.00,3146.00,5452472.00,27026029.99
2020-10-23,7177265.00,1724792.00,0.00,8032393.53,6616420.92,5330955.83,2860480.00,0.00,3146.00,5452473.00,27157035.28
2020-10-24,7177265.00,1724792.00,0.00,8032393.53,6616420.92,5330955.83,2860480.00,0.00,3146.00,5452473.00,27157035.28
2020-10-25,7177265.00,1724792.00,0.00,8032393.53,6616420.92,5330955.83,2860480.00,0.00,3146.00,5452473.00,27157035.28
2020-10-26,7177265.00,1724792.00,1.00,8032393.53,6616420.92,5330955.83,2860480.00,0.00,3146.00,5452472.00,27157035.28
2020-10-27,7177265.00,1724792.00,0.00,8032393.53,6616420.92,5330955.83,2860480.00,0.00,3146.00,5452473.00,27157035.28
2020-10-28,7146306.00,1680933.00,5.00,8032393.53,6616420.92,5330955.83,2880781.00,0.00,2790.00,5465368.00,27126076.28
2020-10-29,7146306.00,1680933.00,14.00,8032393.53,6616420.92,5330955.83,2880781.00,0.00,2790.00,5465359.00,27126076.28
2020-10-30,7146306.00,1680933.00,1.00,7891731.17,6616420.92,5330955.83,2880781.00,0.00,2790.00,5465372.00,26985413.92
2020-10-31,7146306.00,1680933.00,1.00,7891731.17,6616420.92,5330955.83,2880781.00,0.00,2790.00,5465372.00,26985413.92
2020-11-01,7146306.00,1680933.00,1.00,7891731.17,6746744.79,5330955.83,2880781.00,0.00,2790.00,5465372.00,27115737.78
2020-11-02,7146306.00,1680933.00,0.00,7891731.17,6746744.79,5330955.83,2880781.00,0.00,2790.00,5465373.00,27115737.78
2020-11-03,7146306.00,1680933.00,0.00,7891731.17,6746744.79,5330955.83,2880781.00,0.00,2790.00,5465373.00,27115737.78
2020-11-04,7157479.00,1621346.00,0.00,7891731.17,6746744.79,5330955.83,2966737.00,0.00,2372.00,5536133.00,27126910.78
2020-11-05,7157479.00,1621346.00,0.00,7891731.17,6746744.79,5330955.83,2966737.00,0.00,2372.00,5536133.00,27126910.78
2020-11-06,7157479.00,1621346.00,0.00,8078801.28,6746744.79,5330955.83,2966737.00,0.00,2372.00,5536133.00,27313980.90
2020-11-07,7157479.00,1621346.00,0.00,8078801.28,6746744.79,5330955.83,2966737.00,0.00,2372.00,5536133.00,27313980.90
2020-11-08,7157479.00,1621346.00,0.00,8078801.28,6746744.79,5330955.83,2966737.00,0.00,2372.00,5536133.00,27313980.90
2020-11-09,7157479.00,1621346.00,0.00,8078801.28,6746744.79,5330955.83,2966737.00,0.00,2372.00,5536133.00,27313980.90
2020-11-10,7157479.00,1621346.00,0.00,8078801.28,6746744.79,5330955.83,2966737.00,0.00,2372.00,5536133.00,27313980.90
2020-11-11,7175417.00,1600837.00,0.00,8078801.28,6746744.79,5330955.83,2976170.00,0.00,2317.00,5574580.00,27331918.90
2020-11-12,7175417.00,1600837.00,0.00,8078801.28,6746744.79,5330955.83,2976170.00,0.00,2317.00,5574580.00,27331918.90
2020-11-13,7175417.00,1600837.00,3.00,8079910.30,6746744.79,5330955.83,2976170.00,0.00,2317.00,5574577.00,27333027.92
2020-11-14,7175417.00,1600837.00,3.00,8079910.30,6746744.79,5330955.83,2976170.00,0.00,2317.00,5574577.00,27333027.92
2020-11-15,7175417.00,1600837.00,3.00,8079910.30,6746744.79,5330955.83,2976170.00,0.00,2317.00,5574577.00,27333027.92
2020-11-16,7175417.00,1600837.00,13.00,8079910.30,6746744.79,5330955.83,2976170.00,0.00,2317.00,5574567.00,27333027.92
2020-11-17,7175417.00,1600837.00,0.00,8079910.30,6746744.79,5330955.83,2976170.00,0.00,2317.00,5574580.00,27333027.92
2020-11-18,7243080.00,1556892.00,103.00,8079910.30,6746744.79,5330955.83,3043822.00,0.00,2167.00,5686085.00,27400690.92
2020-11-19,7243080.00,1556892.00,2000.00,8079910.30,6746744.79,5330955.83,3043822.00,0.00,2167.00,5684188.00,27400690.92
2020-11-20,7243080.00,1556892.00,0.00,8143167.06,6746744.79,5330955.83,3043822.00,0.00,2167.00,5686188.00,27463947.68
2020-11-21,7243080.00,1556892.00,0.00,8143167.06,6746744.79,5330955.83,3043822.00,0.00,2167.00,5686188.00,27463947.68
2020-11-22,7243080.00,1556892.00,0.00,8143167.06,6746744.79,5330955.83,3043822.00,0.00,2167.00,5686188.00,27463947.68
2020-11-23,7243080.00,1556892.00,485.00,8143167.06,6746744.79,5330955.83,3043822.00,0.00,2167.00,5685703.00,27463947.68
2020-11-24,7243080.00,1556892.00,1.00,8143167.06,6746744.79,5330955.83,3043822.00,0.00,2167.00,5686187.00,27463947.68
2020-11-25,7216480.00,1517215.00,0.00,8143167.06,6746744.79,5330955.83,3083636.00,0.00,2428.00,5699265.00,27437347.68
2020-11-26,7216480.00,1517215.00,0.00,8143167.06,6746744.79,5330955.83,3083636.00,0.00,2428.00,5699265.00,27437347.68
2020-11-27,7216480.00,1517215.00,0.00,8196755.10,6746744.79,5330955.83,3083636.00,0.00,2428.00,5699265.00,27490935.72
2020-11-28,7216480.00,1517215.00,0.00,8196755.10,6746744.79,5330955.83,3083636.00,0.00,2428.00,5699265.00,27490935.72
2020-11-29,7216480.00,1517215.00,0.00,8196755.10,6746744.79,5330955.83,3083636.00,0.00,2428.00,5699265.00,27490935.72
2020-11-30,7216480.00,1517215.00,6.00,8196755.10,6746744.79,5330955.83,3083636.00,0.00,2428.00,5699259.00,27490935.72
2020-12-01,7216480.00,1517215.00,2.00,8196755.10,6729714.56,5330955.83,3083636.00,0.00,2428.00,5699263.00,27473905.49
2020-12-02,7222414.00,1531053.00,1.00,8196755.10,6729714.56,5330955.83,3117307.00,0.00,1992.00,5691360.00,27479839.49
2020-12-03,7222414.00,1531053.00,0.00,8196755.10,6729714.56,5330955.83,3117307.00,0.00,1992.00,5691361.00,27479839.49
2020-12-04,7222414.00,1531053.00,0.00,8406052.30,6729714.56,5330955.83,3117307.00,0.00,1992.00,5691361.00,27689136.69
2020-12-05,7222414.00,1531053.00,0.00,8406052.30,6729714.56,5330955.83,3117307.00,0.00,1992.00,5691361.00,27689136.69
2020-12-06,7222414.00,1531053.00,0.00,8406052.30,6729714.56,5330955.83,3117307.00,0.00,1992.00,5691361.00,27689136.69
2020-12-07,7222414.00,1531053.00,1.00,8406052.30,6729714.56,5330955.83,3117307.00,0.00,1992.00,5691360.00,27689136.69
2020-12-08,7222414.00,1531053.00,1.00,8406052.30,6729714.56,5330955.83,3117307.00,0.00,1992.00,5691360.00,27689136.69
2020-12-09,7242658.00,1534243.00,3.00,8406052.30,6729714.56,5330955.83,3117480.00,0.00,1952.00,5708412.00,27709380.69
2020-12-10,7242658.00,1534243.00,1.00,8406052.30,6729714.56,5330955.83,3117480.00,0.00,1952.00,5708414.00,27709380.69
2020-12-11,7242658.00,1534243.00,0.00,8417394.28,6729714.56,5330955.83,3117480.00,0.00,1952.00,5708415.00,27720722.67
2020-12-12,7242658.00,1534243.00,0.00,8417394.28,6729714.56,5330955.83,3117480.00,0.00,1952.00,5708415.00,27720722.67
2020-12-13,7242658.00,1534243.00,0.00,8417394.28,6729714.56,5330955.83,3117480.00,0.00,1952.00,5708415.00,27720722.67
2020-12-14,7242658.00,1534243.00,100.00,8417394.28,6729714.56,5330955.83,3117480.00,0.00,1952.00,5708315.00,27720722.67
2020-12-15,7242658.00,1534243.00,1.00,8417394.28,6729714.56,5330955.83,3117480.00,0.00,1952.00,5708414.00,27720722.67
2020-12-16,7362592.00,1529698.00,26.00,8417394.28,6729714.56,5330955.83,3168240.00,0.00,1871.00,5832868.00,27840656.67
2020-12-17,7362592.00,1529698.00,14.00,8417394.28,6729714.56,5330955.83,3168240.00,0.00,1871.00,5832880.00,27840656.67
2020-12-18,7362592.00,1529698.00,32.00,8576085.15,6729714.56,5330955.83,3168240.00,0.00,1871.00,5832862.00,27999347.53
2020-12-19,7362592.00,1529698.00,32.00,8576085.15,6729714.56,5330955.83,3168240.00,0.00,1871.00,5832862.00,27999347.53
2020-12-20,7362592.00,1529698.00,32.00,8576085.15,6729714.56,5330955.83,3168240.00,0.00,1871.00,5832862.00,27999347.53
2020-12-21,7362592.00,1529698.00,435.00,8576085.15,6729714.56,5330955.83,3168240.00,0.00,1871.00,5832459.00,27999347.53
2020-12-22,7362592.00,1529698.00,406.00,8576085.15,6729714.56,5330955.83,3168240.00,0.00,1871.00,5832488.00,27999347.53
2020-12-23,7404039.00,1602407.00,857.00,8576085.15,6729714.56,5330955.83,3143041.00,0.00,2134.00,5800775.00,28040794.53
2020-12-24,7404039.00,1602407.00,10.00,8576085.15,6729714.56,5330955.83,3143041.00,0.00,2134.00,5801622.00,28040794.53
2020-12-25,7404039.00,1602407.00,10.00,8553677.62,6729714.56,5330955.83,3143041.00,0.00,2134.00,5801622.00,28018387.01
2020-12-26,7404039.00,1602407.00,10.00,8553677.62,6729714.56,5330955.83,3143041.00,0.00,2134.00,5801622.00,28018387.01
2020-12-27,7404039.00,1602407.00,10.00,8553677.62,6729714.56,5330955.83,3143041.00,0.00,2134.00,5801622.00,28018387.01
2020-12-28,7404039.00,1602407.00,901.00,8553677.62,6729714.56,5330955.83,3143041.00,0.00,2134.00,5800731.00,28018387.01
2020-12-29,7404039.00,1602407.00,257.00,8553677.62,6729714.56,5330955.83,3143041.00,0.00,2134.00,5801375.00,28018387.01
2020-12-30,7363351.00,1591055.00,652.00,8553677.62,6729714.56,5330955.83,3122156.00,0.00,1735.00,5771644.00,27977699.01
2020-12-31,7363351.00,1591055.00,9651.00,8553677.62,6729714.56,5941387.56,3122156.00,0.00,1735.00,5762645.00,28588130.74
2021-01-01,7363351.00,1591055.00,9651.00,8535713.25,6875603.26,5941387.56,3122156.00,0.00,1735.00,5762645.00,28716055.07
2021-01-02,7363351.00,1591055.00,9651.00,8535713.25,6875603.26,5941387.56,3122156.00,0.00,1735.00,5762645.00,28716055.07
2021-01-03,7363351.00,1591055.00,9651.00,8535713.25,6875603.26,5941387.56,3122156.00,0.00,1735.00,5762645.00,28716055.07
2021-01-04,7363351.00,1591055.00,1.00,8535713.25,6875603.26,5941387.56,3122156.00,0.00,1735.00,5772295.00,28716055.07
2021-01-05,7363351.00,1591055.00,5.00,8535713.25,6875603.26,5941387.56,3122156.00,0.00,1735.00,5772291.00,28716055.07
2021-01-06,7334809.00,1669327.00,4.00,8535713.25,6875603.26,5941387.56,3068284.00,0.00,1485.00,5665478.00,28687513.07
2021-01-07,7334809.00,1669327.00,1.00,8535713.25,6875603.26,5941387.56,3068284.00,0.00,1485.00,5665481.00,28687513.07
2021-01-08,7334809.00,1669327.00,0.00,8557670.37,6875603.26,5941387.56,3068284.00,0.00,1485.00,5665482.00,28709470.19
2021-01-09,7334809.00,1669327.00,0.00,8557670.37,6875603.26,5941387.56,3068284.00,0.00,1485.00,5665482.00,28709470.19
2021-01-10,7334809.00,1669327.00,0.00,8557670.37,6875603.26,5941387.56,3068284.00,0.00,1485.00,5665482.00,28709470.19
2021-01-11,7334809.00,1669327.00,0.00,8557670.37,6875603.26,5941387.56,3068284.00,0.00,1485.00,5665482.00,28709470.19
2021-01-12,7334809.00,1669327.00,0.00,8557670.37,6875603.26,5941387.56,3068284.00,0.00,1485.00,5665482.00,28709470.19
2021-01-13,7333968.00,1589421.00,0.00,8557670.37,6875603.26,5941387.56,3183917.00,0.00,1514.00,5744547.00,28708629.19
2021-01-14,7333968.00,1589421.00,600.00,8557670.37,6875603.26,5941387.56,3183917.00,0.00,1514.00,5743947.00,28708629.19
2021-01-15,7333968.00,1589421.00,0.00,8488228.89,6875603.26,5941387.56,3183917.00,0.00,1514.00,5744547.00,28639187.70
2021-01-16,7333968.00,1589421.00,0.00,8488228.89,6875603.26,5941387.56,3183917.00,0.00,1514.00,5744547.00,28639187.70
2021-01-17,7333968.00,1589421.00,0.00,8488228.89,6875603.26,5941387.56,3183917.00,0.00,1514.00,5744547.00,28639187.70
2021-01-18,7333968.00,1589421.00,0.00,8488228.89,6875603.26,5941387.56,3183917.00,0.00,1514.00,5744547.00,28639187.70
2021-01-19,7333968.00,1589421.00,4.00,8488228.89,6875603.26,5941387.56,3183917.00,0.00,1514.00,5744543.00,28639187.70
2021-01-20,7414942.00,1626906.00,1806.00,8488228.89,6875603.26,5941387.56,3154624.00,0.00,2049.00,5786230.00,28720161.70
2021-01-21,7414942.00,1626906.00,1201.00,8488228.89,6875603.26,5941387.56,3154624.00,0.00,2049.00,5786835.00,28720161.70
2021-01-22,7414942.00,1626906.00,0.00,8554821.90,6875603.26,5941387.56,3154624.00,0.00,2049.00,5788036.00,28786754.71
2021-01-23,7414942.00,1626906.00,0.00,8554821.90,6875603.26,5941387.56,3154624.00,0.00,2049.00,5788036.00,28786754.71
2021-01-24,7414942.00,1626906.00,0.00,8554821.90,6875603.26,5941387.56,3154624.00,0.00,2049.00,5788036.00,28786754.71
2021-01-25,7414942.00,1626906.00,2200.00,8554821.90,6875603.26,5941387.56,3154624.00,0.00,2049.00,5785836.00,28786754.71
2021-01-26,7414942.00,1626906.00,1631.00,8554821.90,6875603.26,5941387.56,3154624.00,0.00,2049.00,5786405.00,28786754.71
2021-01-27,7404926.00,1633540.00,1152.00,8554821.90,6875603.26,5941387.56,3163008.00,0.00,1989.00,5770234.00,28776738.71
2021-01-28,7404926.00,1633540.00,2655.00,8554821.90,6875603.26,5941387.56,3163008.00,0.00,1989.00,5768731.00,28776738.71
2021-01-29,7404926.00,1633540.00,7100.00,8534856.16,6875603.26,5941387.56,3163008.00,0.00,1989.00,5764286.00,28756772.97
2021-01-30,7404926.00,1633540.00,7100.00,8534856.16,6875603.26,5941387.56,3163008.00,0.00,1989.00,5764286.00,28756772.97
2021-01-31,7404926.00,1633540.00,7100.00,8534856.16,6875603.26,5941387.56,3163008.00,0.00,1989.00,5764286.00,28756772.97
2021-02-01,7404926.00,1633540.00,12.00,8534856.16,6788626.27,5941387.56,3163008.00,0.00,1989.00,5771374.00,28669795.99
2021-02-02,7404926.00,1633540.00,11.00,8534856.16,6788626.27,5941387.56,3163008.00,0.00,1989.00,5771375.00,28669795.99
2021-02-03,7410598.00,1625325.00,178.00,8534856.16,6788626.27,5941387.56,3193118.00,0.00,1675.00,5785095.00,28675467.99
2021-02-04,7410598.00,1625325.00,500.00,8534856.16,6788626.27,5941387.56,3193118.00,0.00,1675.00,5784773.00,28675467.99
2021-02-05,7410598.00,1625325.00,10.00,8490057.05,6788626.27,5941387.56,3193118.00,0.00,1675.00,5785263.00,28630668.89
2021-02-06,7410598.00,1625325.00,10.00,8490057.05,6788626.27,5941387.56,3193118.00,0.00,1675.00,5785263.00,28630668.89
2021-02-07,7410598.00,1625325.00,10.00,8490057.05,6788626.27,5941387.56,3193118.00,0.00,1675.00,5785263.00,28630668.89
2021-02-08,7410598.00,1625325.00,2.00,8490057.05,6788626.27,5941387.56,3193118.00,0.00,1675.00,5785271.00,28630668.89
2021-02-09,7410598.00,1625325.00,1.00,8490057.05,6788626.27,5941387.56,3193118.00,0.00,1675.00,5785272.00,28630668.89
2021-02-10,7442225.00,1608906.00,0.00,8490057.05,6788626.27,5941387.56,3258919.00,0.00,1630.00,5833319.00,28662295.89
2021-02-11,7442225.00,1608906.00,108.00,8490057.05,6788626.27,5941387.56,3258919.00,0.00,1630.00,5833211.00,28662295.89
2021-02-12,7442225.00,1608906.00,1.00,8584159.10,6788626.27,5941387.56,3258919.00,0.00,1630.00,5833318.00,28756397.94
2021-02-13,7442225.00,1608906.00,1.00,8584159.10,6788626.27,5941387.56,3258919.00,0.00,1630.00,5833318.00,28756397.94
2021-02-14,7442225.00,1608906.00,1.00,8584159.10,6788626.27,5941387.56,3258919.00,0.00,1630.00,5833318.00,28756397.94
2021-02-15,7442225.00,1608906.00,1.00,8584159.10,6788626.27,5941387.56,3258919.00,0.00,1630.00,5833318.00,28756397.94
2021-02-16,7442225.00,1608906.00,4.00,8584159.10,6788626.27,5941387.56,3258919.00,0.00,1630.00,5833315.00,28756397.94
2021-02-17,7557402.00,1567041.00,50.00,8584159.10,6788626.27,5941387.56,3378907.00,0.00,1755.00,5990311.00,28871574.94
2021-02-18,7557402.00,1567041.00,0.00,8584159.10,6788626.27,5941387.56,3378907.00,0.00,1755.00,5990361.00,28871574.94
2021-02-19,7557402.00,1567041.00,2.00,8617966.56,6788626.27,5941387.56,3378907.00,0.00,1755.00,5990359.00,28905382.40
2021-02-20,7557402.00,1567041.00,2.00,8617966.56,6788626.27,5941387.56,3378907.00,0.00,1755.00,5990359.00,28905382.40
2021-02-21,7557402.00,1567041.00,2.00,8617966.56,6788626.27,5941387.56,3378907.00,0.00,1755.00,5990359.00,28905382.40
2021-02-22,7557402.00,1567041.00,1100.00,8617966.56,6788626.27,5941387.56,3378907.00,0.00,1755.00,5989261.00,28905382.40
2021-02-23,7557402.00,1567041.00,435.00,8617966.56,6788626.27,5941387.56,3378907.00,0.00,1755.00,5989926.00,28905382.40
2021-02-24,7590111.00,1529977.00,1.00,8617966.56,6788626.27,5941387.56,3369020.00,0.00,2092.00,6060133.00,28938091.40
2021-02-25,7590111.00,1529977.00,9976.00,8617966.56,6788626.27,5941387.56,3369020.00,0.00,2092.00,6050158.00,28938091.40
2021-02-26,7590111.00,1529977.00,11200.00,8598711.93,6788626.27,5941387.56,3369020.00,0.00,2092.00,6048934.00,28918836.77
2021-02-27,7590111.00,1529977.00,11200.00,8598711.93,6788626.27,5941387.56,3369020.00,0.00,2092.00,6048934.00,28918836.77
2021-02-28,7590111.00,1529977.00,11200.00,8598711.93,6788626.27,5941387.56,3369020.00,0.00,2092.00,6048934.00,28918836.77
2021-03-01,7590111.00,1529977.00,0.00,8598711.93,6698130.86,5941387.56,3369020.00,0.00,2092.00,6060134.00,28828341.35
2021-03-02,7590111.00,1529977.00,5.00,8598711.93,6698130.86,5941387.56,3369020.00,0.00,2092.00,6060129.00,28828341.35
2021-03-03,7557524.00,1429549.00,507.00,8598711.93,6698130.86,5941387.56,3503120.00,0.00,1738.00,6127468.00,28795754.35
2021-03-04,7557524.00,1429549.00,2100.00,8598711.93,6698130.86,5941387.56,3503120.00,0.00,1738.00,6125875.00,28795754.35
2021-03-05,7557524.00,1429549.00,1000.00,8483165.93,6698130.86,5941387.56,3503120.00,0.00,1738.00,6126975.00,28680208.35
2021-03-06,7557524.00,1429549.00,1000.00,8483165.93,6698130.86,5941387.56,3503120.00,0.00,1738.00,6126975.00,28680208.35
2021-03-07,7557524.00,1429549.00,1000.00,8483165.93,6698130.86,5941387.56,3503120.00,0.00,1738.00,6126975.00,28680208.35
2021-03-08,7557524.00,1429549.00,25.00,8483165.93,6698130.86,5941387.56,3503120.00,0.00,1738.00,6127950.00,28680208.35
2021-03-09,7557524.00,1429549.00,0.00,8483165.93,6698130.86,5941387.56,3503120.00,0.00,1738.00,6127975.00,28680208.35
2021-03-10,7579901.00,1360064.00,100.00,8483165.93,6698130.86,5941387.56,3592010.00,0.00,1355.00,6219737.00,28702585.35
2021-03-11,7579901.00,1360064.00,11051.00,8483165.93,6698130.86,5941387.56,3592010.00,0.00,1355.00,6208786.00,28702585.35
2021-03-12,7579901.00,1360064.00,6800.00,8530720.88,6698130.86,5941387.56,3592010.00,0.00,1355.00,6213037.00,28750140.30
2021-03-13,7579901.00,1360064.00,6800.00,8530720.88,6698130.86,5941387.56,3592010.00,0.00,1355.00,6213037.00,28750140.30
2021-03-14,7579901.00,1360064.00,6800.00,8530720.88,6698130.86,5941387.56,3592010.00,0.00,1355.00,6213037.00,28750140.30
2021-03-15,7579901.00,1360064.00,3.00,8530720.88,6698130.86,5941387.56,3592010.00,0.00,1355.00,6219834.00,28750140.30
2021-03-16,7579901.00,1360064.00,702.00,8530720.88,6698130.86,5941387.56,3592010.00,0.00,1355.00,6219135.00,28750140.30
2021-03-17,7693506.00,1272583.00,0.00,8530720.88,6698130.86,5941387.56,3681030.00,0.00,851.00,6420923.00,28863745.30
2021-03-18,7693506.00,1272583.00,26570.00,8530720.88,6698130.86,5941387.56,3681030.00,0.00,851.00,6394353.00,28863745.30
2021-03-19,7693506.00,1272583.00,18908.00,8529499.71,6698130.86,5941387.56,3681030.00,0.00,851.00,6402015.00,28862524.13
2021-03-20,7693506.00,1272583.00,18908.00,8529499.71,6698130.86,5941387.56,3681030.00,0.00,851.00,6402015.00,28862524.13
2021-03-21,7693506.00,1272583.00,18908.00,8529499.71,6698130.86,5941387.56,3681030.00,0.00,851.00,6402015.00,28862524.13
2021-03-22,7693506.00,1272583.00,22242.00,8529499.71,6698130.86,5941387.56,3681030.00,0.00,851.00,6398681.00,28862524.13
2021-03-23,7693506.00,1272583.00,19526.00,8529499.71,6698130.86,5941387.56,3681030.00,0.00,851.00,6401397.00,28862524.13
2021-03-24,7719622.00,1061138.00,21902.00,8529499.71,6698130.86,5941387.56,3826375.00,0.00,1054.00,6636582.00,28888640.13
2021-03-25,7719622.00,1061138.00,10100.00,8529499.71,6698130.86,5941387.56,3826375.00,0.00,1054.00,6648384.00,28888640.13
2021-03-26,7719622.00,1061138.00,11450.00,8854423.78,6698130.86,5941387.56,3826375.00,0.00,1054.00,6647034.00,29213564.20
2021-03-27,7719622.00,1061138.00,11450.00,8854423.78,6698130.86,5941387.56,3826375.00,0.00,1054.00,6647034.00,29213564.20
2021-03-28,7719622.00,1061138.00,11450.00,8854423.78,6698130.86,5941387.56,3826375.00,0.00,1054.00,6647034.00,29213564.20
2021-03-29,7719622.00,1061138.00,40354.00,8854423.78,6698130.86,5941387.56,3826375.00,0.00,1054.00,6618130.00,29213564.20
2021-03-30,7719622.00,1061138.00,104725.00,8854423.78,6698130.86,5941387.56,3826375.00,0.00,1054.00,6553759.00,29213564.20
2021-03-31,7688988.00,1025727.00,134307.00,8854423.78,6698130.86,5941387.56,3876162.00,0.00,828.00,6528954.00,29182930.20
2021-04-01,7688988.00,1025727.00,9575.00,8854423.78,6511451.04,5941387.56,3876162.00,0.00,828.00,6653686.00,28996250.38
2021-04-02,7688988.00,1025727.00,9575.00,8815322.77,6511451.04,5941387.56,3876162.00,0.00,828.00,6653686.00,28957149.38
2021-04-03,7688988.00,1025727.00,9575.00,8815322.77,6511451.04,5941387.56,3876162.00,0.00,828.00,6653686.00,28957149.38
2021-04-04,7688988.00,1025727.00,9575.00,8815322.77,6511451.04,5941387.56,3876162.00,0.00,828.00,6653686.00,28957149.38
2021-04-05,7688988.00,1025727.00,3450.00,8815322.77,6511451.04,5941387.56,3876162.00,0.00,828.00,6659811.00,28957149.38
2021-04-06,7688988.00,1025727.00,18951.00,8815322.77,6511451.04,5941387.56,3876162.00,0.00,828.00,6644310.00,28957149.38
2021-04-07,7708882.00,1010103.00,35035.00,8815322.77,6511451.04,5941387.56,3932949.00,0.00,709.00,6663744.00,28977043.38
2021-04-08,7708882.00,1010103.00,27640.00,8815322.77,6511451.04,5941387.56,3932949.00,0.00,709.00,6671139.00,28977043.38
2021-04-09,7708882.00,1010103.00,31265.00,8939723.45,6511451.04,5941387.56,3932949.00,0.00,709.00,6667514.00,29101444.06
2021-04-10,7708882.00,1010103.00,31265.00,8939723.45,6511451.04,5941387.56,3932949.00,0.00,709.00,6667514.00,29101444.06
2021-04-11,7708882.00,1010103.00,31265.00,8939723.45,6511451.04,5941387.56,3932949.00,0.00,709.00,6667514.00,29101444.06
2021-04-12,7708882.00,1010103.00,30221.00,8939723.45,6511451.04,5941387.56,3932949.00,0.00,709.00,6668558.00,29101444.06
2021-04-13,7708882.00,1010103.00,37543.00,8939723.45,6511451.04,5941387.56,3932949.00,0.00,709.00,6661236.00,29101444.06
2021-04-14,7793104.00,925094.00,50856.00,8939723.45,6511451.04,5941387.56,3977813.00,0.00,743.00,6817154.00,29185666.06
2021-04-15,7793104.00,925094.00,28626.00,8939723.45,6511451.04,5941387.56,3977813.00,0.00,743.00,6839384.00,29185666.06
2021-04-16,7793104.00,925094.00,39940.00,9011594.40,6511451.04,5941387.56,3977813.00,0.00,743.00,6828070.00,29257537.01
2021-04-17,7793104.00,925094.00,39940.00,9011594.40,6511451.04,5941387.56,3977813.00,0.00,743.00,6828070.00,29257537.01
2021-04-18,7793104.00,925094.00,39940.00,9011594.40,6511451.04,5941387.56,3977813.00,0.00,743.00,6828070.00,29257537.01
2021-04-19,7793104.00,925094.00,53798.00,9011594.40,6511451.04,5941387.56,3977813.00,0.00,743.00,6814212.00,29257537.01
2021-04-20,7793104.00,925094.00,67747.00,9011594.40,6511451.04,5941387.56,3977813.00,0.00,743.00,6800263.00,29257537.01
2021-04-21,7820948.00,1015902.00,81329.00,9011594.40,6511451.04,5941387.56,3825455.00,0.00,1084.00,6723717.00,29285381.01
2021-04-22,7820948.00,1015902.00,102644.00,9011594.40,6511451.04,5941387.56,3825455.00,0.00,1084.00,6702402.00,29285381.01
2021-04-23,7820948.00,1015902.00,73794.00,9122088.13,6511451.04,5941387.56,3825455.00,0.00,1084.00,6731252.00,29395874.74
2021-04-24,7820948.00,1015902.00,73794.00,9122088.13,6511451.04,5941387.56,3825455.00,0.00,1084.00,6731252.00,29395874.74
2021-04-25,7820948.00,1015902.00,73794.00,9122088.13,6511451.04,5941387.56,3825455.00,0.00,1084.00,6731252.00,29395874.74
2021-04-26,7820948.00,1015902.00,100916.00,9122088.13,6511451.04,5941387.56,3825455.00,0.00,1084.00,6704130.00,29395874.74
2021-04-27,7820948.00,1015902.00,142172.00,9122088.13,6511451.04,5941387.56,3825455.00,0.00,1084.00,6662874.00,29395874.74
2021-04-28,7780962.00,967689.00,166732.00,9122088.13,6511451.04,5941387.56,3829269.00,0.00,731.00,6646541.00,29355888.74
2021-04-29,7780962.00,967689.00,173469.00,9122088.13,6511451.04,5941387.56,3829269.00,0.00,731.00,6639804.00,29355888.74
2021-04-30,7780962.00,967689.00,183234.00,9104237.84,6511451.04,5941387.56,3829269.00,0.00,731.00,6630039.00,29338038.44
2021-05-01,7780962.00,967689.00,183234.00,9104237.84,6628015.18,5941387.56,3829269.00,0.00,731.00,6630039.00,29454602.58
2021-05-02,7780962.00,967689.00,183234.00,9104237.84,6628015.18,5941387.56,3829269.00,0.00,731.00,6630039.00,29454602.58
2021-05-03,7780962.00,967689.00,129724.00,9104237.84,6628015.18,5941387.56,3829269.00,0.00,731.00,6683549.00,29454602.58
2021-05-04,7780962.00,967689.00,147806.00,9104237.84,6628015.18,5941387.56,3829269.00,0.00,731.00,6665467.00,29454602.58
2021-05-05,7810486.00,953689.00,162800.00,9104237.84,6628015.18,5941387.56,3873728.00,0.00,545.00,6693997.00,29484126.58
2021-05-06,7810486.00,953689.00,154921.00,9104237.84,6628015.18,5941387.56,3873728.00,0.00,545.00,6701876.00,29484126.58
2021-05-07,7810486.00,953689.00,161856.00,9231736.27,6628015.18,5941387.56,3873728.00,0.00,545.00,6694941.00,29611625.02
2021-05-08,7810486.00,953689.00,161856.00,9231736.27,6628015.18,5941387.56,3873728.00,0.00,545.00,6694941.00,29611625.02
2021-05-09,7810486.00,953689.00,161856.00,9231736.27,6628015.18,5941387.56,3873728.00,0.00,545.00,6694941.00,29611625.02
2021-05-10,7810486.00,953689.00,175548.00,9231736.27,6628015.18,5941387.56,3873728.00,0.00,545.00,6681249.00,29611625.02
2021-05-11,7810486.00,953689.00,181753.00,9231736.27,6628015.18,5941387.56,3873728.00,0.00,545.00,6675044.00,29611625.02
2021-05-12,7830663.00,898779.00,209257.00,9231736.27,6628015.18,5941387.56,3947565.00,0.00,581.00,6722627.00,29631802.02
2021-05-13,7830663.00,898779.00,235217.00,9231736.27,6628015.18,5941387.56,3947565.00,0.00,581.00,6696667.00,29631802.02
2021-05-14,7830663.00,898779.00,241185.00,9246214.09,6628015.18,5941387.56,3947565.00,0.00,581.00,6690699.00,29646279.83
2021-05-15,7830663.00,898779.00,241185.00,9246214.09,6628015.18,5941387.56,3947565.00,0.00,581.00,6690699.00,29646279.83
2021-05-16,7830663.00,898779.00,241185.00,9246214.09,6628015.18,5941387.56,3947565.00,0.00,581.00,6690699.00,29646279.83
2021-05-17,7830663.00,898779.00,208960.00,9246214.09,6628015.18,5941387.56,3947565.00,0.00,581.00,6722924.00,29646279.83
2021-05-18,7830663.00,898779.00,243470.00,9246214.09,6628015.18,5941387.56,3947565.00,0.00,581.00,6688414.00,29646279.83
2021-05-19,7922883.00,866119.00,293998.00,9246214.09,6628015.18,5941387.56,3919807.00,0.00,661.00,6762766.00,29738499.83
2021-05-20,7922883.00,866119.00,351121.00,9246214.09,6628015.18,5941387.56,3919807.00,0.00,661.00,6705643.00,29738499.83
2021-05-21,7922883.00,866119.00,369046.00,9307852.43,6628015.18,5941387.56,3919807.00,0.00,661.00,6687718.00,29800138.17
2021-05-22,7922883.00,866119.00,369046.00,9307852.43,6628015.18,5941387.56,3919807.00,0.00,661.00,6687718.00,29800138.17
2021-05-23,7922883.00,866119.00,369046.00,9307852.43,6628015.18,5941387.56,3919807.00,0.00,661.00,6687718.00,29800138.17
2021-05-24,7922883.00,866119.00,394941.00,9307852.43,6628015.18,5941387.56,3919807.00,0.00,661.00,6661823.00,29800138.17
2021-05-25,7922883.00,866119.00,432955.00,9307852.43,6628015.18,5941387.56,3919807.00,0.00,661.00,6623809.00,29800138.17
2021-05-26,7903541.00,812473.00,450283.00,9307852.43,6628015.18,5941387.56,3805178.00,22.00,633.00,6640785.00,29780796.17
2021-05-27,7903541.00,812473.00,485329.00,9307852.43,6628015.18,5941387.56,3805178.00,0.00,633.00,6605739.00,29780796.17
2021-05-28,7903541.00,812473.00,479498.00,9337712.80,6628015.18,5941387.56,3805178.00,0.00,633.00,6611570.00,29810656.55
2021-05-29,7903541.00,812473.00,479498.00,9337712.80,6628015.18,5941387.56,3805178.00,0.00,633.00,6611570.00,29810656.55
2021-05-30,7903541.00,812473.00,479498.00,9337712.80,6628015.18,5941387.56,3805178.00,0.00,633.00,6611570.00,29810656.55
2021-05-31,7903541.00,812473.00,479498.00,9337712.80,6628015.18,5941387.56,3805178.00,0.00,633.00,6611570.00,29810656.55
2021-06-01,7903541.00,812473.00,447985.00,9337712.80,6551225.44,5941387.56,3805178.00,0.00,633.00,6643083.00,29733866.81
2021-06-02,7935703.00,783235.00,438778.00,9337712.80,6551225.44,5941387.56,3814127.00,0.00,578.00,6713690.00,29766028.81
2021-06-03,7935703.00,783235.00,479102.00,9337712.80,6551225.44,5941387.56,3814127.00,0.00,578.00,6673366.00,29766028.81
2021-06-04,7935703.00,783235.00,483349.00,9349030.77,6551225.44,5941387.56,3814127.00,0.00,578.00,6669119.00,29777346.77
2021-06-05,7935703.00,783235.00,483349.00,9349030.77,6551225.44,5941387.56,3814127.00,0.00,578.00,6669119.00,29777346.77
2021-06-06,7935703.00,783235.00,483349.00,9349030.77,6551225.44,5941387.56,3814127.00,0.00,578.00,6669119.00,29777346.77
2021-06-07,7935703.00,783235.00,486097.00,9349030.77,6551225.44,5941387.56,3814127.00,0.00,578.00,6666371.00,29777346.77
2021-06-08,7935703.00,783235.00,497428.00,9349030.77,6551225.44,5941387.56,3814127.00,0.00,578.00,6655040.00,29777346.77
2021-06-09,7952327.00,730235.00,502904.00,9349030.77,6551225.44,5941387.56,3874371.00,0.00,502.00,6719188.00,29793970.77
2021-06-10,7952327.00,730235.00,534943.00,9349030.77,6551225.44,5941387.56,3874371.00,0.00,502.00,6687149.00,29793970.77
2021-06-11,7952327.00,730235.00,547808.00,9318903.86,6551225.44,5941387.56,3874371.00,0.00,502.00,6674284.00,29763843.87
2021-06-12,7952327.00,730235.00,547808.00,9318903.86,6551225.44,5941387.56,3874371.00,0.00,502.00,6674284.00,29763843.87
2021-06-13,7952327.00,730235.00,547808.00,9318903.86,6551225.44,5941387.56,3874371.00,0.00,502.00,6674284.00,29763843.87
2021-06-14,7952327.00,730235.00,583892.00,9318903.86,6551225.44,5941387.56,3874371.00,0.00,502.00,6638200.00,29763843.87
2021-06-15,7952327.00,730235.00,509559.00,9318903.86,6551225.44,5941387.56,3874371.00,0.00,502.00,6712533.00,29763843.87
2021-06-16,8064257.00,653889.00,520942.00,9318903.86,6551225.44,5941387.56,3940038.00,0.00,584.00,6889426.00,29875773.87
2021-06-17,8064257.00,653889.00,755800.00,9318903.86,6551225.44,5941387.56,3940038.00,0.00,584.00,6654568.00,29875773.87
2021-06-18,8064257.00,653889.00,747121.00,9184815.54,6551225.44,5941387.56,3940038.00,0.00,584.00,6663247.00,29741685.54
2021-06-19,8064257.00,653889.00,747121.00,9184815.54,6551225.44,5941387.56,3940038.00,0.00,584.00,6663247.00,29741685.54
2021-06-20,8064257.00,653889.00,747121.00,9184815.54,6551225.44,5941387.56,3940038.00,0.00,584.00,6663247.00,29741685.54
2021-06-21,8064257.00,653889.00,765141.00,9184815.54,6551225.44,5941387.56,3940038.00,0.00,584.00,6645227.00,29741685.54
2021-06-22,8064257.00,653889.00,791605.00,9184815.54,6551225.44,5941387.56,3940038.00,0.00,584.00,6618763.00,29741685.54
2021-06-23,8101945.00,734689.00,813650.00,9184815.54,6551225.44,5941387.56,3808042.00,0.00,461.00,6553606.00,29779373.54
2021-06-24,8101945.00,734689.00,813048.00,9184815.54,6551225.44,5941387.56,3808042.00,0.00,461.00,6554208.00,29779373.54
2021-06-25,8101945.00,734689.00,770830.00,9405289.64,6551225.44,5941387.56,3808042.00,0.00,461.00,6596426.00,29999847.64
2021-06-26,8101945.00,734689.00,770830.00,9405289.64,6551225.44,5941387.56,3808042.00,0.00,461.00,6596426.00,29999847.64
2021-06-27,8101945.00,734689.00,770830.00,9405289.64,6551225.44,5941387.56,3808042.00,0.00,461.00,6596426.00,29999847.64
2021-06-28,8101945.00,734689.00,803019.00,9405289.64,6551225.44,5941387.56,3808042.00,0.00,461.00,6564237.00,29999847.64
2021-06-29,8101945.00,734689.00,841246.00,9405289.64,6551225.44,5941387.56,3808042.00,0.00,461.00,6526010.00,29999847.64
2021-06-30,8078544.00,745962.00,991939.00,9405289.64,6551225.44,5941387.56,3780791.00,0.00,477.00,6340643.00,29976446.64
2021-07-01,8078544.00,745962.00,742647.00,9405289.64,6480305.67,5941387.56,3780791.00,0.00,477.00,6589935.00,29905526.86
2021-07-02,8078544.00,745962.00,731504.00,9369169.73,6480305.67,5941387.56,3780791.00,0.00,477.00,6601078.00,29869406.96
2021-07-03,8078544.00,745962.00,731504.00,9369169.73,6480305.67,5941387.56,3780791.00,0.00,477.00,6601078.00,29869406.96
2021-07-04,8078544.00,745962.00,731504.00,9369169.73,6480305.67,5941387.56,3780791.00,0.00,477.00,6601078.00,29869406.96
2021-07-05,8078544.00,745962.00,731504.00,9369169.73,6480305.67,5941387.56,3780791.00,0.00,477.00,6601078.00,29869406.96
2021-07-06,8078544.00,745962.00,772581.00,9369169.73,6480305.67,5941387.56,3780791.00,0.00,477.00,6560001.00,29869406.96
2021-07-07,8097773.00,753364.00,785720.00,9369169.73,6480305.67,5941387.56,3870568.00,0.00,406.00,6558689.00,29888635.96
2021-07-08,8097773.00,753364.00,793399.00,9369169.73,6480305.67,5941387.56,3870568.00,0.00,406.00,6551010.00,29888635.96
2021-07-09,8097773.00,753364.00,780596.00,9401680.96,6480305.67,5941387.56,3870568.00,0.00,406.00,6563813.00,29921147.18
2021-07-10,8097773.00,753364.00,780596.00,9401680.96,6480305.67,5941387.56,3870568.00,0.00,406.00,6563813.00,29921147.18
2021-07-11,8097773.00,753364.00,780596.00,9401680.96,6480305.67,5941387.56,3870568.00,0.00,406.00,6563813.00,29921147.18
2021-07-12,8097773.00,753364.00,776472.00,9401680.96,6480305.67,5941387.56,3870568.00,0.00,406.00,6567937.00,29921147.18
2021-07-13,8097773.00,753364.00,798267.00,9401680.96,6480305.67,5941387.56,3870568.00,0.00,406.00,6546142.00,29921147.18
2021-07-14,8201651.00,704918.00,859975.00,9401680.96,6480305.67,5941387.56,3903058.00,0.00,386.00,6636758.00,30025025.18
2021-07-15,8201651.00,704918.00,776261.00,9401680.96,6480305.67,5941387.56,3903058.00,0.00,386.00,6720472.00,30025025.18
2021-07-16,8201651.00,704918.00,817566.00,9389725.92,6480305.67,5941387.56,3903058.00,0.00,386.00,6679167.00,30013070.14
2021-07-17,8201651.00,704918.00,817566.00,9389725.92,6480305.67,5941387.56,3903058.00,0.00,386.00,6679167.00,30013070.14
2021-07-18,8201651.00,704918.00,817566.00,9389725.92,6480305.67,5941387.56,3903058.00,0.00,386.00,6679167.00,30013070.14
2021-07-19,8201651.00,704918.00,860468.00,9389725.92,6480305.67,5941387.56,3903058.00,0.00,386.00,6636265.00,30013070.14
2021-07-20,8201651.00,704918.00,848102.00,9389725.92,6480305.67,5941387.56,3903058.00,0.00,386.00,6648631.00,30013070.14
2021-07-21,8240530.00,678103.00,886206.00,9389725.92,6480305.67,5941387.56,3972940.00,0.00,554.00,6676221.00,30051949.14
2021-07-22,8240530.00,678103.00,898197.00,9389725.92,6480305.67,5941387.56,3972940.00,0.00,554.00,6664230.00,30051949.14
2021-07-23,8240530.00,678103.00,877251.00,9394739.72,6480305.67,5941387.56,3972940.00,0.00,554.00,6685176.00,30056962.95
2021-07-24,8240530.00,678103.00,877251.00,9394739.72,6480305.67,5941387.56,3972940.00,0.00,554.00,6685176.00,30056962.95
2021-07-25,8240530.00,678103.00,877251.00,9394739.72,6480305.67,5941387.56,3972940.00,0.00,554.00,6685176.00,30056962.95
2021-07-26,8240530.00,678103.00,891203.00,9394739.72,6480305.67,5941387.56,3972940.00,0.00,554.00,6671224.00,30056962.95
2021-07-27,8240530.00,678103.00,927419.00,9394739.72,6480305.67,5941387.56,3972940.00,0.00,554.00,6635008.00,30056962.95
2021-07-28,8221473.00,578204.00,965189.00,9394739.72,6480305.67,5941387.56,3984371.00,0.00,472.00,6678080.00,30037905.95
2021-07-29,8221473.00,578204.00,987283.00,9394739.72,6480305.67,5941387.56,3984371.00,0.00,472.00,6655986.00,30037905.95
2021-07-30,8221473.00,578204.00,1039394.00,9476208.65,6480305.67,5941387.56,3984371.00,0.00,472.00,6603875.00,30119374.88
2021-07-31,8221473.00,578204.00,1039394.00,9476208.65,6480305.67,5941387.56,3984371.00,0.00,472.00,6603875.00,30119374.88
2021-08-01,8221473.00,578204.00,1039394.00,9476208.65,6624523.25,5941387.56,3984371.00,0.00,472.00,6603875.00,30263592.46
2021-08-02,8221473.00,578204.00,921317.00,9476208.65,6624523.25,5941387.56,3984371.00,0.00,472.00,6721952.00,30263592.46
2021-08-03,8221473.00,578204.00,909442.00,9476208.65,6624523.25,5941387.56,3984371.00,0.00,472.00,6733827.00,30263592.46
2021-08-04,8235073.00,492668.00,931755.00,9476208.65,6624523.25,5941387.56,4005578.00,0.00,268.00,6810650.00,30277192.46
2021-08-05,8235073.00,492668.00,944335.00,9476208.65,6624523.25,5941387.56,4005578.00,0.00,268.00,6798070.00,30277192.46
2021-08-06,8235073.00,492668.00,952134.00,9420179.40,6624523.25,5941387.56,4005578.00,0.00,268.00,6790271.00,30221163.21
2021-08-07,8235073.00,492668.00,952134.00,9420179.40,6624523.25,5941387.56,4005578.00,0.00,268.00,6790271.00,30221163.21
2021-08-08,8235073.00,492668.00,952134.00,9420179.40,6624523.25,5941387.56,4005578.00,0.00,268.00,6790271.00,30221163.21
2021-08-09,8235073.00,492668.00,981765.00,9420179.40,6624523.25,5941387.56,4005578.00,0.00,268.00,6760640.00,30221163.21
2021-08-10,8235073.00,492668.00,998654.00,9420179.40,6624523.25,5941387.56,4005578.00,0.00,268.00,6743751.00,30221163.21
2021-08-11,8257159.00,434919.00,1000460.00,9420179.40,6624523.25,5941387.56,4090506.00,0.00,289.00,6821780.00,30243249.21
2021-08-12,8257159.00,434919.00,1087342.00,9420179.40,6624523.25,5941387.56,4090506.00,0.00,289.00,6734898.00,30243249.21
2021-08-13,8257159.00,434919.00,1050941.00,9479282.11,6624523.25,5941387.56,4090506.00,0.00,289.00,6771299.00,30302351.92
2021-08-14,8257159.00,434919.00,1050941.00,9479282.11,6624523.25,5941387.56,4090506.00,0.00,289.00,6771299.00,30302351.92
2021-08-15,8257159.00,434919.00,1050941.00,9479282.11,6624523.25,5941387.56,4090506.00,0.00,289.00,6771299.00,30302351.92
2021-08-16,8257159.00,434919.00,1036418.00,9479282.11,6624523.25,5941387.56,4090506.00,0.00,289.00,6785822.00,30302351.92
2021-08-17,8257159.00,434919.00,1053454.00,9479282.11,6624523.25,5941387.56,4090506.00,0.00,289.00,6768786.00,30302351.92
2021-08-18,8342598.00,338808.00,1115656.00,9479282.11,6624523.25,5941387.56,4186711.00,0.00,291.00,6888134.00,30387790.92
2021-08-19,8342598.00,338808.00,1109938.00,9479282.11,6624523.25,5941387.56,4186711.00,0.00,291.00,6893852.00,30387790.92
2021-08-20,8342598.00,338808.00,1111905.00,9413695.14,6624523.25,5941387.56,4186711.00,0.00,291.00,6891885.00,30322203.95
2021-08-21,8342598.00,338808.00,1111905.00,9413695.14,6624523.25,5941387.56,4186711.00,0.00,291.00,6891885.00,30322203.95
2021-08-22,8342598.00,338808.00,1111905.00,9413695.14,6624523.25,5941387.56,4186711.00,0.00,291.00,6891885.00,30322203.95
2021-08-23,8342598.00,338808.00,1135697.00,9413695.14,6624523.25,5941387.56,4186711.00,0.00,291.00,6868093.00,30322203.95
2021-08-24,8342598.00,338808.00,1129737.00,9413695.14,6624523.25,5941387.56,4186711.00,0.00,291.00,6874053.00,30322203.95
2021-08-25,8332743.00,301430.00,1147089.00,9413695.14,6624523.25,5941387.56,4167748.00,0.00,278.00,6884224.00,30312348.95
2021-08-26,8332743.00,301430.00,1091792.00,9413695.14,6624523.25,5941387.56,4167748.00,0.00,278.00,6939521.00,30312348.95
2021-08-27,8332743.00,301430.00,1120015.00,9660833.37,6624523.25,5941387.56,4167748.00,0.00,278.00,6911298.00,30559487.18
2021-08-28,8332743.00,301430.00,1120015.00,9660833.37,6624523.25,5941387.56,4167748.00,0.00,278.00,6911298.00,30559487.18
2021-08-29,8332743.00,301430.00,1120015.00,9660833.37,6624523.25,5941387.56,4167748.00,0.00,278.00,6911298.00,30559487.18
2021-08-30,8332743.00,301430.00,1140711.00,9660833.37,6624523.25,5941387.56,4167748.00,0.00,278.00,6890602.00,30559487.18
2021-08-31,8332743.00,301430.00,1189616.00,9660833.37,6624523.25,5941387.56,4167748.00,0.00,278.00,6841697.00,30559487.18
2021-09-01,8349173.00,277650.00,1084115.00,9660833.37,6580549.85,5941387.56,4193981.00,0.00,338.00,6987408.00,30531943.78
2021-09-02,8349173.00,277650.00,1066987.00,9660833.37,6580549.85,5941387.56,4193981.00,0.00,338.00,7004536.00,30531943.78
2021-09-03,8349173.00,277650.00,1074707.00,9753833.41,6580549.85,5941387.56,4193981.00,0.00,338.00,6996816.00,30624943.82
2021-09-04,8349173.00,277650.00,1074707.00,9753833.41,6580549.85,5941387.56,4193981.00,0.00,338.00,6996816.00,30624943.82
2021-09-05,8349173.00,277650.00,1074707.00,9753833.41,6580549.85,5941387.56,4193981.00,0.00,338.00,6996816.00,30624943.82
2021-09-06,8349173.00,277650.00,1074707.00,9753833.41,6580549.85,5941387.56,4193981.00,0.00,338.00,6996816.00,30624943.82
2021-09-07,8349173.00,277650.00,1079945.00,9753833.41,6580549.85,5941387.56,4193981.00,0.00,338.00,6991578.00,30624943.82
2021-09-08,8357314.00,253496.00,1115229.00,9753833.41,6580549.85,5941387.56,4250506.00,0.00,245.00,6988589.00,30633084.82
2021-09-09,8357314.00,253496.00,1107659.00,9753833.41,6580549.85,5941387.56,4250506.00,0.00,245.00,6996159.00,30633084.82
2021-09-10,8357314.00,253496.00,1099323.00,9720092.68,6580549.85,5941387.56,4250506.00,0.00,245.00,7004495.00,30599344.09
2021-09-11,8357314.00,253496.00,1099323.00,9720092.68,6580549.85,5941387.56,4250506.00,0.00,245.00,7004495.00,30599344.09
2021-09-12,8357314.00,253496.00,1099323.00,9720092.68,6580549.85,5941387.56,4250506.00,0.00,245.00,7004495.00,30599344.09
2021-09-13,8357314.00,253496.00,1087108.00,9720092.68,6580549.85,5941387.56,4250506.00,0.00,245.00,7016710.00,30599344.09
2021-09-14,8357314.00,253496.00,1169280.00,9720092.68,6580549.85,5941387.56,4250506.00,0.00,245.00,6934538.00,30599344.09
2021-09-15,8448770.00,230328.00,1081342.00,9720092.68,6580549.85,5941387.56,4271184.00,0.00,243.00,7137100.00,30690800.09
2021-09-16,8448770.00,230328.00,1147494.00,9720092.68,6580549.85,5941387.56,4271184.00,0.00,243.00,7070948.00,30690800.09
2021-09-17,8448770.00,230328.00,1218303.00,9674180.78,6580549.85,5941387.56,4271184.00,0.00,243.00,7000139.00,30644888.20
2021-09-18,8448770.00,230328.00,1218303.00,9674180.78,6580549.85,5941387.56,4271184.00,0.00,243.00,7000139.00,30644888.20
2021-09-19,8448770.00,230328.00,1218303.00,9674180.78,6580549.85,5941387.56,4271184.00,0.00,243.00,7000139.00,30644888.20
2021-09-20,8448770.00,230328.00,1224289.00,9674180.78,6580549.85,5941387.56,4271184.00,0.00,243.00,6994153.00,30644888.20
2021-09-21,8448770.00,230328.00,1240494.00,9674180.78,6580549.85,5941387.56,4271184.00,0.00,243.00,6977948.00,30644888.20
2021-09-22,8489824.00,308022.00,1283281.00,9674180.78,6580549.85,5941387.56,4156747.00,0.00,382.00,6898521.00,30685942.20
2021-09-23,8489824.00,308022.00,1352483.00,9674180.78,6580549.85,5941387.56,4156747.00,1.00,382.00,6829319.00,30685942.20
2021-09-24,8489824.00,308022.00,1313657.00,9692062.00,6580549.85,5941387.56,4156747.00,0.00,382.00,6868145.00,30703823.41
2021-09-25,8489824.00,308022.00,1313657.00,9692062.00,6580549.85,5941387.56,4156747.00,0.00,382.00,6868145.00,30703823.41
2021-09-26,8489824.00,308022.00,1313657.00,9692062.00,6580549.85,5941387.56,4156747.00,0.00,382.00,6868145.00,30703823.41
2021-09-27,8489824.00,308022.00,1297050.00,9692062.00,6580549.85,5941387.56,4156747.00,0.00,382.00,6884752.00,30703823.41
2021-09-28,8489824.00,308022.00,1365185.00,9692062.00,6580549.85,5941387.56,4156747.00,0.00,382.00,6816617.00,30703823.41
2021-09-29,8447981.00,197744.00,1415840.00,9692062.00,6580549.85,5941387.56,4125348.00,0.00,606.00,6834397.00,30661980.41
2021-09-30,8447981.00,197744.00,1604881.00,9692062.00,6580549.85,5941387.56,4125348.00,1.00,606.00,6645356.00,30661980.41
2021-10-01,8447981.00,197744.00,1385991.00,9613753.85,6534996.85,5941387.56,4125348.00,0.00,606.00,6864246.00,30538119.26
2021-10-02,8447981.00,197744.00,1385991.00,9613753.85,6534996.85,5941387.56,4125348.00,0.00,606.00,6864246.00,30538119.26
2021-10-03,8447981.00,197744.00,1385991.00,9613753.85,6534996.85,5941387.56,4125348.00,0.00,606.00,6864246.00,30538119.26
2021-10-04,8447981.00,197744.00,1399173.00,9613753.85,6534996.85,5941387.56,4125348.00,1.00,606.00,6851064.00,30538119.26
2021-10-05,8447981.00,197744.00,1431180.00,9613753.85,6534996.85,5941387.56,4125348.00,0.00,606.00,6819057.00,30538119.26
2021-10-06,8464032.00,135582.00,1451175.00,9613753.85,6534996.85,5941387.56,4130050.00,0.00,389.00,6877275.00,30554170.26
2021-10-07,8464032.00,135582.00,1375863.00,9613753.85,6534996.85,5941387.56,4130050.00,0.00,389.00,6952587.00,30554170.26
2021-10-08,8464032.00,135582.00,1371958.00,9621290.60,6534996.85,5941387.56,4130050.00,0.00,389.00,6956492.00,30561707.01
2021-10-09,8464032.00,135582.00,1371958.00,9621290.60,6534996.85,5941387.56,4130050.00,0.00,389.00,6956492.00,30561707.01
2021-10-10,8464032.00,135582.00,1371958.00,9621290.60,6534996.85,5941387.56,4130050.00,0.00,389.00,6956492.00,30561707.01
2021-10-11,8464032.00,135582.00,1371958.00,9621290.60,6534996.85,5941387.56,4130050.00,0.00,389.00,6956492.00,30561707.01
2021-10-12,8464032.00,135582.00,1367051.00,9621290.60,6534996.85,5941387.56,4130050.00,0.00,389.00,6961399.00,30561707.01
2021-10-13,8480942.00,77858.00,1364701.00,9621290.60,6534996.85,5941387.56,4194503.00,0.00,418.00,7038383.00,30578617.01
2021-10-14,8480942.00,77858.00,1445660.00,9621290.60,6534996.85,5941387.56,4194503.00,2.00,418.00,6957424.00,30578617.01
2021-10-15,8480942.00,77858.00,1462297.00,9665585.05,6534996.85,5941387.56,4194503.00,0.00,418.00,6940787.00,30622911.46
2021-10-16,8480942.00,77858.00,1462297.00,9665585.05,6534996.85,5941387.56,4194503.00,0.00,418.00,6940787.00,30622911.46
2021-10-17,8480942.00,77858.00,1462297.00,9665585.05,6534996.85,5941387.56,4194503.00,0.00,418.00,6940787.00,30622911.46
2021-10-18,8480942.00,77858.00,1477114.00,9665585.05,6534996.85,5941387.56,4194503.00,0.00,418.00,6925970.00,30622911.46
2021-10-19,8480942.00,77858.00,1470739.00,9665585.05,6534996.85,5941387.56,4194503.00,0.00,418.00,6932345.00,30622911.46
2021-10-20,8564943.00,83386.00,1493961.00,9665585.05,6534996.85,5941387.56,4134714.00,0.00,606.00,6987596.00,30706912.46
2021-10-21,8564943.00,83386.00,1458605.00,9665585.05,6534996.85,5941387.56,4134714.00,0.00,606.00,7022952.00,30706912.46
2021-10-22,8564943.00,83386.00,1403020.00,9733980.97,6534996.85,5941387.56,4134714.00,0.00,606.00,7078537.00,30775308.38
2021-10-23,8564943.00,83386.00,1403020.00,9733980.97,6534996.85,5941387.56,4134714.00,0.00,606.00,7078537.00,30775308.38
2021-10-24,8564943.00,83386.00,1403020.00,9733980.97,6534996.85,5941387.56,4134714.00,0.00,606.00,7078537.00,30775308.38
2021-10-25,8564943.00,83386.00,1413188.00,9733980.97,6534996.85,5941387.56,4134714.00,1.00,606.00,7068369.00,30775308.38
2021-10-26,8564943.00,83386.00,1423198.00,9733980.97,6534996.85,5941387.56,4134714.00,0.00,606.00,7058359.00,30775308.38
2021-10-27,8556181.00,213291.00,1433370.00,9733980.97,6534996.85,5941387.56,4077170.00,0.00,605.00,6909520.00,30766546.38
2021-10-28,8556181.00,213291.00,1384684.00,9733980.97,6534996.85,5941387.56,4077170.00,0.00,605.00,6958206.00,30766546.38
2021-10-29,8556181.00,213291.00,1502296.00,9664485.22,6534996.85,5941387.56,4077170.00,0.00,605.00,6840594.00,30697050.63
2021-10-30,8556181.00,213291.00,1502296.00,9664485.22,6534996.85,5941387.56,4077170.00,0.00,605.00,6840594.00,30697050.63
2021-10-31,8556181.00,213291.00,1502296.00,9664485.22,6534996.85,5941387.56,4077170.00,0.00,605.00,6840594.00,30697050.63
2021-11-01,8556181.00,213291.00,1358606.00,9664485.22,6377253.70,5941387.56,4077170.00,0.00,605.00,6984284.00,30539307.48
2021-11-02,8556181.00,213291.00,1329913.00,9664485.22,6377253.70,5941387.56,4077170.00,0.00,605.00,7012977.00,30539307.48
2021-11-03,8574871.00,280205.00,1343985.00,9664485.22,6377253.70,5941387.56,4086336.00,0.00,259.00,6950681.00,30557997.48
2021-11-04,8574871.00,280205.00,1348539.00,9664485.22,6377253.70,5941387.56,4086336.00,0.00,259.00,6946127.00,30557997.48
2021-11-05,8574871.00,280205.00,1354059.00,9685339.23,6377253.70,5941387.56,4086336.00,0.00,259.00,6940607.00,30578851.49
2021-11-06,8574871.00,280205.00,1354059.00,9685339.23,6377253.70,5941387.56,4086336.00,0.00,259.00,6940607.00,30578851.49
2021-11-07,8574871.00,280205.00,1354059.00,9685339.23,6377253.70,5941387.56,4086336.00,0.00,259.00,6940607.00,30578851.49
2021-11-08,8574871.00,280205.00,1354382.00,9685339.23,6377253.70,5941387.56,4086336.00,0.00,259.00,6940284.00,30578851.49
2021-11-09,8574871.00,280205.00,1377197.00,9685339.23,6377253.70,5941387.56,4086336.00,0.00,259.00,6917469.00,30578851.49
2021-11-10,8663117.00,259293.00,1448623.00,9685339.23,6377253.70,5941387.56,4169041.00,0.00,449.00,6955201.00,30667097.49
2021-11-11,8663117.00,259293.00,1448623.00,9685339.23,6377253.70,5941387.56,4169041.00,0.00,449.00,6955201.00,30667097.49
2021-11-12,8663117.00,259293.00,1417643.00,9628589.91,6377253.70,5941387.56,4169041.00,0.00,449.00,6986181.00,30610348.17
2021-11-13,8663117.00,259293.00,1417643.00,9628589.91,6377253.70,5941387.56,4169041.00,0.00,449.00,6986181.00,30610348.17
2021-11-14,8663117.00,259293.00,1417643.00,9628589.91,6377253.70,5941387.56,4169041.00,0.00,449.00,6986181.00,30610348.17
2021-11-15,8663117.00,259293.00,1391657.00,9628589.91,6377253.70,5941387.56,4169041.00,0.00,449.00,7012167.00,30610348.17
2021-11-16,8663117.00,259293.00,1466857.00,9628589.91,6377253.70,5941387.56,4169041.00,0.00,449.00,6936967.00,30610348.17
2021-11-17,8674970.00,211453.00,1520000.00,9628589.91,6377253.70,5941387.56,4209802.00,0.00,355.00,6943517.00,30622201.17
2021-11-18,8674970.00,211453.00,1584097.00,9628589.91,6377253.70,5941387.56,4209802.00,0.00,355.00,6879420.00,30622201.17
2021-11-19,8674970.00,211453.00,1575384.00,9555007.59,6377253.70,5941387.56,4209802.00,0.00,355.00,6888133.00,30548618.85
2021-11-20,8674970.00,211453.00,1575384.00,9555007.59,6377253.70,5941387.56,4209802.00,0.00,355.00,6888133.00,30548618.85
2021-11-21,8674970.00,211453.00,1575384.00,9555007.59,6377253.70,5941387.56,4209802.00,0.00,355.00,6888133.00,30548618.85
2021-11-22,8674970.00,211453.00,1573769.00,9555007.59,6377253.70,5941387.56,4209802.00,0.00,355.00,6889748.00,30548618.85
2021-11-23,8674970.00,211453.00,1571980.00,9555007.59,6377253.70,5941387.56,4209802.00,0.00,355.00,6891537.00,30548618.85
2021-11-24,8681771.00,164087.00,1452897.00,9555007.59,6377253.70,5941387.56,4162810.00,0.00,315.00,7064787.00,30555419.85
2021-11-25,8681771.00,164087.00,1452897.00,9555007.59,6377253.70,5941387.56,4162810.00,0.00,315.00,7064787.00,30555419.85
2021-11-26,8681771.00,164087.00,1451108.00,9558091.23,6377253.70,5941387.56,4162810.00,0.00,315.00,7066576.00,30558503.49
2021-11-27,8681771.00,164087.00,1451108.00,9558091.23,6377253.70,5941387.56,4162810.00,0.00,315.00,7066576.00,30558503.49
2021-11-28,8681771.00,164087.00,1451108.00,9558091.23,6377253.70,5941387.56,4162810.00,0.00,315.00,7066576.00,30558503.49
2021-11-29,8681771.00,164087.00,1459339.00,9558091.23,6377253.70,5941387.56,4162810.00,0.00,315.00,7058345.00,30558503.49
2021-11-30,8681771.00,164087.00,1517956.00,9558091.23,6377253.70,5941387.56,4162810.00,0.00,315.00,6999728.00,30558503.49
2021-12-01,8650402.00,152651.00,1427347.00,9558091.23,6415226.91,5941387.56,4224865.00,0.00,429.00,7070404.00,30565107.70
2021-12-02,8650402.00,152651.00,1448585.00,9558091.23,6415226.91,5941387.56,4224865.00,0.00,429.00,7049166.00,30565107.70
2021-12-03,8650402.00,152651.00,1475464.00,9577771.97,6415226.91,5941387.56,4224865.00,0.00,429.00,7022287.00,30584788.44
2021-12-04,8650402.00,152651.00,1475464.00,9577771.97,6415226.91,5941387.56,4224865.00,0.00,429.00,7022287.00,30584788.44
2021-12-05,8650402.00,152651.00,1475464.00,9577771.97,6415226.91,5941387.56,4224865.00,0.00,429.00,7022287.00,30584788.44
2021-12-06,8650402.00,152651.00,1487996.00,9577771.97,6415226.91,5941387.56,4224865.00,0.00,429.00,7009755.00,30584788.44
2021-12-07,8650402.00,152651.00,1455038.00,9577771.97,6415226.91,5941387.56,4224865.00,0.00,429.00,7042713.00,30584788.44
2021-12-08,8664524.00,115117.00,1484192.00,9577771.97,6415226.91,5941387.56,4275806.00,1.00,378.00,7065215.00,30598910.44
2021-12-09,8664524.00,115117.00,1500027.00,9577771.97,6415226.91,5941387.56,4275806.00,0.00,378.00,7049380.00,30598910.44
2021-12-10,8664524.00,115117.00,1507147.00,9611391.25,6415226.91,5941387.56,4275806.00,1.00,378.00,7042260.00,30632529.72
2021-12-11,8664524.00,115117.00,1507147.00,9611391.25,6415226.91,5941387.56,4275806.00,1.00,378.00,7042260.00,30632529.72
2021-12-12,8664524.00,115117.00,1507147.00,9611391.25,6415226.91,5941387.56,4275806.00,1.00,378.00,7042260.00,30632529.72
2021-12-13,8664524.00,115117.00,1599768.00,9611391.25,6415226.91,5941387.56,4275806.00,0.00,378.00,6949639.00,30632529.72
2021-12-14,8664524.00,115117.00,1584488.00,9611391.25,6415226.91,5941387.56,4275806.00,0.00,378.00,6964919.00,30632529.72
2021-12-15,8756666.00,104798.00,1621097.00,9611391.25,6415226.91,5941387.56,4251431.00,0.00,469.00,7030771.00,30724671.72
2021-12-16,8756666.00,104798.00,1657626.00,9611391.25,6415226.91,5941387.56,4251431.00,0.00,469.00,6994242.00,30724671.72
2021-12-17,8756666.00,104798.00,1704586.00,9598374.57,6415226.91,5941387.56,4251431.00,0.00,469.00,6947282.00,30711655.04
2021-12-18,8756666.00,104798.00,1704586.00,9598374.57,6415226.91,5941387.56,4251431.00,0.00,469.00,6947282.00,30711655.04
2021-12-19,8756666.00,104798.00,1704586.00,9598374.57,6415226.91,5941387.56,4251431.00,0.00,469.00,6947282.00,30711655.04
2021-12-20,8756666.00,104798.00,1758041.00,9598374.57,6415226.91,5941387.56,4251431.00,0.00,469.00,6893827.00,30711655.04
2021-12-21,8756666.00,104798.00,1748285.00,9598374.57,6415226.91,5941387.56,4251431.00,0.00,469.00,6903583.00,30711655.04
2021-12-22,8790495.00,84954.00,1699277.00,9598374.57,6415226.91,5941387.56,4185009.00,0.00,733.00,7006264.00,30745484.04
2021-12-23,8790495.00,84954.00,1577780.00,9598374.57,6415226.91,5941387.56,4185009.00,0.00,733.00,7127761.00,30745484.04
2021-12-24,8790495.00,84954.00,1577780.00,9635932.66,6415226.91,5941387.56,4185009.00,0.00,733.00,7127761.00,30783042.13
2021-12-25,8790495.00,84954.00,1577780.00,9635932.66,6415226.91,5941387.56,4185009.00,0.00,733.00,7127761.00,30783042.13
2021-12-26,8790495.00,84954.00,1577780.00,9635932.66,6415226.91,5941387.56,4185009.00,0.00,733.00,7127761.00,30783042.13
2021-12-27,8790495.00,84954.00,1580347.00,9635932.66,6415226.91,5941387.56,4185009.00,0.00,733.00,7125194.00,30783042.13
2021-12-28,8790495.00,84954.00,1637064.00,9635932.66,6415226.91,5941387.56,4185009.00,1.00,733.00,7068477.00,30783042.13
2021-12-29,8757460.00,211849.00,1642506.00,9635932.66,6415226.91,5941387.56,4116196.00,0.00,640.00,6903105.00,30750007.13
2021-12-30,8757460.00,211849.00,1696476.00,9635932.66,6415226.91,5941387.56,4116196.00,1.00,640.00,6849135.00,30750007.13
2021-12-31,8757460.00,211849.00,1904582.00,9695419.83,6415226.91,6209431.76,4116196.00,0.00,640.00,6641029.00,31077538.50
2022-01-01,8757460.00,211849.00,1904582.00,9695419.83,6296295.91,6209431.76,4116196.00,0.00,640.00,6641029.00,30958607.50
2022-01-02,8757460.00,211849.00,1904582.00,9695419.83,6296295.91,6209431.76,4116196.00,0.00,640.00,6641029.00,30958607.50
2022-01-03,8757460.00,211849.00,1579526.00,9695419.83,6296295.91,6209431.76,4116196.00,1.00,640.00,6966085.00,30958607.50
2022-01-04,8757460.00,211849.00,1495692.00,9695419.83,6296295.91,6209431.76,4116196.00,2.00,640.00,7049919.00,30958607.50
2022-01-05,8765721.00,389751.00,1492787.00,9695419.83,6296295.91,6209431.76,3859731.00,0.00,370.00,6883183.00,30966868.50
2022-01-06,8765721.00,389751.00,1510553.00,9695419.83,6296295.91,6209431.76,3859731.00,0.00,370.00,6865417.00,30966868.50
2022-01-07,8765721.00,389751.00,1530096.00,9737531.42,6296295.91,6209431.76,3859731.00,0.00,370.00,6845874.00,31008980.10
2022-01-08,8765721.00,389751.00,1530096.00,9737531.42,6296295.91,6209431.76,3859731.00,0.00,370.00,6845874.00,31008980.10
2022-01-09,8765721.00,389751.00,1530096.00,9737531.42,6296295.91,6209431.76,3859731.00,0.00,370.00,6845874.00,31008980.10
2022-01-10,8765721.00,389751.00,1560421.00,9737531.42,6296295.91,6209431.76,3859731.00,0.00,370.00,6815549.00,31008980.10
2022-01-11,8765721.00,389751.00,1527020.00,9737531.42,6296295.91,6209431.76,3859731.00,1.00,370.00,6848950.00,31008980.10
2022-01-12,8788278.00,456401.00,1536981.00,9737531.42,6296295.91,6209431.76,3973554.00,0.00,411.00,6794896.00,31031537.10
2022-01-13,8788278.00,456401.00,1636742.00,9737531.42,6296295.91,6209431.76,3973554.00,0.00,411.00,6695135.00,31031537.10
2022-01-14,8788278.00,456401.00,1598887.00,9809181.33,6296295.91,6209431.76,3973554.00,0.00,411.00,6732990.00,31103187.00
2022-01-15,8788278.00,456401.00,1598887.00,9809181.33,6296295.91,6209431.76,3973554.00,0.00,411.00,6732990.00,31103187.00
2022-01-16,8788278.00,456401.00,1598887.00,9809181.33,6296295.91,6209431.76,3973554.00,0.00,411.00,6732990.00,31103187.00
2022-01-17,8788278.00,456401.00,1598887.00,9809181.33,6296295.91,6209431.76,3973554.00,0.00,411.00,6732990.00,31103187.00
2022-01-18,8788278.00,456401.00,1597137.00,9809181.33,6296295.91,6209431.76,3973554.00,0.00,411.00,6734740.00,31103187.00
2022-01-19,8867834.00,488697.00,1656576.00,9809181.33,6296295.91,6209431.76,3932521.00,0.00,469.00,6722561.00,31182743.00
2022-01-20,8867834.00,488697.00,1678931.00,9809181.33,6296295.91,6209431.76,3932521.00,0.00,469.00,6700206.00,31182743.00
2022-01-21,8867834.00,488697.00,1706127.00,9757952.57,6296295.91,6209431.76,3932521.00,0.00,469.00,6673010.00,31131514.24
2022-01-22,8867834.00,488697.00,1706127.00,9757952.57,6296295.91,6209431.76,3932521.00,0.00,469.00,6673010.00,31131514.24
2022-01-23,8867834.00,488697.00,1706127.00,9757952.57,6296295.91,6209431.76,3932521.00,0.00,469.00,6673010.00,31131514.24
2022-01-24,8867834.00,488697.00,1614002.00,9757952.57,6296295.91,6209431.76,3932521.00,0.00,469.00,6765135.00,31131514.24
2022-01-25,8867834.00,488697.00,1599502.00,9757952.57,6296295.91,6209431.76,3932521.00,0.00,469.00,6779635.00,31131514.24
2022-01-26,8860485.00,614877.00,1613046.00,9757952.57,6296295.91,6209431.76,3796174.00,0.00,345.00,6632562.00,31124165.24
2022-01-27,8860485.00,614877.00,1583895.00,9757952.57,6296295.91,6209431.76,3796174.00,0.00,345.00,6661713.00,31124165.24
2022-01-28,8860485.00,614877.00,1615021.00,9622794.82,6296295.91,6209431.76,3796174.00,0.00,345.00,6630587.00,30989007.49
2022-01-29,8860485.00,614877.00,1615021.00,9622794.82,6296295.91,6209431.76,3796174.00,0.00,345.00,6630587.00,30989007.49
2022-01-30,8860485.00,614877.00,1615021.00,9622794.82,6296295.91,6209431.76,3796174.00,0.00,345.00,6630587.00,30989007.49
2022-01-31,8860485.00,614877.00,1654850.00,9622794.82,6296295.91,6209431.76,3796174.00,0.00,345.00,6590758.00,30989007.49
2022-02-01,8860485.00,614877.00,1584109.00,9622794.82,6365385.55,6209431.76,3796174.00,0.00,345.00,6661499.00,31058097.13
2022-02-02,8873211.00,675773.00,1626895.00,9622794.82,6365385.55,6209431.76,3789714.00,0.00,268.00,6570543.00,31070823.13
2022-02-03,8873211.00,675773.00,1640397.00,9622794.82,6365385.55,6209431.76,3789714.00,0.00,268.00,6557041.00,31070823.13
2022-02-04,8873211.00,675773.00,1642892.00,9885780.70,6365385.55,6209431.76,3789714.00,0.00,268.00,6554546.00,31333809.01
2022-02-05,8873211.00,675773.00,1642892.00,9885780.70,6365385.55,6209431.76,3789714.00,0.00,268.00,6554546.00,31333809.01
2022-02-06,8873211.00,675773.00,1642892.00,9885780.70,6365385.55,6209431.76,3789714.00,0.00,268.00,6554546.00,31333809.01
2022-02-07,8873211.00,675773.00,1679932.00,9885780.70,6365385.55,6209431.76,3789714.00,0.00,268.00,6517506.00,31333809.01
2022-02-08,8873211.00,675773.00,1674610.00,9885780.70,6365385.55,6209431.76,3789714.00,0.00,268.00,6522828.00,31333809.01
2022-02-09,8878009.00,686384.00,1653153.00,9885780.70,6365385.55,6209431.76,3771911.00,0.00,394.00,6538472.00,31338607.01
2022-02-10,8878009.00,686384.00,1634146.00,9885780.70,6365385.55,6209431.76,3771911.00,0.00,394.00,6557479.00,31338607.01
2022-02-11,8878009.00,686384.00,1635826.00,9866513.86,6365385.55,6209431.76,3771911.00,0.00,394.00,6555799.00,31319340.18
2022-02-12,8878009.00,686384.00,1635826.00,9866513.86,6365385.55,6209431.76,3771911.00,0.00,394.00,6555799.00,31319340.18
2022-02-13,8878009.00,686384.00,1635826.00,9866513.86,6365385.55,6209431.76,3771911.00,0.00,394.00,6555799.00,31319340.18
2022-02-14,8878009.00,686384.00,1666232.00,9866513.86,6365385.55,6209431.76,3771911.00,0.00,394.00,6525393.00,31319340.18
2022-02-15,8878009.00,686384.00,1608494.00,9866513.86,6365385.55,6209431.76,3771911.00,0.00,394.00,6583131.00,31319340.18
2022-02-16,8911033.00,692541.00,1644134.00,9866513.86,6365385.55,6209431.76,3799973.00,0.00,1112.00,6574358.00,31352364.18
2022-02-17,8911033.00,692541.00,1647202.00,9866513.86,6365385.55,6209431.76,3799973.00,0.00,1112.00,6571290.00,31352364.18
2022-02-18,8911033.00,692541.00,1674929.00,9818142.79,6365385.55,6209431.76,3799973.00,0.00,1112.00,6543563.00,31303993.10
2022-02-19,8911033.00,692541.00,1674929.00,9818142.79,6365385.55,6209431.76,3799973.00,0.00,1112.00,6543563.00,31303993.10
2022-02-20,8911033.00,692541.00,1674929.00,9818142.79,6365385.55,6209431.76,3799973.00,0.00,1112.00,6543563.00,31303993.10
2022-02-21,8911033.00,692541.00,1674929.00,9818142.79,6365385.55,6209431.76,3799973.00,0.00,1112.00,6543563.00,31303993.10
2022-02-22,8911033.00,692541.00,1699432.00,9818142.79,6365385.55,6209431.76,3799973.00,0.00,1112.00,6519060.00,31303993.10
2022-02-23,8928129.00,697838.00,1738322.00,9818142.79,6365385.55,6209431.76,3769869.00,0.00,1584.00,6491969.00,31321089.10
2022-02-24,8928129.00,697838.00,1650399.00,9818142.79,6365385.55,6209431.76,3769869.00,0.00,1584.00,6579892.00,31321089.10
2022-02-25,8928129.00,697838.00,1603349.00,9764743.05,6365385.55,6209431.76,3769869.00,0.00,1584.00,6626942.00,31267689.36
2022-02-26,8928129.00,697838.00,1603349.00,9764743.05,6365385.55,6209431.76,3769869.00,0.00,1584.00,6626942.00,31267689.36
2022-02-27,8928129.00,697838.00,1603349.00,9764743.05,6365385.55,6209431.76,3769869.00,0.00,1584.00,6626942.00,31267689.36
2022-02-28,8928129.00,697838.00,1596052.00,9764743.05,6365385.55,6209431.76,3769869.00,0.00,1584.00,6634239.00,31267689.36
2022-03-01,8928129.00,697838.00,1552950.00,9764743.05,6409449.81,6209431.76,3769869.00,0.00,1584.00,6677341.00,31311753.62
2022-03-02,8904455.00,682903.00,1526211.00,9764743.05,6409449.81,6209431.76,3844716.00,0.00,1827.00,6695341.00,31288079.62
2022-03-03,8904455.00,682903.00,1533992.00,9764743.05,6409449.81,6209431.76,3844716.00,1.00,1827.00,6687560.00,31288079.62
2022-03-04,8904455.00,682903.00,1483061.00,9463952.50,6409449.81,6209431.76,3844716.00,0.00,1827.00,6738491.00,30987289.08
2022-03-05,8904455.00,682903.00,1483061.00,9463952.50,6409449.81,6209431.76,3844716.00,0.00,1827.00,6738491.00,30987289.08
2022-03-06,8904455.00,682903.00,1483061.00,9463952.50,6409449.81,6209431.76,3844716.00,0.00,1827.00,6738491.00,30987289.08
2022-03-07,8904455.00,682903.00,1461227.00,9463952.50,6409449.81,6209431.76,3844716.00,0.00,1827.00,6760325.00,30987289.08
2022-03-08,8904455.00,682903.00,1525099.00,9463952.50,6409449.81,6209431.76,3844716.00,0.00,1827.00,6696453.00,30987289.08
2022-03-09,8910748.00,652039.00,1542504.00,9463952.50,6409449.81,6209431.76,3959659.00,0.00,2306.00,6716205.00,30993582.08
2022-03-10,8910748.00,652039.00,1568735.00,9463952.50,6409449.81,6209431.76,3959659.00,0.00,2306.00,6689974.00,30993582.08
2022-03-11,8910748.00,652039.00,1557823.00,9500960.96,6409449.81,6209431.76,3959659.00,0.00,2306.00,6700886.00,31030590.54
2022-03-12,8910748.00,652039.00,1557823.00,9500960.96,6409449.81,6209431.76,3959659.00,0.00,2306.00,6700886.00,31030590.54
2022-03-13,8910748.00,652039.00,1557823.00,9500960.96,6409449.81,6209431.76,3959659.00,0.00,2306.00,6700886.00,31030590.54
2022-03-14,8910748.00,652039.00,1608021.00,9500960.96,6409449.81,6209431.76,3959659.00,0.00,2306.00,6650688.00,31030590.54
2022-03-15,8910748.00,652039.00,1583471.00,9500960.96,6409449.81,6209431.76,3959659.00,0.00,2306.00,6675238.00,31030590.54
2022-03-16,8954306.00,570606.00,1613637.00,9500960.96,6409449.81,6209431.76,3961721.00,0.00,2215.00,6770063.00,31074148.54
2022-03-17,8954306.00,570606.00,1659977.00,9500960.96,6409449.81,6209431.76,3961721.00,0.00,2215.00,6723723.00,31074148.54
2022-03-18,8954306.00,570606.00,1715148.00,9608319.76,6409449.81,6209431.76,3961721.00,0.00,2215.00,6668552.00,31181507.33
2022-03-19,8954306.00,570606.00,1715148.00,9608319.76,6409449.81,6209431.76,3961721.00,0.00,2215.00,6668552.00,31181507.33
2022-03-20,8954306.00,570606.00,1715148.00,9608319.76,6409449.81,6209431.76,3961721.00,0.00,2215.00,6668552.00,31181507.33
2022-03-21,8954306.00,570606.00,1728893.00,9608319.76,6409449.81,6209431.76,3961721.00,0.00,2215.00,6654807.00,31181507.33
2022-03-22,8954306.00,570606.00,1763183.00,9608319.76,6409449.81,6209431.76,3961721.00,0.00,2215.00,6620517.00,31181507.33
2022-03-23,8962474.00,614616.00,1803186.00,9608319.76,6409449.81,6209431.76,3801095.00,0.00,599.00,6544672.00,31189675.33
2022-03-24,8962474.00,614616.00,1707655.00,9608319.76,6409449.81,6209431.76,3801095.00,0.00,599.00,6640203.00,31189675.33
2022-03-25,8962474.00,614616.00,1676974.00,9568610.58,6409449.81,6209431.76,3801095.00,0.00,599.00,6670884.00,31149966.15
2022-03-26,8962474.00,614616.00,1676974.00,9568610.58,6409449.81,6209431.76,3801095.00,0.00,599.00,6670884.00,31149966.15
2022-03-27,8962474.00,614616.00,1676974.00,9568610.58,6409449.81,6209431.76,3801095.00,0.00,599.00,6670884.00,31149966.15
2022-03-28,8962474.00,614616.00,1688632.00,9568610.58,6409449.81,6209431.76,3801095.00,0.00,599.00,6659226.00,31149966.15
2022-03-29,8962474.00,614616.00,1718870.00,9568610.58,6409449.81,6209431.76,3801095.00,0.00,599.00,6628988.00,31149966.15
2022-03-30,8937142.00,575065.00,1785939.00,9568610.58,6409449.81,6209431.76,3829680.00,1.00,354.00,6576138.00,31124634.15
2022-03-31,8937142.00,575065.00,1871970.00,9568610.58,6409449.81,6209431.76,3829680.00,0.00,354.00,6490107.00,31124634.15
2022-04-01,8937142.00,575065.00,1666063.00,9667033.37,6025216.15,6209431.76,3829680.00,0.00,354.00,6696014.00,30838823.28
2022-04-02,8937142.00,575065.00,1666063.00,9667033.37,6025216.15,6209431.76,3829680.00,0.00,354.00,6696014.00,30838823.28
2022-04-03,8937142.00,575065.00,1666063.00,9667033.37,6025216.15,6209431.76,3829680.00,0.00,354.00,6696014.00,30838823.28
2022-04-04,8937142.00,575065.00,1692936.00,9667033.37,6025216.15,6209431.76,3829680.00,0.00,354.00,6669141.00,30838823.28
2022-04-05,8937142.00,575065.00,1710834.00,9667033.37,6025216.15,6209431.76,3829680.00,0.00,354.00,6651243.00,30838823.28
2022-04-06,8937592.00,574451.00,1731472.00,9667033.37,6025216.15,6209431.76,3834183.00,0.00,379.00,6631669.00,30839273.28
2022-04-07,8937592.00,574451.00,1734424.00,9667033.37,6025216.15,6209431.76,3834183.00,1.00,379.00,6628717.00,30839273.28
2022-04-08,8937592.00,574451.00,1750498.00,9529669.13,6025216.15,6209431.76,3834183.00,0.00,379.00,6612643.00,30701909.04
2022-04-09,8937592.00,574451.00,1750498.00,9529669.13,6025216.15,6209431.76,3834183.00,0.00,379.00,6612643.00,30701909.04
2022-04-10,8937592.00,574451.00,1750498.00,9529669.13,6025216.15,6209431.76,3834183.00,0.00,379.00,6612643.00,30701909.04
2022-04-11,8937592.00,574451.00,1758958.00,9529669.13,6025216.15,6209431.76,3834183.00,0.00,379.00,6604183.00,30701909.04
2022-04-12,8937592.00,574451.00,1710414.00,9529669.13,6025216.15,6209431.76,3834183.00,24.00,379.00,6652727.00,30701909.04
2022-04-13,8965487.00,547308.00,1815555.00,9529669.13,6025216.15,6209431.76,3823644.00,0.00,579.00,6602624.00,30729804.04
2022-04-14,8965487.00,547308.00,1706935.00,9529669.13,6025216.15,6209431.76,3823644.00,0.00,579.00,6711244.00,30729804.04
2022-04-15,8965487.00,547308.00,1706935.00,9501482.89,6025216.15,6209431.76,3823644.00,0.00,579.00,6711244.00,30701617.80
2022-04-16,8965487.00,547308.00,1706935.00,9501482.89,6025216.15,6209431.76,3823644.00,0.00,579.00,6711244.00,30701617.80
2022-04-17,8965487.00,547308.00,1706935.00,9501482.89,6025216.15,6209431.76,3823644.00,0.00,579.00,6711244.00,30701617.80
2022-04-18,8965487.00,547308.00,1738379.00,9501482.89,6025216.15,6209431.76,3823644.00,0.00,579.00,6679800.00,30701617.80
2022-04-19,8965487.00,547308.00,1817292.00,9501482.89,6025216.15,6209431.76,3823644.00,0.00,579.00,6600887.00,30701617.80
2022-04-20,8955851.00,711406.00,1866560.00,9501482.89,6025216.15,6209431.76,3652101.00,0.00,2181.00,6377885.00,30691981.80
2022-04-21,8955851.00,711406.00,1854700.00,9501482.89,6025216.15,6209431.76,3652101.00,0.00,2181.00,6389745.00,30691981.80
2022-04-22,8955851.00,711406.00,1765031.00,9485400.52,6025216.15,6209431.76,3652101.00,0.00,2181.00,6479414.00,30675899.43
2022-04-23,8955851.00,711406.00,1765031.00,9485400.52,6025216.15,6209431.76,3652101.00,0.00,2181.00,6479414.00,30675899.43
2022-04-24,8955851.00,711406.00,1765031.00,9485400.52,6025216.15,6209431.76,3652101.00,0.00,2181.00,6479414.00,30675899.43
2022-04-25,8955851.00,711406.00,1783609.00,9485400.52,6025216.15,6209431.76,3652101.00,0.00,2181.00,6460836.00,30675899.43
2022-04-26,8955851.00,711406.00,1819343.00,9485400.52,6025216.15,6209431.76,3652101.00,0.00,2181.00,6425102.00,30675899.43
2022-04-27,8939199.00,944328.00,1803162.00,9485400.52,6025216.15,6209431.76,3331982.00,0.00,2917.00,6191709.00,30659247.43
2022-04-28,8939199.00,944328.00,1818416.00,9485400.52,6025216.15,6209431.76,3331982.00,2.00,2917.00,6176455.00,30659247.43
2022-04-29,8939199.00,944328.00,1906802.00,9255267.73,6025216.15,6209431.76,3331982.00,0.00,2917.00,6088069.00,30429114.64
2022-04-30,8939199.00,944328.00,1906802.00,9255267.73,6025216.15,6209431.76,3331982.00,0.00,2917.00,6088069.00,30429114.64
2022-05-01,8939199.00,944328.00,1906802.00,9255267.73,5672297.44,6209431.76,3331982.00,0.00,2917.00,6088069.00,30076195.93
2022-05-02,8939199.00,944328.00,1796302.00,9255267.73,5672297.44,6209431.76,3331982.00,0.00,2917.00,6198569.00,30076195.93
2022-05-03,8939199.00,944328.00,1796252.00,9255267.73,5672297.44,6209431.76,3331982.00,0.00,2917.00,6198619.00,30076195.93
2022-05-04,8939972.00,945478.00,1815656.00,9255267.73,5672297.44,6209431.76,3296085.00,1.00,2606.00,6178838.00,30076968.93
2022-05-05,8939972.00,945478.00,1844762.00,9255267.73,5672297.44,6209431.76,3296085.00,0.00,2606.00,6149732.00,30076968.93
2022-05-06,8939972.00,945478.00,1861866.00,9299255.95,5672297.44,6209431.76,3296085.00,0.00,2606.00,6132628.00,30120957.15
2022-05-07,8939972.00,945478.00,1861866.00,9299255.95,5672297.44,6209431.76,3296085.00,0.00,2606.00,6132628.00,30120957.15
2022-05-08,8939972.00,945478.00,1861866.00,9299255.95,5672297.44,6209431.76,3296085.00,0.00,2606.00,6132628.00,30120957.15
2022-05-09,8939972.00,945478.00,1858995.00,9299255.95,5672297.44,6209431.76,3296085.00,0.00,2606.00,6135499.00,30120957.15
2022-05-10,8939972.00,945478.00,1864225.00,9299255.95,5672297.44,6209431.76,3296085.00,0.00,2606.00,6130269.00,30120957.15
2022-05-11,8942008.00,945658.00,1876119.00,9299255.95,5672297.44,6209431.76,3288552.00,0.00,834.00,6120231.00,30122993.15
2022-05-12,8942008.00,945658.00,1900069.00,9299255.95,5672297.44,6209431.76,3288552.00,0.00,834.00,6096281.00,30122993.15
2022-05-13,8942008.00,945658.00,1865287.00,9171531.67,5672297.44,6209431.76,3288552.00,0.00,834.00,6131063.00,29995268.87
2022-05-14,8942008.00,945658.00,1865287.00,9171531.67,5672297.44,6209431.76,3288552.00,0.00,834.00,6131063.00,29995268.87
2022-05-15,8942008.00,945658.00,1865287.00,9171531.67,5672297.44,6209431.76,3288552.00,0.00,834.00,6131063.00,29995268.87
2022-05-16,8942008.00,945658.00,1833152.00,9171531.67,5672297.44,6209431.76,3288552.00,0.00,834.00,6163198.00,29995268.87
2022-05-17,8942008.00,945658.00,1877483.00,9171531.67,5672297.44,6209431.76,3288552.00,0.00,834.00,6118867.00,29995268.87
2022-05-18,8945898.00,886964.00,1973373.00,9171531.67,5672297.44,6209431.76,3356377.00,0.00,856.00,6085561.00,29999158.87
2022-05-19,8945898.00,886964.00,1981005.00,9171531.67,5672297.44,6209431.76,3356377.00,1.00,856.00,6077929.00,29999158.87
2022-05-20,8945898.00,886964.00,1987987.00,9306722.66,5672297.44,6209431.76,3356377.00,0.00,856.00,6070947.00,30134349.87
2022-05-21,8945898.00,886964.00,1987987.00,9306722.66,5672297.44,6209431.76,3356377.00,0.00,856.00,6070947.00,30134349.87
2022-05-22,8945898.00,886964.00,1987987.00,9306722.66,5672297.44,6209431.76,3356377.00,0.00,856.00,6070947.00,30134349.87
2022-05-23,8945898.00,886964.00,2044658.00,9306722.66,5672297.44,6209431.76,3356377.00,0.00,856.00,6014276.00,30134349.87
2022-05-24,8945898.00,886964.00,1987865.00,9306722.66,5672297.44,6209431.76,3356377.00,0.00,856.00,6071069.00,30134349.87
2022-05-25,8914281.00,821535.00,1995750.00,9306722.66,5672297.44,6209431.76,3306180.00,0.00,913.00,6096996.00,30102732.87
2022-05-26,8914281.00,821535.00,2007702.00,9306722.66,5672297.44,6209431.76,3306180.00,0.00,913.00,6085044.00,30102732.87
2022-05-27,8914281.00,821535.00,2006688.00,9438734.83,5672297.44,6209431.76,3306180.00,0.00,913.00,6086058.00,30234745.03
2022-05-28,8914281.00,821535.00,2006688.00,9438734.83,5672297.44,6209431.76,3306180.00,0.00,913.00,6086058.00,30234745.03
2022-05-29,8914281.00,821535.00,2006688.00,9438734.83,5672297.44,6209431.76,3306180.00,0.00,913.00,6086058.00,30234745.03
2022-05-30,8914281.00,821535.00,2006688.00,9438734.83,5672297.44,6209431.76,3306180.00,0.00,913.00,6086058.00,30234745.03
2022-05-31,8914281.00,821535.00,1978538.00,9438734.83,5672297.44,6209431.76,3306180.00,1.00,913.00,6114208.00,30234745.03
2022-06-01,8915050.00,789532.00,1965015.00,9438734.83,5632489.81,6209431.76,3322030.00,0.00,870.00,6160503.00,30195706.41
2022-06-02,8915050.00,789532.00,1985239.00,9438734.83,5632489.81,6209431.76,3322030.00,0.00,870.00,6140279.00,30195706.41
2022-06-03,8915050.00,789532.00,2031228.00,9453689.89,5632489.81,6209431.76,3322030.00,0.00,870.00,6094290.00,30210661.46
2022-06-04,8915050.00,789532.00,2031228.00,9453689.89,5632489.81,6209431.76,3322030.00,0.00,870.00,6094290.00,30210661.46
2022-06-05,8915050.00,789532.00,2031228.00,9453689.89,5632489.81,6209431.76,3322030.00,0.00,870.00,6094290.00,30210661.46
2022-06-06,8915050.00,789532.00,2040093.00,9453689.89,5632489.81,6209431.76,3322030.00,0.00,870.00,6085425.00,30210661.46
2022-06-07,8915050.00,789532.00,2091395.00,9453689.89,5632489.81,6209431.76,3322030.00,0.00,870.00,6034123.00,30210661.46
2022-06-08,8918254.00,723384.00,2140277.00,9453689.89,5632489.81,6209431.76,3339405.00,0.00,1191.00,6054593.00,30213865.46
2022-06-09,8918254.00,723384.00,2142318.00,9453689.89,5632489.81,6209431.76,3339405.00,0.00,1191.00,6052552.00,30213865.46
2022-06-10,8918254.00,723384.00,2162885.00,9280515.18,5632489.81,6209431.76,3339405.00,0.00,1191.00,6031985.00,30040690.76
2022-06-11,8918254.00,723384.00,2162885.00,9280515.18,5632489.81,6209431.76,3339405.00,0.00,1191.00,6031985.00,30040690.76
2022-06-12,8918254.00,723384.00,2162885.00,9280515.18,5632489.81,6209431.76,3339405.00,0.00,1191.00,6031985.00,30040690.76
2022-06-13,8918254.00,723384.00,2212620.00,9280515.18,5632489.81,6209431.76,3339405.00,0.00,1191.00,5982250.00,30040690.76
2022-06-14,8918254.00,723384.00,2223857.00,9280515.18,5632489.81,6209431.76,3339405.00,0.00,1191.00,5971013.00,30040690.76
2022-06-15,8932420.00,656870.00,2162924.00,9280515.18,5632489.81,6209431.76,3283954.00,0.00,3706.00,6112626.00,30054856.76
2022-06-16,8932420.00,656870.00,2178382.00,9280515.18,5632489.81,6209431.76,3283954.00,0.00,3706.00,6097168.00,30054856.76
2022-06-17,8932420.00,656870.00,2229279.00,9245505.75,5632489.81,6209431.76,3283954.00,0.00,3706.00,6046271.00,30019847.33
2022-06-18,8932420.00,656870.00,2229279.00,9245505.75,5632489.81,6209431.76,3283954.00,0.00,3706.00,6046271.00,30019847.33
2022-06-19,8932420.00,656870.00,2229279.00,9245505.75,5632489.81,6209431.76,3283954.00,0.00,3706.00,6046271.00,30019847.33
2022-06-20,8932420.00,656870.00,2229279.00,9245505.75,5632489.81,6209431.76,3283954.00,0.00,3706.00,6046271.00,30019847.33
2022-06-21,8932420.00,656870.00,2188627.00,9245505.75,5632489.81,6209431.76,3283954.00,0.00,3706.00,6086923.00,30019847.33
2022-06-22,8934346.00,758283.00,2259458.00,9245505.75,5632489.81,6209431.76,3147556.00,0.00,3147.00,5916605.00,30021773.33
2022-06-23,8934346.00,758283.00,2285442.00,9245505.75,5632489.81,6209431.76,3147556.00,1.00,3147.00,5890621.00,30021773.33
2022-06-24,8934346.00,758283.00,2180984.00,9312246.70,5632489.81,6209431.76,3147556.00,0.00,3147.00,5995079.00,30088514.28
2022-06-25,8934346.00,758283.00,2180984.00,9312246.70,5632489.81,6209431.76,3147556.00,0.00,3147.00,5995079.00,30088514.28
2022-06-26,8934346.00,758283.00,2180984.00,9312246.70,5632489.81,6209431.76,3147556.00,0.00,3147.00,5995079.00,30088514.28
2022-06-27,8934346.00,758283.00,2155942.00,9312246.70,5632489.81,6209431.76,3147556.00,0.00,3147.00,6020121.00,30088514.28
2022-06-28,8934346.00,758283.00,2213784.00,9312246.70,5632489.81,6209431.76,3147556.00,0.00,3147.00,5962279.00,30088514.28
2022-06-29,8913553.00,756627.00,2226976.00,9312246.70,5632489.81,6209431.76,3130087.00,1.00,3604.00,5929950.00,30067721.28
2022-06-30,8913553.00,756627.00,2329743.00,9312246.70,5632489.81,6209431.76,3130087.00,0.00,3604.00,5827183.00,30067721.28
2022-07-01,8913553.00,756627.00,2167085.00,9148221.32,5369437.41,6209431.76,3130087.00,0.00,3604.00,5989841.00,29640643.50
2022-07-02,8913553.00,756627.00,2167085.00,9148221.32,5369437.41,6209431.76,3130087.00,0.00,3604.00,5989841.00,29640643.50
2022-07-03,8913553.00,756627.00,2167085.00,9148221.32,5369437.41,6209431.76,3130087.00,0.00,3604.00,5989841.00,29640643.50
2022-07-04,8913553.00,756627.00,2167085.00,9148221.32,5369437.41,6209431.76,3130087.00,0.00,3604.00,5989841.00,29640643.50
2022-07-05,8913553.00,756627.00,2138280.00,9148221.32,5369437.41,6209431.76,3130087.00,0.00,3604.00,6018646.00,29640643.50
2022-07-06,8891851.00,700457.00,2168026.00,9148221.32,5369437.41,6209431.76,3190627.00,0.00,1765.00,6023368.00,29618941.50
2022-07-07,8891851.00,700457.00,2172457.00,9148221.32,5369437.41,6209431.76,3190627.00,1.00,1765.00,6018937.00,29618941.50
2022-07-08,8891851.00,700457.00,2144921.00,8930597.55,5369437.41,6209431.76,3190627.00,0.00,1765.00,6046473.00,29401317.72
2022-07-09,8891851.00,700457.00,2144921.00,8930597.55,5369437.41,6209431.76,3190627.00,0.00,1765.00,6046473.00,29401317.72
2022-07-10,8891851.00,700457.00,2144921.00,8930597.55,5369437.41,6209431.76,3190627.00,0.00,1765.00,6046473.00,29401317.72
2022-07-11,8891851.00,700457.00,2164266.00,8930597.55,5369437.41,6209431.76,3190627.00,0.00,1765.00,6027128.00,29401317.72
2022-07-12,8891851.00,700457.00,2146132.00,8930597.55,5369437.41,6209431.76,3190627.00,2.00,1765.00,6045262.00,29401317.72
2022-07-13,8895867.00,652572.00,2155290.00,8930597.55,5369437.41,6209431.76,3273436.00,1.00,2570.00,6088005.00,29405333.72
2022-07-14,8895867.00,652572.00,2207121.00,8930597.55,5369437.41,6209431.76,3273436.00,0.00,2570.00,6036174.00,29405333.72
2022-07-15,8895867.00,652572.00,2153750.00,8843701.61,5369437.41,6209431.76,3273436.00,0.00,2570.00,6089545.00,29318437.79
2022-07-16,8895867.00,652572.00,2153750.00,8843701.61,5369437.41,6209431.76,3273436.00,0.00,2570.00,6089545.00,29318437.79
2022-07-17,8895867.00,652572.00,2153750.00,8843701.61,5369437.41,6209431.76,3273436.00,0.00,2570.00,6089545.00,29318437.79
2022-07-18,8895867.00,652572.00,2190375.00,8843701.61,5369437.41,6209431.76,3273436.00,0.00,2570.00,6052920.00,29318437.79
2022-07-19,8895867.00,652572.00,2211821.00,8843701.61,5369437.41,6209431.76,3273436.00,0.00,2570.00,6031474.00,29318437.79
2022-07-20,8899213.00,613878.00,2240204.00,8843701.61,5369437.41,6209431.76,3284324.00,0.00,3064.00,6045131.00,29321783.79
2022-07-21,8899213.00,613878.00,2271756.00,8843701.61,5369437.41,6209431.76,3284324.00,0.00,3064.00,6013579.00,29321783.79
2022-07-22,8899213.00,613878.00,2228959.00,8965572.44,5369437.41,6209431.76,3284324.00,0.00,3064.00,6056376.00,29443654.61
2022-07-23,8899213.00,613878.00,2228959.00,8965572.44,5369437.41,6209431.76,3284324.00,0.00,3064.00,6056376.00,29443654.61
2022-07-24,8899213.00,613878.00,2228959.00,8965572.44,5369437.41,6209431.76,3284324.00,0.00,3064.00,6056376.00,29443654.61
2022-07-25,8899213.00,613878.00,2192367.00,8965572.44,5369437.41,6209431.76,3284324.00,0.00,3064.00,6092968.00,29443654.61
2022-07-26,8899213.00,613878.00,2189474.00,8965572.44,5369437.41,6209431.76,3284324.00,0.00,3064.00,6095861.00,29443654.61
2022-07-27,8890004.00,602945.00,2188994.00,8965572.44,5369437.41,6209431.76,3256875.00,1.00,3710.00,6098065.00,29434445.61
2022-07-28,8890004.00,602945.00,2239883.00,8965572.44,5369437.41,6209431.76,3256875.00,1.00,3710.00,6047176.00,29434445.61
2022-07-29,8890004.00,602945.00,2300200.00,8941522.50,5369437.41,6209431.76,3256875.00,0.00,3710.00,5986859.00,29410395.67
2022-07-30,8890004.00,602945.00,2300200.00,8941522.50,5369437.41,6209431.76,3256875.00,0.00,3710.00,5986859.00,29410395.67
2022-07-31,8890004.00,602945.00,2300200.00,8941522.50,5369437.41,6209431.76,3256875.00,0.00,3710.00,5986859.00,29410395.67
2022-08-01,8890004.00,602945.00,2161885.00,8941522.50,5381250.38,6209431.76,3256875.00,1.00,3710.00,6125174.00,29422208.64
2022-08-02,8890004.00,602945.00,2156013.00,8941522.50,5381250.38,6209431.76,3256875.00,0.00,3710.00,6131046.00,29422208.64
2022-08-03,8874620.00,594115.00,2182238.00,8941522.50,5381250.38,6209431.76,3259011.00,0.00,2731.00,6098267.00,29406824.64
2022-08-04,8874620.00,594115.00,2191546.00,8941522.50,5381250.38,6209431.76,3259011.00,1.00,2731.00,6088959.00,29406824.64
2022-08-05,8874620.00,594115.00,2194927.00,8894662.68,5381250.38,6209431.76,3259011.00,0.00,2731.00,6085578.00,29359964.82
2022-08-06,8874620.00,594115.00,2194927.00,8894662.68,5381250.38,6209431.76,3259011.00,0.00,2731.00,6085578.00,29359964.82
2022-08-07,8874620.00,594115.00,2194927.00,8894662.68,5381250.38,6209431.76,3259011.00,0.00,2731.00,6085578.00,29359964.82
2022-08-08,8874620.00,594115.00,2195692.00,8894662.68,5381250.38,6209431.76,3259011.00,0.00,2731.00,6084813.00,29359964.82
2022-08-09,8874620.00,594115.00,2186568.00,8894662.68,5381250.38,6209431.76,3259011.00,0.00,2731.00,6093937.00,29359964.82
2022-08-10,8879138.00,557265.00,2177646.00,8894662.68,5381250.38,6209431.76,3348147.00,0.00,2934.00,6144227.00,29364482.82
2022-08-11,8879138.00,557265.00,2199247.00,8894662.68,5381250.38,6209431.76,3348147.00,0.00,2934.00,6122626.00,29364482.82
2022-08-12,8879138.00,557265.00,2213193.00,8972616.41,5381250.38,6209431.76,3348147.00,0.00,2934.00,6108680.00,29442436.55
2022-08-13,8879138.00,557265.00,2213193.00,8972616.41,5381250.38,6209431.76,3348147.00,0.00,2934.00,6108680.00,29442436.55
2022-08-14,8879138.00,557265.00,2213193.00,8972616.41,5381250.38,6209431.76,3348147.00,0.00,2934.00,6108680.00,29442436.55
2022-08-15,8879138.00,557265.00,2175857.00,8972616.41,5381250.38,6209431.76,3348147.00,1.00,2934.00,6146016.00,29442436.55
2022-08-16,8879138.00,557265.00,2165332.00,8972616.41,5381250.38,6209431.76,3348147.00,2.00,2934.00,6156541.00,29442436.55
2022-08-17,8849762.00,545321.00,2199631.00,8972616.41,5381250.38,6209431.76,3346750.00,0.00,2657.00,6104810.00,29413060.55
2022-08-18,8849762.00,545321.00,2218161.00,8972616.41,5381250.38,6209431.76,3346750.00,0.00,2657.00,6086280.00,29413060.55
2022-08-19,8849762.00,545321.00,2221680.00,8784806.65,5381250.38,6209431.76,3346750.00,0.00,2657.00,6082761.00,29225250.79
2022-08-20,8849762.00,545321.00,2221680.00,8784806.65,5381250.38,6209431.76,3346750.00,0.00,2657.00,6082761.00,29225250.79
2022-08-21,8849762.00,545321.00,2221680.00,8784806.65,5381250.38,6209431.76,3346750.00,0.00,2657.00,6082761.00,29225250.79
2022-08-22,8849762.00,545321.00,2235665.00,8784806.65,5381250.38,6209431.76,3346750.00,0.00,2657.00,6068776.00,29225250.79
2022-08-23,8849762.00,545321.00,2250718.00,8784806.65,5381250.38,6209431.76,3346750.00,0.00,2657.00,6053723.00,29225250.79
2022-08-24,8851436.00,535267.00,2237072.00,8784806.65,5381250.38,6209431.76,3307365.00,0.00,3570.00,6079097.00,29226924.79
2022-08-25,8851436.00,535267.00,2187907.00,8784806.65,5381250.38,6209431.76,3307365.00,0.00,3570.00,6128262.00,29226924.79
2022-08-26,8851436.00,535267.00,2182452.00,8748285.99,5381250.38,6209431.76,3307365.00,0.00,3570.00,6133717.00,29190404.13
2022-08-27,8851436.00,535267.00,2182452.00,8748285.99,5381250.38,6209431.76,3307365.00,0.00,3570.00,6133717.00,29190404.13
2022-08-28,8851436.00,535267.00,2182452.00,8748285.99,5381250.38,6209431.76,3307365.00,0.00,3570.00,6133717.00,29190404.13
2022-08-29,8851436.00,535267.00,2205188.00,8748285.99,5381250.38,6209431.76,3307365.00,0.00,3570.00,6110981.00,29190404.13
2022-08-30,8851436.00,535267.00,2188975.00,8748285.99,5381250.38,6209431.76,3307365.00,0.00,3570.00,6127194.00,29190404.13
2022-08-31,8826093.00,612536.00,2251025.00,8748285.99,5381250.38,6209431.76,3248654.00,0.00,5251.00,5962532.00,29165061.13
2022-09-01,8826093.00,612536.00,2173156.00,8748285.99,4900951.90,6209431.76,3248654.00,1.00,5251.00,6040401.00,28684762.66
2022-09-02,8826093.00,612536.00,2173413.00,8783095.47,4900951.90,6209431.76,3248654.00,0.00,5251.00,6040144.00,28719572.14
2022-09-03,8826093.00,612536.00,2173413.00,8783095.47,4900951.90,6209431.76,3248654.00,0.00,5251.00,6040144.00,28719572.14
2022-09-04,8826093.00,612536.00,2173413.00,8783095.47,4900951.90,6209431.76,3248654.00,0.00,5251.00,6040144.00,28719572.14
2022-09-05,8826093.00,612536.00,2173413.00,8783095.47,4900951.90,6209431.76,3248654.00,0.00,5251.00,6040144.00,28719572.14
2022-09-06,8826093.00,612536.00,2188796.00,8783095.47,4900951.90,6209431.76,3248654.00,0.00,5251.00,6024761.00,28719572.14
2022-09-07,8822401.00,581295.00,2206987.00,8783095.47,4900951.90,6209431.76,3285498.00,2.00,3677.00,6034119.00,28715880.14
2022-09-08,8822401.00,581295.00,2210466.00,8783095.47,4900951.90,6209431.76,3285498.00,27.00,3677.00,6030640.00,28715880.14
2022-09-09,8822401.00,581295.00,2209714.00,8799411.95,4900951.90,6209431.76,3285498.00,0.00,3677.00,6031392.00,28732196.62
2022-09-10,8822401.00,581295.00,2209714.00,8799411.95,4900951.90,6209431.76,3285498.00,0.00,3677.00,6031392.00,28732196.62
2022-09-11,8822401.00,581295.00,2209714.00,8799411.95,4900951.90,6209431.76,3285498.00,0.00,3677.00,6031392.00,28732196.62
2022-09-12,8822401.00,581295.00,2218546.00,8799411.95,4900951.90,6209431.76,3285498.00,0.00,3677.00,6022560.00,28732196.62
2022-09-13,8822401.00,581295.00,2202719.00,8799411.95,4900951.90,6209431.76,3285498.00,0.00,3677.00,6038387.00,28732196.62
2022-09-14,8832759.00,593808.00,2225579.00,8799411.95,4900951.90,6209431.76,3234928.00,0.00,6158.00,6013372.00,28742554.62
2022-09-15,8832759.00,593808.00,2176188.00,8799411.95,4900951.90,6209431.76,3234928.00,0.00,6158.00,6062763.00,28742554.62
2022-09-16,8832759.00,593808.00,2186833.00,8768264.95,4900951.90,6209431.76,3234928.00,0.00,6158.00,6052118.00,28711407.61
2022-09-17,8832759.00,593808.00,2186833.00,8768264.95,4900951.90,6209431.76,3234928.00,0.00,6158.00,6052118.00,28711407.61
2022-09-18,8832759.00,593808.00,2186833.00,8768264.95,4900951.90,6209431.76,3234928.00,0.00,6158.00,6052118.00,28711407.61
2022-09-19,8832759.00,593808.00,2217542.00,8768264.95,4900951.90,6209431.76,3234928.00,0.00,6158.00,6021409.00,28711407.61
2022-09-20,8832759.00,593808.00,2238870.00,8768264.95,4900951.90,6209431.76,3234928.00,0.00,6158.00,6000081.00,28711407.61
2022-09-21,8816802.00,692496.00,2315900.00,8768264.95,4900951.90,6209431.76,3104032.00,0.00,6913.00,5808406.00,28695450.61
2022-09-22,8816802.00,692496.00,2359227.00,8768264.95,4900951.90,6209431.76,3104032.00,0.00,6913.00,5765079.00,28695450.61
2022-09-23,8816802.00,692496.00,2319361.00,8530724.93,4900951.90,6209431.76,3104032.00,0.00,6913.00,5804945.00,28457910.60
2022-09-24,8816802.00,692496.00,2319361.00,8530724.93,4900951.90,6209431.76,3104032.00,0.00,6913.00,5804945.00,28457910.60
2022-09-25,8816802.00,692496.00,2319361.00,8530724.93,4900951.90,6209431.76,3104032.00,0.00,6913.00,5804945.00,28457910.60
2022-09-26,8816802.00,692496.00,2299011.00,8530724.93,4900951.90,6209431.76,3104032.00,0.00,6913.00,5825295.00,28457910.60
2022-09-27,8816802.00,692496.00,2327111.00,8530724.93,4900951.90,6209431.76,3104032.00,0.00,6913.00,5797195.00,28457910.60
2022-09-28,8795567.00,689569.00,2366798.00,8530724.93,4900951.90,6209431.76,2960598.00,0.00,6470.00,5739200.00,28436675.60
2022-09-29,8795567.00,689569.00,2371763.00,8530724.93,4900951.90,6209431.76,2960598.00,0.00,6470.00,5734235.00,28436675.60
2022-09-30,8795567.00,689569.00,2425910.00,8618931.59,4900951.90,6209431.76,2960598.00,0.00,6470.00,5680088.00,28524882.26
2022-10-01,8795567.00,689569.00,2425910.00,8618931.59,4809295.83,6209431.76,2960598.00,0.00,6470.00,5680088.00,28433226.19
2022-10-02,8795567.00,689569.00,2425910.00,8618931.59,4809295.83,6209431.76,2960598.00,0.00,6470.00,5680088.00,28433226.19
2022-10-03,8795567.00,689569.00,2252523.00,8618931.59,4809295.83,6209431.76,2960598.00,1.00,6470.00,5853475.00,28433226.19
2022-10-04,8795567.00,689569.00,2233616.00,8618931.59,4809295.83,6209431.76,2960598.00,0.00,6470.00,5872382.00,28433226.19
2022-10-05,8759053.00,633939.00,2230799.00,8618931.59,4809295.83,6209431.76,2972874.00,0.00,7511.00,5894315.00,28396712.19
2022-10-06,8759053.00,633939.00,2232801.00,8618931.59,4809295.83,6209431.76,2972874.00,0.00,7511.00,5892313.00,28396712.19
2022-10-07,8759053.00,633939.00,2226950.00,8583378.52,4809295.83,6209431.76,2972874.00,0.00,7511.00,5898164.00,28361159.11
2022-10-08,8759053.00,633939.00,2226950.00,8583378.52,4809295.83,6209431.76,2972874.00,0.00,7511.00,5898164.00,28361159.11
2022-10-09,8759053.00,633939.00,2226950.00,8583378.52,4809295.83,6209431.76,2972874.00,0.00,7511.00,5898164.00,28361159.11
2022-10-10,8759053.00,633939.00,2226950.00,8583378.52,4809295.83,6209431.76,2972874.00,0.00,7511.00,5898164.00,28361159.11
2022-10-11,8759053.00,633939.00,2222479.00,8583378.52,4809295.83,6209431.76,2972874.00,0.00,7511.00,5902635.00,28361159.11
2022-10-12,8758969.00,608302.00,2247206.00,8583378.52,4809295.83,6209431.76,3087912.00,0.00,7669.00,5903461.00,28361075.11
2022-10-13,8758969.00,608302.00,2244100.00,8583378.52,4809295.83,6209431.76,3087912.00,0.00,7669.00,5906567.00,28361075.11
2022-10-14,8758969.00,608302.00,2222052.00,8548964.32,4809295.83,6209431.76,3087912.00,0.00,7669.00,5928615.00,28326660.92
2022-10-15,8758969.00,608302.00,2222052.00,8548964.32,4809295.83,6209431.76,3087912.00,0.00,7669.00,5928615.00,28326660.92
2022-10-16,8758969.00,608302.00,2222052.00,8548964.32,4809295.83,6209431.76,3087912.00,0.00,7669.00,5928615.00,28326660.92
2022-10-17,8758969.00,608302.00,2172301.00,8548964.32,4809295.83,6209431.76,3087912.00,0.00,7669.00,5978366.00,28326660.92
2022-10-18,8758969.00,608302.00,2226725.00,8548964.32,4809295.83,6209431.76,3087912.00,0.00,7669.00,5923942.00,28326660.92
2022-10-19,8743922.00,607199.00,2241835.00,8548964.32,4809295.83,6209431.76,3092044.00,5.00,5139.00,5894888.00,28311613.92
2022-10-20,8743922.00,607199.00,2234071.00,8548964.32,4809295.83,6209431.76,3092044.00,2.00,5139.00,5902652.00,28311613.92
2022-10-21,8743922.00,607199.00,2265809.00,8647524.99,4809295.83,6209431.76,3092044.00,1.00,5139.00,5870914.00,28410174.59
2022-10-22,8743922.00,607199.00,2265809.00,8647524.99,4809295.83,6209431.76,3092044.00,1.00,5139.00,5870914.00,28410174.59
2022-10-23,8743922.00,607199.00,2265809.00,8647524.99,4809295.83,6209431.76,3092044.00,1.00,5139.00,5870914.00,28410174.59
2022-10-24,8743922.00,607199.00,2242044.00,8647524.99,4809295.83,6209431.76,3092044.00,0.00,5139.00,5894679.00,28410174.59
2022-10-25,8743922.00,607199.00,2195616.00,8647524.99,4809295.83,6209431.76,3092044.00,1.00,5139.00,5941107.00,28410174.59
2022-10-26,8723090.00,634548.00,2186856.00,8647524.99,4809295.83,6209431.76,3042838.00,1.00,5585.00,5901686.00,28389342.59
2022-10-27,8723090.00,634548.00,2152485.00,8647524.99,4809295.83,6209431.76,3042838.00,0.00,5585.00,5936057.00,28389342.59
2022-10-28,8723090.00,634548.00,2183290.00,8712783.58,4809295.83,6209431.76,3042838.00,0.00,5585.00,5905252.00,28454601.17
2022-10-29,8723090.00,634548.00,2183290.00,8712783.58,4809295.83,6209431.76,3042838.00,0.00,5585.00,5905252.00,28454601.17
2022-10-30,8723090.00,634548.00,2183290.00,8712783.58,4809295.83,6209431.76,3042838.00,0.00,5585.00,5905252.00,28454601.17
2022-10-31,8723090.00,634548.00,2275459.00,8712783.58,4809295.83,6209431.76,3042838.00,0.00,5585.00,5813083.00,28454601.17
2022-11-01,8723090.00,634548.00,2200510.00,8712783.58,4725495.24,6209431.76,3042838.00,0.00,5585.00,5888032.00,28370800.58
2022-11-02,8676870.00,598544.00,2229861.00,8712783.58,4725495.24,6209431.76,3062727.00,0.00,4407.00,5848465.00,28324580.58
2022-11-03,8676870.00,598544.00,2219791.00,8712783.58,4725495.24,6209431.76,3062727.00,1.00,4407.00,5858535.00,28324580.58
2022-11-04,8676870.00,598544.00,2230840.00,8669657.62,4725495.24,6209431.76,3062727.00,0.00,4407.00,5847486.00,28281454.62
2022-11-05,8676870.00,598544.00,2230840.00,8669657.62,4725495.24,6209431.76,3062727.00,0.00,4407.00,5847486.00,28281454.62
2022-11-06,8676870.00,598544.00,2230840.00,8669657.62,4725495.24,6209431.76,3062727.00,0.00,4407.00,5847486.00,28281454.62
2022-11-07,8676870.00,598544.00,2241317.00,8669657.62,4725495.24,6209431.76,3062727.00,0.00,4407.00,5837009.00,28281454.62
2022-11-08,8676870.00,598544.00,2232555.00,8669657.62,4725495.24,6209431.76,3062727.00,1.00,4407.00,5845771.00,28281454.62
2022-11-09,8678886.00,527479.00,2237812.00,8669657.62,4725495.24,6209431.76,3067888.00,1.00,3734.00,5913595.00,28283470.62
2022-11-10,8678886.00,527479.00,2200586.00,8669657.62,4725495.24,6209431.76,3067888.00,0.00,3734.00,5950821.00,28283470.62
2022-11-11,8678886.00,527479.00,2200586.00,8918920.05,4725495.24,6209431.76,3067888.00,0.00,3734.00,5950821.00,28532733.05
2022-11-12,8678886.00,527479.00,2200586.00,8918920.05,4725495.24,6209431.76,3067888.00,0.00,3734.00,5950821.00,28532733.05
2022-11-13,8678886.00,527479.00,2200586.00,8918920.05,4725495.24,6209431.76,3067888.00,0.00,3734.00,5950821.00,28532733.05
2022-11-14,8678886.00,527479.00,2165018.00,8918920.05,4725495.24,6209431.76,3067888.00,0.00,3734.00,5986389.00,28532733.05
2022-11-15,8678886.00,527479.00,2086574.00,8918920.05,4725495.24,6209431.76,3067888.00,0.00,3734.00,6064833.00,28532733.05
2022-11-16,8625620.00,502982.00,2099070.00,8918920.05,4725495.24,6209431.76,3128277.00,10.00,7851.00,6023568.00,28479467.05
2022-11-17,8625620.00,502982.00,2114439.00,8918920.05,4725495.24,6209431.76,3128277.00,0.00,7851.00,6008199.00,28479467.05
2022-11-18,8625620.00,502982.00,2113413.00,9075102.26,4725495.24,6209431.76,3128277.00,0.00,7851.00,6009225.00,28635649.27
2022-11-19,8625620.00,502982.00,2113413.00,9075102.26,4725495.24,6209431.76,3128277.00,0.00,7851.00,6009225.00,28635649.27
2022-11-20,8625620.00,502982.00,2113413.00,9075102.26,4725495.24,6209431.76,3128277.00,0.00,7851.00,6009225.00,28635649.27
2022-11-21,8625620.00,502982.00,2125426.00,9075102.26,4725495.24,6209431.76,3128277.00,0.00,7851.00,5997212.00,28635649.27
2022-11-22,8625620.00,502982.00,2103932.00,9075102.26,4725495.24,6209431.76,3128277.00,0.00,7851.00,6018706.00,28635649.27
2022-11-23,8621390.00,479474.00,2069174.00,9075102.26,4725495.24,6209431.76,3160730.00,0.00,9140.00,6072742.00,28631419.27
2022-11-24,8621390.00,479474.00,2069174.00,9075102.26,4725495.24,6209431.76,3160730.00,0.00,9140.00,6072742.00,28631419.27
2022-11-25,8621390.00,479474.00,2031066.00,8811993.97,4725495.24,6209431.76,3160730.00,0.00,9140.00,6110850.00,28368310.97
2022-11-26,8621390.00,479474.00,2031066.00,8811993.97,4725495.24,6209431.76,3160730.00,0.00,9140.00,6110850.00,28368310.97
2022-11-27,8621390.00,479474.00,2031066.00,8811993.97,4725495.24,6209431.76,3160730.00,0.00,9140.00,6110850.00,28368310.97
2022-11-28,8621390.00,479474.00,2054914.00,8811993.97,4725495.24,6209431.76,3160730.00,0.00,9140.00,6087002.00,28368310.97
2022-11-29,8621390.00,479474.00,2064377.00,8811993.97,4725495.24,6209431.76,3160730.00,0.00,9140.00,6077539.00,28368310.97
2022-11-30,8584576.00,511474.00,2115913.00,8811993.97,4725495.24,6209431.76,3168995.00,0.00,10085.00,5957189.00,28331496.97
2022-12-01,8584576.00,511474.00,2050286.00,8811993.97,5193223.16,6209431.76,3168995.00,0.00,10085.00,6022816.00,28799224.89
2022-12-02,8584576.00,511474.00,2049763.00,8912277.03,5193223.16,6209431.76,3168995.00,10.00,10085.00,6023339.00,28899507.95
2022-12-03,8584576.00,511474.00,2049763.00,8912277.03,5193223.16,6209431.76,3168995.00,10.00,10085.00,6023339.00,28899507.95
2022-12-04,8584576.00,511474.00,2049763.00,8912277.03,5193223.16,6209431.76,3168995.00,10.00,10085.00,6023339.00,28899507.95
2022-12-05,8584576.00,511474.00,2093647.00,8912277.03,5193223.16,6209431.76,3168995.00,2.00,10085.00,5979455.00,28899507.95
2022-12-06,8584576.00,511474.00,2111465.00,8912277.03,5193223.16,6209431.76,3168995.00,1.00,10085.00,5961637.00,28899507.95
2022-12-07,8582735.00,432335.00,2151549.00,8912277.03,5193223.16,6209431.76,3199048.00,0.00,7158.00,5998851.00,28897666.95
2022-12-08,8582735.00,432335.00,2175973.00,8912277.03,5193223.16,6209431.76,3199048.00,0.00,7158.00,5974427.00,28897666.95
2022-12-09,8582735.00,432335.00,2146748.00,8946581.46,5193223.16,6209431.76,3199048.00,0.00,7158.00,6003652.00,28931971.39
2022-12-10,8582735.00,432335.00,2146748.00,8946581.46,5193223.16,6209431.76,3199048.00,0.00,7158.00,6003652.00,28931971.39
2022-12-11,8582735.00,432335.00,2146748.00,8946581.46,5193223.16,6209431.76,3199048.00,0.00,7158.00,6003652.00,28931971.39
2022-12-12,8582735.00,432335.00,2158517.00,8946581.46,5193223.16,6209431.76,3199048.00,0.00,7158.00,5991883.00,28931971.39
2022-12-13,8582735.00,432335.00,2180676.00,8946581.46,5193223.16,6209431.76,3199048.00,0.00,7158.00,5969724.00,28931971.39
2022-12-14,8583413.00,355517.00,2192864.00,8946581.46,5193223.16,6209431.76,3188634.00,3.00,5897.00,6035032.00,28932649.39
2022-12-15,8583413.00,355517.00,2123995.00,8946581.46,5193223.16,6209431.76,3188634.00,1.00,5897.00,6103901.00,28932649.39
2022-12-16,8583413.00,355517.00,2126540.00,8994343.15,5193223.16,6209431.76,3188634.00,2.00,5897.00,6101356.00,28980411.08
2022-12-17,8583413.00,355517.00,2126540.00,8994343.15,5193223.16,6209431.76,3188634.00,2.00,5897.00,6101356.00,28980411.08
2022-12-18,8583413.00,355517.00,2126540.00,8994343.15,5193223.16,6209431.76,3188634.00,2.00,5897.00,6101356.00,28980411.08
2022-12-19,8583413.00,355517.00,2134765.00,8994343.15,5193223.16,6209431.76,3188634.00,0.00,5897.00,6093131.00,28980411.08
2022-12-20,8583413.00,355517.00,2159408.00,8994343.15,5193223.16,6209431.76,3188634.00,0.00,5897.00,6068488.00,28980411.08
2022-12-21,8564411.00,459780.00,2206965.00,8994343.15,5193223.16,6209431.76,3088621.00,0.00,4571.00,5897666.00,28961409.08
2022-12-22,8564411.00,459780.00,2222898.00,8994343.15,5193223.16,6209431.76,3088621.00,0.00,4571.00,5881733.00,28961409.08
2022-12-23,8564411.00,459780.00,2216348.00,8481428.23,5193223.16,6209431.76,3088621.00,0.00,4571.00,5888283.00,28448494.15
2022-12-24,8564411.00,459780.00,2216348.00,8481428.23,5193223.16,6209431.76,3088621.00,0.00,4571.00,5888283.00,28448494.15
2022-12-25,8564411.00,459780.00,2216348.00,8481428.23,5193223.16,6209431.76,3088621.00,0.00,4571.00,5888283.00,28448494.15
2022-12-26,8564411.00,459780.00,2216348.00,8481428.23,5193223.16,6209431.76,3088621.00,0.00,4571.00,5888283.00,28448494.15
2022-12-27,8564411.00,459780.00,2221259.00,8481428.23,5193223.16,6209431.76,3088621.00,0.00,4571.00,5883372.00,28448494.15
2022-12-28,8551169.00,427926.00,2293003.00,8481428.23,5193223.16,6209431.76,3017889.00,0.00,4638.00,5830240.00,28435252.15
2022-12-29,8551169.00,427926.00,2308319.00,8481428.23,5193223.16,6209431.76,3017889.00,0.00,4638.00,5814924.00,28435252.15
2022-12-30,8551169.00,427926.00,2553716.00,8511111.63,5193223.16,6209431.76,3017889.00,0.00,4638.00,5569527.00,28464935.56
2022-12-31,8551169.00,427926.00,2553716.00,8511111.63,5193223.16,6042796.84,3017889.00,0.00,4638.00,5569527.00,28298300.63
2023-01-01,8551169.00,427926.00,2553716.00,8511111.63,5566922.84,6042796.84,3017889.00,0.00,4638.00,5569527.00,28672000.31
2023-01-02,8551169.00,427926.00,2553716.00,8511111.63,5566922.84,6042796.84,3017889.00,0.00,4638.00,5569527.00,28672000.31
2023-01-03,8551169.00,427926.00,2188272.00,8511111.63,5566922.84,6042796.84,3017889.00,0.00,4638.00,5934971.00,28672000.31
2023-01-04,8507429.00,423625.00,2229542.00,8511111.63,5566922.84,6042796.84,2830144.00,1.00,3932.00,5854262.00,28628260.31
2023-01-05,8507429.00,423625.00,2242486.00,8511111.63,5566922.84,6042796.84,2830144.00,0.00,3932.00,5841318.00,28628260.31
2023-01-06,8507429.00,423625.00,2208265.00,8461256.37,5566922.84,6042796.84,2830144.00,1.00,3932.00,5875539.00,28578405.05
2023-01-07,8507429.00,423625.00,2208265.00,8461256.37,5566922.84,6042796.84,2830144.00,1.00,3932.00,5875539.00,28578405.05
2023-01-08,8507429.00,423625.00,2208265.00,8461256.37,5566922.84,6042796.84,2830144.00,1.00,3932.00,5875539.00,28578405.05
2023-01-09,8507429.00,423625.00,2199121.00,8461256.37,5566922.84,6042796.84,2830144.00,0.00,3932.00,5884683.00,28578405.05
2023-01-10,8507429.00,423625.00,2192942.00,8461256.37,5566922.84,6042796.84,2830144.00,0.00,3932.00,5890862.00,28578405.05
2023-01-11,8508587.00,372340.00,2199170.00,8461256.37,5566922.84,6042796.84,3081237.00,0.00,3860.00,5937077.00,28579563.05
2023-01-12,8508587.00,372340.00,2202989.00,8461256.37,5566922.84,6042796.84,3081237.00,0.00,3860.00,5933258.00,28579563.05
2023-01-13,8508587.00,372340.00,2179781.00,8618585.42,5566922.84,6042796.84,3081237.00,0.00,3860.00,5956466.00,28736892.10
2023-01-14,8508587.00,372340.00,2179781.00,8618585.42,5566922.84,6042796.84,3081237.00,0.00,3860.00,5956466.00,28736892.10
2023-01-15,8508587.00,372340.00,2179781.00,8618585.42,5566922.84,6042796.84,3081237.00,0.00,3860.00,5956466.00,28736892.10
2023-01-16,8508587.00,372340.00,2179781.00,8618585.42,5566922.84,6042796.84,3081237.00,0.00,3860.00,5956466.00,28736892.10
2023-01-17,8508587.00,372340.00,2093328.00,8618585.42,5566922.84,6042796.84,3081237.00,1.00,3860.00,6042919.00,28736892.10
2023-01-18,8489039.00,339018.00,2131678.00,8618585.42,5566922.84,6042796.84,3147332.00,1.00,4603.00,6018343.00,28717344.10
2023-01-19,8489039.00,339018.00,2110145.00,8618585.42,5566922.84,6042796.84,3147332.00,1.00,4603.00,6039876.00,28717344.10
2023-01-20,8489039.00,339018.00,2090523.00,8620587.86,5566922.84,6042796.84,3147332.00,1.00,4603.00,6059498.00,28719346.54
2023-01-21,8489039.00,339018.00,2090523.00,8620587.86,5566922.84,6042796.84,3147332.00,1.00,4603.00,6059498.00,28719346.54
2023-01-22,8489039.00,339018.00,2090523.00,8620587.86,5566922.84,6042796.84,3147332.00,1.00,4603.00,6059498.00,28719346.54
2023-01-23,8489039.00,339018.00,2135499.00,8620587.86,5566922.84,6042796.84,3147332.00,0.00,4603.00,6014522.00,28719346.54
2023-01-24,8489039.00,339018.00,2048386.00,8620587.86,5566922.84,6042796.84,3147332.00,1.00,4603.00,6101635.00,28719346.54
2023-01-25,8470557.00,491848.00,2031561.00,8620587.86,5566922.84,6042796.84,3031889.00,0.00,5106.00,5947148.00,28700864.54
2023-01-26,8470557.00,491848.00,2024069.00,8620587.86,5566922.84,6042796.84,3031889.00,0.00,5106.00,5954640.00,28700864.54
2023-01-27,8470557.00,491848.00,2003634.00,8570506.03,5566922.84,6042796.84,3031889.00,0.00,5106.00,5975075.00,28650782.71
2023-01-28,8470557.00,491848.00,2003634.00,8570506.03,5566922.84,6042796.84,3031889.00,0.00,5106.00,5975075.00,28650782.71
2023-01-29,8470557.00,491848.00,2003634.00,8570506.03,5566922.84,6042796.84,3031889.00,0.00,5106.00,5975075.00,28650782.71
2023-01-30,8470557.00,491848.00,2048714.00,8570506.03,5566922.84,6042796.84,3031889.00,0.00,5106.00,5929995.00,28650782.71
2023-01-31,8470557.00,491848.00,2061572.00,8570506.03,5566922.84,6042796.84,3031889.00,1.00,5106.00,5917137.00,28650782.71
2023-02-01,8433610.00,560089.00,2038262.00,8570506.03,5721203.68,6042796.84,3015506.00,11.00,4700.00,5835259.00,28768116.55
2023-02-02,8433610.00,560089.00,2050063.00,8570506.03,5721203.68,6042796.84,3015506.00,1.00,4700.00,5823458.00,28768116.55
2023-02-03,8433610.00,560089.00,2041217.00,8525082.61,5721203.68,6042796.84,3015506.00,0.00,4700.00,5832304.00,28722693.13
2023-02-04,8433610.00,560089.00,2041217.00,8525082.61,5721203.68,6042796.84,3015506.00,0.00,4700.00,5832304.00,28722693.13
2023-02-05,8433610.00,560089.00,2041217.00,8525082.61,5721203.68,6042796.84,3015506.00,0.00,4700.00,5832304.00,28722693.13
2023-02-06,8433610.00,560089.00,2072261.00,8525082.61,5721203.68,6042796.84,3015506.00,0.00,4700.00,5801260.00,28722693.13
2023-02-07,8433610.00,560089.00,2057958.00,8525082.61,5721203.68,6042796.84,3015506.00,1.00,4700.00,5815563.00,28722693.13
2023-02-08,8435369.00,493277.00,2059604.00,8525082.61,5721203.68,6042796.84,3037584.00,1.00,4486.00,5882488.00,28724452.13
2023-02-09,8435369.00,493277.00,2058942.00,8525082.61,5721203.68,6042796.84,3037584.00,0.00,4486.00,5883150.00,28724452.13
2023-02-10,8435369.00,493277.00,2042893.00,8399645.94,5721203.68,6042796.84,3037584.00,0.00,4486.00,5899199.00,28599015.46
2023-02-11,8435369.00,493277.00,2042893.00,8399645.94,5721203.68,6042796.84,3037584.00,0.00,4486.00,5899199.00,28599015.46
2023-02-12,8435369.00,493277.00,2042893.00,8399645.94,5721203.68,6042796.84,3037584.00,0.00,4486.00,5899199.00,28599015.46
2023-02-13,8435369.00,493277.00,2107775.00,8399645.94,5721203.68,6042796.84,3037584.00,0.00,4486.00,5834317.00,28599015.46
2023-02-14,8435369.00,493277.00,2076548.00,8399645.94,5721203.68,6042796.84,3037584.00,0.00,4486.00,5865544.00,28599015.46
2023-02-15,8384767.00,490379.00,2011998.00,8399645.94,5721203.68,6042796.84,3041038.00,0.00,4778.00,5882390.00,28548413.46
2023-02-16,8384767.00,490379.00,2032457.00,8399645.94,5721203.68,6042796.84,3041038.00,0.00,4778.00,5861931.00,28548413.46
2023-02-17,8384767.00,490379.00,2059662.00,8407410.86,5721203.68,6042796.84,3041038.00,0.00,4778.00,5834726.00,28556178.38
2023-02-18,8384767.00,490379.00,2059662.00,8407410.86,5721203.68,6042796.84,3041038.00,0.00,4778.00,5834726.00,28556178.38
2023-02-19,8384767.00,490379.00,2059662.00,8407410.86,5721203.68,6042796.84,3041038.00,0.00,4778.00,5834726.00,28556178.38
2023-02-20,8384767.00,490379.00,2059662.00,8407410.86,5721203.68,6042796.84,3041038.00,0.00,4778.00,5834726.00,28556178.38
2023-02-21,8384767.00,490379.00,2046064.00,8407410.86,5721203.68,6042796.84,3041038.00,1.00,4778.00,5848324.00,28556178.38
2023-02-22,8382190.00,477333.00,2113849.00,8407410.86,5721203.68,6042796.84,3016577.00,0.00,4558.00,5791008.00,28553601.38
2023-02-23,8382190.00,477333.00,2147417.00,8407410.86,5721203.68,6042796.84,3016577.00,2.00,4558.00,5757440.00,28553601.38
2023-02-24,8382190.00,477333.00,2142141.00,8266631.48,5721203.68,6042796.84,3016577.00,0.00,4558.00,5762716.00,28412822.00
2023-02-25,8382190.00,477333.00,2142141.00,8266631.48,5721203.68,6042796.84,3016577.00,0.00,4558.00,5762716.00,28412822.00
2023-02-26,8382190.00,477333.00,2142141.00,8266631.48,5721203.68,6042796.84,3016577.00,0.00,4558.00,5762716.00,28412822.00
2023-02-27,8382190.00,477333.00,2162435.00,8266631.48,5721203.68,6042796.84,3016577.00,1.00,4558.00,5742422.00,28412822.00
2023-02-28,8382190.00,477333.00,2188035.00,8266631.48,5721203.68,6042796.84,3016577.00,0.00,4558.00,5716822.00,28412822.00
2023-03-01,8339684.00,381245.00,2133950.00,8266631.48,5412431.90,6042796.84,2998303.00,0.00,4362.00,5824489.00,28061544.21
2023-03-02,8339684.00,381245.00,2192355.00,8266631.48,5412431.90,6042796.84,2998303.00,0.00,4362.00,5766084.00,28061544.21
2023-03-03,8339684.00,381245.00,2186150.00,8313173.03,5412431.90,6042796.84,2998303.00,2.00,4362.00,5772289.00,28108085.77
2023-03-04,8339684.00,381245.00,2186150.00,8313173.03,5412431.90,6042796.84,2998303.00,2.00,4362.00,5772289.00,28108085.77
2023-03-05,8339684.00,381245.00,2186150.00,8313173.03,5412431.90,6042796.84,2998303.00,2.00,4362.00,5772289.00,28108085.77
2023-03-06,8339684.00,381245.00,2190793.00,8313173.03,5412431.90,6042796.84,2998303.00,1.00,4362.00,5767646.00,28108085.77
2023-03-07,8339684.00,381245.00,2170195.00,8313173.03,5412431.90,6042796.84,2998303.00,0.00,4362.00,5788244.00,28108085.77
2023-03-08,8342283.00,333350.00,2193237.00,8313173.03,5412431.90,6042796.84,2999720.00,0.00,4581.00,5815696.00,28110684.77
2023-03-09,8342283.00,333350.00,2229623.00,8313173.03,5412431.90,6042796.84,2999720.00,1.00,4581.00,5779310.00,28110684.77
2023-03-10,8342283.00,333350.00,2188375.00,8345323.35,5412431.90,6042796.84,2999720.00,0.00,4581.00,5820558.00,28142835.08
2023-03-11,8342283.00,333350.00,2188375.00,8345323.35,5412431.90,6042796.84,2999720.00,0.00,4581.00,5820558.00,28142835.08
2023-03-12,8342283.00,333350.00,2188375.00,8345323.35,5412431.90,6042796.84,2999720.00,0.00,4581.00,5820558.00,28142835.08
2023-03-13,8342283.00,333350.00,2126677.00,8345323.35,5412431.90,6042796.84,2999720.00,0.00,4581.00,5882256.00,28142835.08
2023-03-14,8342283.00,333350.00,2042579.00,8345323.35,5412431.90,6042796.84,2999720.00,0.00,4581.00,5966354.00,28142835.08
2023-03-15,8639300.00,232866.00,2055823.00,8345323.35,5412431.90,6042796.84,3251482.00,0.00,152853.00,6350611.00,28439852.08
2023-03-16,8639300.00,232866.00,2066319.00,8345323.35,5412431.90,6042796.84,3251482.00,0.00,152853.00,6340115.00,28439852.08
2023-03-17,8639300.00,232866.00,2106166.00,8338580.28,5412431.90,6042796.84,3251482.00,0.00,152853.00,6300268.00,28433109.01
2023-03-18,8639300.00,232866.00,2106166.00,8338580.28,5412431.90,6042796.84,3251482.00,0.00,152853.00,6300268.00,28433109.01
2023-03-19,8639300.00,232866.00,2106166.00,8338580.28,5412431.90,6042796.84,3251482.00,0.00,152853.00,6300268.00,28433109.01
2023-03-20,8639300.00,232866.00,2098393.00,8338580.28,5412431.90,6042796.84,3251482.00,1.00,152853.00,6308041.00,28433109.01
2023-03-21,8639300.00,232866.00,2194631.00,8338580.28,5412431.90,6042796.84,3251482.00,1.00,152853.00,6211803.00,28433109.01
2023-03-22,8733787.00,259587.00,2279608.00,8338580.28,5412431.90,6042796.84,3425075.00,3.00,110248.00,6194592.00,28527596.01
2023-03-23,8733787.00,259587.00,2233956.00,8338580.28,5412431.90,6042796.84,3425075.00,1.00,110248.00,6240244.00,28527596.01
2023-03-24,8733787.00,259587.00,2218458.00,8433018.18,5412431.90,6042796.84,3425075.00,0.00,110248.00,6255742.00,28622033.91
2023-03-25,8733787.00,259587.00,2218458.00,8433018.18,5412431.90,6042796.84,3425075.00,0.00,110248.00,6255742.00,28622033.91
2023-03-26,8733787.00,259587.00,2218458.00,8433018.18,5412431.90,6042796.84,3425075.00,0.00,110248.00,6255742.00,28622033.91
2023-03-27,8733787.00,259587.00,2220131.00,8433018.18,5412431.90,6042796.84,3425075.00,0.00,110248.00,6254069.00,28622033.91
2023-03-28,8733787.00,259587.00,2231749.00,8433018.18,5412431.90,6042796.84,3425075.00,3.00,110248.00,6242451.00,28622033.91
2023-03-29,8705942.00,183577.00,2264862.00,8433018.18,5412431.90,6042796.84,3437592.00,0.00,88157.00,6257503.00,28594188.91
2023-03-30,8705942.00,183577.00,2271531.00,8433018.18,5412431.90,6042796.84,3437592.00,0.00,88157.00,6250834.00,28594188.91
2023-03-31,8705942.00,183577.00,2375171.00,8403634.17,5412431.90,6042796.84,3437592.00,0.00,88157.00,6147194.00,28564804.90
2023-04-01,8705942.00,183577.00,2375171.00,8403634.17,5574934.84,6042796.84,3437592.00,0.00,88157.00,6147194.00,28727307.84
2023-04-02,8705942.00,183577.00,2375171.00,8403634.17,5574934.84,6042796.84,3437592.00,0.00,88157.00,6147194.00,28727307.84
2023-04-03,8705942.00,183577.00,2221010.00,8403634.17,5574934.84,6042796.84,3437592.00,1.00,88157.00,6301355.00,28727307.84
2023-04-04,8705942.00,183577.00,2219375.00,8403634.17,5574934.84,6042796.84,3437592.00,0.00,88157.00,6302990.00,28727307.84
2023-04-05,8632384.00,168793.00,2243011.00,8403634.17,5574934.84,6042796.84,3292058.00,0.00,69705.00,6220580.00,28653749.84
2023-04-06,8632384.00,168793.00,2173663.00,8403634.17,5574934.84,6042796.84,3292058.00,0.00,69705.00,6289928.00,28653749.84
2023-04-07,8632384.00,168793.00,2173663.00,8434931.62,5574934.84,6042796.84,3292058.00,0.00,69705.00,6289928.00,28685047.29
2023-04-08,8632384.00,168793.00,2173663.00,8434931.62,5574934.84,6042796.84,3292058.00,0.00,69705.00,6289928.00,28685047.29
2023-04-09,8632384.00,168793.00,2173663.00,8434931.62,5574934.84,6042796.84,3292058.00,0.00,69705.00,6289928.00,28685047.29
2023-04-10,8632384.00,168793.00,2239655.00,8434931.62,5574934.84,6042796.84,3292058.00,1.00,69705.00,6223936.00,28685047.29
2023-04-11,8632384.00,168793.00,2297208.00,8434931.62,5574934.84,6042796.84,3292058.00,0.00,69705.00,6166383.00,28685047.29
2023-04-12,8614797.00,109208.00,2303862.00,8434931.62,5574934.84,6042796.84,3413989.00,0.00,67633.00,6201727.00,28667460.29
2023-04-13,8614797.00,109208.00,2321699.00,8434931.62,5574934.84,6042796.84,3413989.00,0.00,67633.00,6183890.00,28667460.29
2023-04-14,8614797.00,109208.00,2253786.00,8488554.55,5574934.84,6042796.84,3413989.00,0.00,67633.00,6251803.00,28721083.23
2023-04-15,8614797.00,109208.00,2253786.00,8488554.55,5574934.84,6042796.84,3413989.00,0.00,67633.00,6251803.00,28721083.23
2023-04-16,8614797.00,109208.00,2253786.00,8488554.55,5574934.84,6042796.84,3413989.00,0.00,67633.00,6251803.00,28721083.23
2023-04-17,8614797.00,109208.00,2256845.00,8488554.55,5574934.84,6042796.84,3413989.00,0.00,67633.00,6248744.00,28721083.23
2023-04-18,8614797.00,109208.00,2238994.00,8488554.55,5574934.84,6042796.84,3413989.00,0.00,67633.00,6266595.00,28721083.23
2023-04-19,8593263.00,166555.00,2294677.00,8488554.55,5574934.84,6042796.84,3303152.00,0.00,69925.00,6132031.00,28699549.23
2023-04-20,8593263.00,166555.00,2277259.00,8488554.55,5574934.84,6042796.84,3303152.00,0.00,69925.00,6149449.00,28699549.23
2023-04-21,8593263.00,166555.00,2290023.00,8464815.80,5574934.84,6042796.84,3303152.00,0.00,69925.00,6136685.00,28675810.48
2023-04-22,8593263.00,166555.00,2290023.00,8464815.80,5574934.84,6042796.84,3303152.00,0.00,69925.00,6136685.00,28675810.48
2023-04-23,8593263.00,166555.00,2290023.00,8464815.80,5574934.84,6042796.84,3303152.00,0.00,69925.00,6136685.00,28675810.48
2023-04-24,8593263.00,166555.00,2308538.00,8464815.80,5574934.84,6042796.84,3303152.00,0.00,69925.00,6118170.00,28675810.48
2023-04-25,8593263.00,166555.00,2275402.00,8464815.80,5574934.84,6042796.84,3303152.00,0.00,69925.00,6151306.00,28675810.48
2023-04-26,8562768.00,291702.00,2279561.00,8464815.80,5574934.84,6042796.84,3135655.00,0.00,73855.00,5991505.00,28645315.48
2023-04-27,8562768.00,291702.00,2273926.00,8464815.80,5574934.84,6042796.84,3135655.00,0.00,73855.00,5997140.00,28645315.48
2023-04-28,8562768.00,291702.00,2325479.00,8522676.86,5574934.84,6042796.84,3135655.00,0.00,73855.00,5945587.00,28703176.54
2023-04-29,8562768.00,291702.00,2325479.00,8522676.86,5574934.84,6042796.84,3135655.00,0.00,73855.00,5945587.00,28703176.54
2023-04-30,8562768.00,291702.00,2325479.00,8522676.86,5574934.84,6042796.84,3135655.00,0.00,73855.00,5945587.00,28703176.54
2023-05-01,8562768.00,291702.00,2239866.00,8522676.86,5428116.49,6042796.84,3135655.00,0.00,73855.00,6031200.00,28556358.19
2023-05-02,8562768.00,291702.00,2267130.00,8522676.86,5428116.49,6042796.84,3135655.00,1.00,73855.00,6003936.00,28556358.19
2023-05-03,8503994.00,269216.00,2258222.00,8522676.86,5428116.49,6042796.84,3089706.00,0.00,5345.00,5976556.00,28497584.19
2023-05-04,8503994.00,269216.00,2242399.00,8522676.86,5428116.49,6042796.84,3089706.00,11.00,5345.00,5992379.00,28497584.19
2023-05-05,8503994.00,269216.00,2207415.00,8508668.27,5428116.49,6042796.84,3089706.00,1.00,5345.00,6027363.00,28483575.60
2023-05-06,8503994.00,269216.00,2207415.00,8508668.27,5428116.49,6042796.84,3089706.00,1.00,5345.00,6027363.00,28483575.60
2023-05-07,8503994.00,269216.00,2207415.00,8508668.27,5428116.49,6042796.84,3089706.00,1.00,5345.00,6027363.00,28483575.60
2023-05-08,8503994.00,269216.00,2217601.00,8508668.27,5428116.49,6042796.84,3089706.00,1.00,5345.00,6017177.00,28483575.60
2023-05-09,8503994.00,269216.00,2222864.00,8508668.27,5428116.49,6042796.84,3089706.00,20.00,5345.00,6011914.00,28483575.60
2023-05-10,8503017.00,197666.00,2233149.00,8508668.27,5428116.49,6042796.84,3196429.00,25.00,9323.00,6072202.00,28482598.60
2023-05-11,8503017.00,197666.00,2242243.00,8508668.27,5428116.49,6042796.84,3196429.00,0.00,9323.00,6063108.00,28482598.60
2023-05-12,8503017.00,197666.00,2229199.00,8390070.46,5428116.49,6042796.84,3196429.00,0.00,9323.00,6076152.00,28364000.78
2023-05-13,8503017.00,197666.00,2229199.00,8390070.46,5428116.49,6042796.84,3196429.00,0.00,9323.00,6076152.00,28364000.78
2023-05-14,8503017.00,197666.00,2229199.00,8390070.46,5428116.49,6042796.84,3196429.00,0.00,9323.00,6076152.00,28364000.78
2023-05-15,8503017.00,197666.00,2220927.00,8390070.46,5428116.49,6042796.84,3196429.00,1.00,9323.00,6084424.00,28364000.78
2023-05-16,8503017.00,197666.00,2203214.00,8390070.46,5428116.49,6042796.84,3196429.00,3.00,9323.00,6102137.00,28364000.78
2023-05-17,8456760.00,116220.00,2213676.00,8390070.46,5428116.49,6042796.84,3248878.00,4.00,9048.00,6126864.00,28317743.78
2023-05-18,8456760.00,116220.00,2238266.00,8390070.46,5428116.49,6042796.84,3248878.00,0.00,9048.00,6102274.00,28317743.78
2023-05-19,8456760.00,116220.00,2276720.00,8363214.66,5428116.49,6042796.84,3248878.00,0.00,9048.00,6063820.00,28290887.99
2023-05-20,8456760.00,116220.00,2276720.00,8363214.66,5428116.49,6042796.84,3248878.00,0.00,9048.00,6063820.00,28290887.99
2023-05-21,8456760.00,116220.00,2276720.00,8363214.66,5428116.49,6042796.84,3248878.00,0.00,9048.00,6063820.00,28290887.99
2023-05-22,8456760.00,116220.00,2275311.00,8363214.66,5428116.49,6042796.84,3248878.00,0.00,9048.00,6065229.00,28290887.99
2023-05-23,8456760.00,116220.00,2256689.00,8363214.66,5428116.49,6042796.84,3248878.00,35.00,9048.00,6083851.00,28290887.99
2023-05-24,8436255.00,61952.00,2250709.00,8363214.66,5428116.49,6042796.84,3240172.00,13.00,4211.00,6123594.00,28270382.99
2023-05-25,8436255.00,61952.00,2197638.00,8363214.66,5428116.49,6042796.84,3240172.00,0.00,4211.00,6176665.00,28270382.99
2023-05-26,8436255.00,61952.00,2189681.00,8263641.82,5428116.49,6042796.84,3240172.00,0.00,4211.00,6184622.00,28170810.14
2023-05-27,8436255.00,61952.00,2189681.00,8263641.82,5428116.49,6042796.84,3240172.00,0.00,4211.00,6184622.00,28170810.14
2023-05-28,8436255.00,61952.00,2189681.00,8263641.82,5428116.49,6042796.84,3240172.00,0.00,4211.00,6184622.00,28170810.14
2023-05-29,8436255.00,61952.00,2189681.00,8263641.82,5428116.49,6042796.84,3240172.00,0.00,4211.00,6184622.00,28170810.14
2023-05-30,8436255.00,61952.00,2200479.00,8263641.82,5428116.49,6042796.84,3240172.00,0.00,4211.00,6173824.00,28170810.14
2023-05-31,8385854.00,48954.00,2254859.00,8263641.82,5428116.49,6042796.84,3309447.00,0.00,3971.00,6082041.00,28120409.14
2023-06-01,8385854.00,48954.00,2160055.00,8263641.82,5282027.53,6042796.84,3309447.00,0.00,3971.00,6176845.00,27974320.19
2023-06-02,8385854.00,48954.00,2142102.00,8271115.57,5282027.53,6042796.84,3309447.00,0.00,3971.00,6194798.00,27981793.94
2023-06-03,8385854.00,48954.00,2142102.00,8271115.57,5282027.53,6042796.84,3309447.00,0.00,3971.00,6194798.00,27981793.94
2023-06-04,8385854.00,48954.00,2142102.00,8271115.57,5282027.53,6042796.84,3309447.00,0.00,3971.00,6194798.00,27981793.94
2023-06-05,8385854.00,48954.00,2131417.00,8271115.57,5282027.53,6042796.84,3309447.00,0.00,3971.00,6205483.00,27981793.94
2023-06-06,8385854.00,48954.00,2134638.00,8271115.57,5282027.53,6042796.84,3309447.00,0.00,3971.00,6202262.00,27981793.94
2023-06-07,8389325.00,44756.00,2161556.00,8271115.57,5282027.53,6042796.84,3349751.00,0.00,3167.00,6183013.00,27985264.94
2023-06-08,8389325.00,44756.00,2141798.00,8271115.57,5282027.53,6042796.84,3349751.00,2.00,3167.00,6202771.00,27985264.94
2023-06-09,8389325.00,44756.00,2127652.00,8292198.89,5282027.53,6042796.84,3349751.00,0.00,3167.00,6216917.00,28006348.26
2023-06-10,8389325.00,44756.00,2127652.00,8292198.89,5282027.53,6042796.84,3349751.00,0.00,3167.00,6216917.00,28006348.26
2023-06-11,8389325.00,44756.00,2127652.00,8292198.89,5282027.53,6042796.84,3349751.00,0.00,3167.00,6216917.00,28006348.26
2023-06-12,8389325.00,44756.00,2126870.00,8292198.89,5282027.53,6042796.84,3349751.00,0.00,3167.00,6217699.00,28006348.26
2023-06-13,8389325.00,44756.00,2074520.00,8292198.89,5282027.53,6042796.84,3349751.00,0.00,3167.00,6270049.00,28006348.26
2023-06-14,8388323.00,102118.00,2109105.00,8292198.89,5282027.53,6042796.84,3325261.00,0.00,3618.00,6177100.00,28005346.26
2023-06-15,8388323.00,102118.00,1992140.00,8292198.89,5282027.53,6042796.84,3325261.00,0.00,3618.00,6294065.00,28005346.26
2023-06-16,8388323.00,102118.00,2011556.00,8422889.86,5282027.53,6042796.84,3325261.00,0.00,3618.00,6274649.00,28136037.23
2023-06-17,8388323.00,102118.00,2011556.00,8422889.86,5282027.53,6042796.84,3325261.00,0.00,3618.00,6274649.00,28136037.23
2023-06-18,8388323.00,102118.00,2011556.00,8422889.86,5282027.53,6042796.84,3325261.00,0.00,3618.00,6274649.00,28136037.23
2023-06-19,8388323.00,102118.00,2011556.00,8422889.86,5282027.53,6042796.84,3325261.00,0.00,3618.00,6274649.00,28136037.23
2023-06-20,8388323.00,102118.00,1989489.00,8422889.86,5282027.53,6042796.84,3325261.00,0.00,3618.00,6296716.00,28136037.23
2023-06-21,8362060.00,276850.00,2037102.00,8422889.86,5282027.53,6042796.84,3251558.00,1.00,3208.00,6048108.00,28109774.23
2023-06-22,8362060.00,276850.00,1994711.00,8422889.86,5282027.53,6042796.84,3251558.00,0.00,3208.00,6090499.00,28109774.23
2023-06-23,8362060.00,276850.00,1969380.00,8394537.84,5282027.53,6042796.84,3251558.00,0.00,3208.00,6115830.00,28081422.21
2023-06-24,8362060.00,276850.00,1969380.00,8394537.84,5282027.53,6042796.84,3251558.00,0.00,3208.00,6115830.00,28081422.21
2023-06-25,8362060.00,276850.00,1969380.00,8394537.84,5282027.53,6042796.84,3251558.00,0.00,3208.00,6115830.00,28081422.21
2023-06-26,8362060.00,276850.00,1961027.00,8394537.84,5282027.53,6042796.84,3251558.00,0.00,3208.00,6124183.00,28081422.21
2023-06-27,8362060.00,276850.00,1951098.00,8394537.84,5282027.53,6042796.84,3251558.00,1.00,3208.00,6134112.00,28081422.21
2023-06-28,8340914.00,390571.00,1945211.00,8394537.84,5282027.53,6042796.84,3171567.00,0.00,3209.00,6005132.00,28060276.21
2023-06-29,8340914.00,390571.00,1934684.00,8394537.84,5282027.53,6042796.84,3171567.00,0.00,3209.00,6015659.00,28060276.21
2023-06-30,8340914.00,390571.00,2034319.00,7883906.94,5282027.53,6042796.84,3171567.00,0.00,3209.00,5916024.00,27549645.31
2023-07-01,8340914.00,390571.00,2034319.00,7883906.94,5133343.95,6042796.84,3171567.00,0.00,3209.00,5916024.00,27400961.72
2023-07-02,8340914.00,390571.00,2034319.00,7883906.94,5133343.95,6042796.84,3171567.00,0.00,3209.00,5916024.00,27400961.72
2023-07-03,8340914.00,390571.00,1909639.00,7883906.94,5133343.95,6042796.84,3171567.00,0.00,3209.00,6040704.00,27400961.72
2023-07-04,8340914.00,390571.00,1909639.00,7883906.94,5133343.95,6042796.84,3171567.00,0.00,3209.00,6040704.00,27400961.72
2023-07-05,8298312.00,415441.00,1867061.00,7883906.94,5133343.95,6042796.84,3114989.00,0.00,3356.00,6015810.00,27358359.72
2023-07-06,8298312.00,415441.00,1854256.00,7883906.94,5133343.95,6042796.84,3114989.00,10.00,3356.00,6028615.00,27358359.72
2023-07-07,8298312.00,415441.00,1822303.00,7901647.35,5133343.95,6042796.84,3114989.00,0.00,3356.00,6060568.00,27376100.14
2023-07-08,8298312.00,415441.00,1822303.00,7901647.35,5133343.95,6042796.84,3114989.00,0.00,3356.00,6060568.00,27376100.14
2023-07-09,8298312.00,415441.00,1822303.00,7901647.35,5133343.95,6042796.84,3114989.00,0.00,3356.00,6060568.00,27376100.14
2023-07-10,8298312.00,415441.00,1811981.00,7901647.35,5133343.95,6042796.84,3114989.00,0.00,3356.00,6070890.00,27376100.14
2023-07-11,8298312.00,415441.00,1775796.00,7901647.35,5133343.95,6042796.84,3114989.00,1.00,3356.00,6107075.00,27376100.14
2023-07-12,8296923.00,514337.00,1820146.00,7901647.35,5133343.95,6042796.84,3166607.00,1.00,2692.00,5962440.00,27374711.14
2023-07-13,8296923.00,514337.00,1767432.00,7901647.35,5133343.95,6042796.84,3166607.00,0.00,2692.00,6015154.00,27374711.14
2023-07-14,8296923.00,514337.00,1740777.00,8096813.61,5133343.95,6042796.84,3166607.00,0.00,2692.00,6041809.00,27569877.39
2023-07-15,8296923.00,514337.00,1740777.00,8096813.61,5133343.95,6042796.84,3166607.00,0.00,2692.00,6041809.00,27569877.39
2023-07-16,8296923.00,514337.00,1740777.00,8096813.61,5133343.95,6042796.84,3166607.00,0.00,2692.00,6041809.00,27569877.39
2023-07-17,8296923.00,514337.00,1728322.00,8096813.61,5133343.95,6042796.84,3166607.00,0.00,2692.00,6054264.00,27569877.39
2023-07-18,8296923.00,514337.00,1716862.00,8096813.61,5133343.95,6042796.84,3166607.00,0.00,2692.00,6065724.00,27569877.39
2023-07-19,8274552.00,531135.00,1732804.00,8096813.61,5133343.95,6042796.84,3230457.00,25.00,2633.00,6010613.00,27547506.39
2023-07-20,8274552.00,531135.00,1721001.00,8096813.61,5133343.95,6042796.84,3230457.00,0.00,2633.00,6022416.00,27547506.39
2023-07-21,8274552.00,531135.00,1770752.00,7991819.46,5133343.95,6042796.84,3230457.00,0.00,2633.00,5972665.00,27442512.24
2023-07-22,8274552.00,531135.00,1770752.00,7991819.46,5133343.95,6042796.84,3230457.00,0.00,2633.00,5972665.00,27442512.24
2023-07-23,8274552.00,531135.00,1770752.00,7991819.46,5133343.95,6042796.84,3230457.00,0.00,2633.00,5972665.00,27442512.24
2023-07-24,8274552.00,531135.00,1770867.00,7991819.46,5133343.95,6042796.84,3230457.00,2.00,2633.00,5972550.00,27442512.24
2023-07-25,8274552.00,531135.00,1720716.00,7991819.46,5133343.95,6042796.84,3230457.00,0.00,2633.00,6022701.00,27442512.24
2023-07-26,8243344.00,543597.00,1749733.00,7991819.46,5133343.95,6042796.84,3172244.00,0.00,2249.00,5950014.00,27411304.24
2023-07-27,8243344.00,543597.00,1735783.00,7991819.46,5133343.95,6042796.84,3172244.00,1.00,2249.00,5963964.00,27411304.24
2023-07-28,8243344.00,543597.00,1730227.00,7936263.85,5133343.95,6042796.84,3172244.00,0.00,2249.00,5969520.00,27355748.64
2023-07-29,8243344.00,543597.00,1730227.00,7936263.85,5133343.95,6042796.84,3172244.00,0.00,2249.00,5969520.00,27355748.64
2023-07-30,8243344.00,543597.00,1730227.00,7936263.85,5133343.95,6042796.84,3172244.00,0.00,2249.00,5969520.00,27355748.64
2023-07-31,8243344.00,543597.00,1821124.00,7936263.85,5133343.95,6042796.84,3172244.00,0.00,2249.00,5878623.00,27355748.64
2023-08-01,8243344.00,543597.00,1739554.00,7936263.85,5222112.46,6042796.84,3172244.00,2.00,2249.00,5960193.00,27444517.15
2023-08-02,8206764.00,517459.00,1770186.00,7936263.85,5222112.46,6042796.84,3189533.00,1.00,1898.00,5919119.00,27407937.15
2023-08-03,8206764.00,517459.00,1776774.00,7936263.85,5222112.46,6042796.84,3189533.00,1.00,1898.00,5912531.00,27407937.15
2023-08-04,8206764.00,517459.00,1793804.00,7906808.42,5222112.46,6042796.84,3189533.00,0.00,1898.00,5895501.00,27378481.71
2023-08-05,8206764.00,517459.00,1793804.00,7906808.42,5222112.46,6042796.84,3189533.00,0.00,1898.00,5895501.00,27378481.71
2023-08-06,8206764.00,517459.00,1793804.00,7906808.42,5222112.46,6042796.84,3189533.00,0.00,1898.00,5895501.00,27378481.71
2023-08-07,8206764.00,517459.00,1810583.00,7906808.42,5222112.46,6042796.84,3189533.00,0.00,1898.00,5878722.00,27378481.71
2023-08-08,8206764.00,517459.00,1778351.00,7906808.42,5222112.46,6042796.84,3189533.00,0.00,1898.00,5910954.00,27378481.71
2023-08-09,8208241.00,444594.00,1796519.00,7906808.42,5222112.46,6042796.84,3222856.00,0.00,1911.00,5967128.00,27379958.71
2023-08-10,8208241.00,444594.00,1759897.00,7906808.42,5222112.46,6042796.84,3222856.00,2.00,1911.00,6003750.00,27379958.71
2023-08-11,8208241.00,444594.00,1773236.00,7852351.58,5222112.46,6042796.84,3222856.00,1.00,1911.00,5990411.00,27325501.88
2023-08-12,8208241.00,444594.00,1773236.00,7852351.58,5222112.46,6042796.84,3222856.00,1.00,1911.00,5990411.00,27325501.88
2023-08-13,8208241.00,444594.00,1773236.00,7852351.58,5222112.46,6042796.84,3222856.00,1.00,1911.00,5990411.00,27325501.88
2023-08-14,8208241.00,444594.00,1799311.00,7852351.58,5222112.46,6042796.84,3222856.00,0.00,1911.00,5964336.00,27325501.88
2023-08-15,8208241.00,444594.00,1743784.00,7852351.58,5222112.46,6042796.84,3222856.00,0.00,1911.00,6019863.00,27325501.88
2023-08-16,8145727.00,435795.00,1796725.00,7852351.58,5222112.46,6042796.84,3245971.00,0.00,1966.00,5913207.00,27262987.88
2023-08-17,8145727.00,435795.00,1794120.00,7852351.58,5222112.46,6042796.84,3245971.00,1.00,1966.00,5915812.00,27262987.88
2023-08-18,8145727.00,435795.00,1819201.00,7778962.54,5222112.46,6042796.84,3245971.00,0.00,1966.00,5890731.00,27189598.83
2023-08-19,8145727.00,435795.00,1819201.00,7778962.54,5222112.46,6042796.84,3245971.00,0.00,1966.00,5890731.00,27189598.83
2023-08-20,8145727.00,435795.00,1819201.00,7778962.54,5222112.46,6042796.84,3245971.00,0.00,1966.00,5890731.00,27189598.83
2023-08-21,8145727.00,435795.00,1824788.00,7778962.54,5222112.46,6042796.84,3245971.00,0.00,1966.00,5885144.00,27189598.83
2023-08-22,8145727.00,435795.00,1812294.00,7778962.54,5222112.46,6042796.84,3245971.00,0.00,1966.00,5897638.00,27189598.83
2023-08-23,8139066.00,413787.00,1816533.00,7778962.54,5222112.46,6042796.84,3186789.00,0.00,2190.00,5908746.00,27182937.83
2023-08-24,8139066.00,413787.00,1731623.00,7778962.54,5222112.46,6042796.84,3186789.00,0.00,2190.00,5993656.00,27182937.83
2023-08-25,8139066.00,413787.00,1687379.00,7717942.09,5222112.46,6042796.84,3186789.00,0.00,2190.00,6037900.00,27121917.39
2023-08-26,8139066.00,413787.00,1687379.00,7717942.09,5222112.46,6042796.84,3186789.00,0.00,2190.00,6037900.00,27121917.39
2023-08-27,8139066.00,413787.00,1687379.00,7717942.09,5222112.46,6042796.84,3186789.00,0.00,2190.00,6037900.00,27121917.39
2023-08-28,8139066.00,413787.00,1708605.00,7717942.09,5222112.46,6042796.84,3186789.00,0.00,2190.00,6016674.00,27121917.39
2023-08-29,8139066.00,413787.00,1693278.00,7717942.09,5222112.46,6042796.84,3186789.00,1.00,2190.00,6032001.00,27121917.39
2023-08-30,8121316.00,470800.00,1696819.00,7717942.09,5222112.46,6042796.84,3238345.00,0.00,2907.00,5953697.00,27104167.39
2023-08-31,8121316.00,470800.00,1651602.00,7717942.09,5222112.46,6042796.84,3238345.00,0.00,2907.00,5998914.00,27104167.39
2023-09-01,8121316.00,470800.00,1574065.00,7732389.12,5071757.87,6042796.84,3238345.00,0.00,2907.00,6076451.00,26968259.82
2023-09-02,8121316.00,470800.00,1574065.00,7732389.12,5071757.87,6042796.84,3238345.00,0.00,2907.00,6076451.00,26968259.82
2023-09-03,8121316.00,470800.00,1574065.00,7732389.12,5071757.87,6042796.84,3238345.00,0.00,2907.00,6076451.00,26968259.82
2023-09-04,8121316.00,470800.00,1574065.00,7732389.12,5071757.87,6042796.84,3238345.00,0.00,2907.00,6076451.00,26968259.82
2023-09-05,8121316.00,470800.00,1568490.00,7732389.12,5071757.87,6042796.84,3238345.00,11.00,2907.00,6082026.00,26968259.82
2023-09-06,8101318.00,470881.00,1606244.00,7732389.12,5071757.87,6042796.84,3307291.00,1.00,2051.00,6024193.00,26948261.82
2023-09-07,8101318.00,470881.00,1535289.00,7732389.12,5071757.87,6042796.84,3307291.00,12.00,2051.00,6095148.00,26948261.82
2023-09-08,8101318.00,470881.00,1525403.00,7660231.23,5071757.87,6042796.84,3307291.00,0.00,2051.00,6105034.00,26876103.93
2023-09-09,8101318.00,470881.00,1525403.00,7660231.23,5071757.87,6042796.84,3307291.00,0.00,2051.00,6105034.00,26876103.93
2023-09-10,8101318.00,470881.00,1525403.00,7660231.23,5071757.87,6042796.84,3307291.00,0.00,2051.00,6105034.00,26876103.93
2023-09-11,8101318.00,470881.00,1549111.00,7660231.23,5071757.87,6042796.84,3307291.00,1.00,2051.00,6081326.00,26876103.93
2023-09-12,8101318.00,470881.00,1493781.00,7660231.23,5071757.87,6042796.84,3307291.00,0.00,2051.00,6136656.00,26876103.93
2023-09-13,8098779.00,521507.00,1546225.00,7660231.23,5071757.87,6042796.84,3335459.00,0.00,2698.00,6031047.00,26873564.93
2023-09-14,8098779.00,521507.00,1492427.00,7660231.23,5071757.87,6042796.84,3335459.00,1.00,2698.00,6084845.00,26873564.93
2023-09-15,8098779.00,521507.00,1401403.00,7615968.90,5071757.87,6042796.84,3335459.00,0.00,2698.00,6175869.00,26829302.60
2023-09-16,8098779.00,521507.00,1401403.00,7615968.90,5071757.87,6042796.84,3335459.00,0.00,2698.00,6175869.00,26829302.60
2023-09-17,8098779.00,521507.00,1401403.00,7615968.90,5071757.87,6042796.84,3335459.00,0.00,2698.00,6175869.00,26829302.60
2023-09-18,8098779.00,521507.00,1452942.00,7615968.90,5071757.87,6042796.84,3335459.00,0.00,2698.00,6124330.00,26829302.60
2023-09-19,8098779.00,521507.00,1453324.00,7615968.90,5071757.87,6042796.84,3335459.00,0.00,2698.00,6123948.00,26829302.60
2023-09-20,8024090.00,640296.00,1486984.00,7615968.90,5071757.87,6042796.84,3231649.00,0.00,3078.00,5896810.00,26754613.60
2023-09-21,8024090.00,640296.00,1454115.00,7615968.90,5071757.87,6042796.84,3231649.00,1.00,3078.00,5929679.00,26754613.60
2023-09-22,8024090.00,640296.00,1427575.00,7613352.81,5071757.87,6042796.84,3231649.00,0.00,3078.00,5956219.00,26751997.51
2023-09-23,8024090.00,640296.00,1427575.00,7613352.81,5071757.87,6042796.84,3231649.00,0.00,3078.00,5956219.00,26751997.51
2023-09-24,8024090.00,640296.00,1427575.00,7613352.81,5071757.87,6042796.84,3231649.00,0.00,3078.00,5956219.00,26751997.51
2023-09-25,8024090.00,640296.00,1437310.00,7613352.81,5071757.87,6042796.84,3231649.00,0.00,3078.00,5946484.00,26751997.51
2023-09-26,8024090.00,640296.00,1438301.00,7613352.81,5071757.87,6042796.84,3231649.00,0.00,3078.00,5945493.00,26751997.51
2023-09-27,8002064.00,681143.00,1442805.00,7613352.81,5071757.87,6042796.84,3170324.00,1.00,3193.00,5878116.00,26729971.51
2023-09-28,8002064.00,681143.00,1453366.00,7613352.81,5071757.87,6042796.84,3170324.00,0.00,3193.00,5867555.00,26729971.51
2023-09-29,8002064.00,681143.00,1557569.00,7479134.91,5071757.87,6042796.84,3170324.00,0.00,3193.00,5763352.00,26595753.62
2023-09-30,8002064.00,681143.00,1557569.00,7479134.91,5071757.87,6042796.84,3170324.00,0.00,3193.00,5763352.00,26595753.62
2023-10-01,8002064.00,681143.00,1557569.00,7479134.91,5023423.68,6042796.84,3170324.00,0.00,3193.00,5763352.00,26547419.43
2023-10-02,8002064.00,681143.00,1365739.00,7479134.91,5023423.68,6042796.84,3170324.00,0.00,3193.00,5955182.00,26547419.43
2023-10-03,8002064.00,681143.00,1348465.00,7479134.91,5023423.68,6042796.84,3170324.00,1.00,3193.00,5972456.00,26547419.43
2023-10-04,7955782.00,668009.00,1342031.00,7479134.91,5023423.68,6042796.84,3145720.00,0.00,2773.00,5945742.00,26501137.43
2023-10-05,7955782.00,668009.00,1265132.00,7479134.91,5023423.68,6042796.84,3145720.00,0.00,2773.00,6022641.00,26501137.43
2023-10-06,7955782.00,668009.00,1283461.00,7477655.48,5023423.68,6042796.84,3145720.00,0.00,2773.00,6004312.00,26499657.99
2023-10-07,7955782.00,668009.00,1283461.00,7477655.48,5023423.68,6042796.84,3145720.00,0.00,2773.00,6004312.00,26499657.99
2023-10-08,7955782.00,668009.00,1283461.00,7477655.48,5023423.68,6042796.84,3145720.00,0.00,2773.00,6004312.00,26499657.99
2023-10-09,7955782.00,668009.00,1283461.00,7477655.48,5023423.68,6042796.84,3145720.00,0.00,2773.00,6004312.00,26499657.99
2023-10-10,7955782.00,668009.00,1222440.00,7477655.48,5023423.68,6042796.84,3145720.00,0.00,2773.00,6065333.00,26499657.99
2023-10-11,7952054.00,709160.00,1239382.00,7477655.48,5023423.68,6042796.84,3288945.00,0.00,2580.00,6003512.00,26495929.99
2023-10-12,7952054.00,709160.00,1157319.00,7477655.48,5023423.68,6042796.84,3288945.00,1.00,2580.00,6085575.00,26495929.99
2023-10-13,7952054.00,709160.00,1151818.00,7410946.34,5023423.68,6042796.84,3288945.00,0.00,2580.00,6091076.00,26429220.85
2023-10-14,7952054.00,709160.00,1151818.00,7410946.34,5023423.68,6042796.84,3288945.00,0.00,2580.00,6091076.00,26429220.85
2023-10-15,7952054.00,709160.00,1151818.00,7410946.34,5023423.68,6042796.84,3288945.00,0.00,2580.00,6091076.00,26429220.85
2023-10-16,7952054.00,709160.00,1108819.00,7410946.34,5023423.68,6042796.84,3288945.00,0.00,2580.00,6134075.00,26429220.85
2023-10-17,7952054.00,709160.00,1082502.00,7410946.34,5023423.68,6042796.84,3288945.00,0.00,2580.00,6160392.00,26429220.85
2023-10-18,7933162.00,759878.00,1150781.00,7410946.34,5023423.68,6042796.84,3353881.00,0.00,2962.00,6022503.00,26410328.85
2023-10-19,7933162.00,759878.00,1114179.00,7410946.34,5023423.68,6042796.84,3353881.00,0.00,2962.00,6059105.00,26410328.85
2023-10-20,7933162.00,759878.00,1138756.00,7454648.54,5023423.68,6042796.84,3353881.00,1.00,2962.00,6034528.00,26454031.05
2023-10-21,7933162.00,759878.00,1138756.00,7454648.54,5023423.68,6042796.84,3353881.00,1.00,2962.00,6034528.00,26454031.05
2023-10-22,7933162.00,759878.00,1138756.00,7454648.54,5023423.68,6042796.84,3353881.00,1.00,2962.00,6034528.00,26454031.05
2023-10-23,7933162.00,759878.00,1157976.00,7454648.54,5023423.68,6042796.84,3353881.00,3.00,2962.00,6015308.00,26454031.05
2023-10-24,7933162.00,759878.00,1097875.00,7454648.54,5023423.68,6042796.84,3353881.00,0.00,2962.00,6075409.00,26454031.05
2023-10-25,7907830.00,834418.00,1100617.00,7454648.54,5023423.68,6042796.84,3261886.00,1.00,3170.00,5972795.00,26428699.05
2023-10-26,7907830.00,834418.00,1089850.00,7454648.54,5023423.68,6042796.84,3261886.00,1.00,3170.00,5983562.00,26428699.05
2023-10-27,7907830.00,834418.00,1091858.00,7435235.52,5023423.68,6042796.84,3261886.00,1.00,3170.00,5981554.00,26409286.04
2023-10-28,7907830.00,834418.00,1091858.00,7435235.52,5023423.68,6042796.84,3261886.00,1.00,3170.00,5981554.00,26409286.04
2023-10-29,7907830.00,834418.00,1091858.00,7435235.52,5023423.68,6042796.84,3261886.00,1.00,3170.00,5981554.00,26409286.04
2023-10-30,7907830.00,834418.00,1138035.00,7435235.52,5023423.68,6042796.84,3261886.00,0.00,3170.00,5935377.00,26409286.04
2023-10-31,7907830.00,834418.00,1137697.00,7435235.52,5023423.68,6042796.84,3261886.00,0.00,3170.00,5935715.00,26409286.04
2023-11-01,7866664.00,820487.00,1079462.00,7435235.52,5006495.10,6042796.84,3267216.00,0.00,2951.00,5966715.00,26351191.46
2023-11-02,7866664.00,820487.00,1054986.00,7435235.52,5006495.10,6042796.84,3267216.00,0.00,2951.00,5991191.00,26351191.46
2023-11-03,7866664.00,820487.00,1071139.00,7514836.60,5006495.10,6042796.84,3267216.00,0.00,2951.00,5975038.00,26430792.53
2023-11-04,7866664.00,820487.00,1071139.00,7514836.60,5006495.10,6042796.84,3267216.00,0.00,2951.00,5975038.00,26430792.53
2023-11-05,7866664.00,820487.00,1071139.00,7514836.60,5006495.10,6042796.84,3267216.00,0.00,2951.00,5975038.00,26430792.53
2023-11-06,7866664.00,820487.00,1062878.00,7514836.60,5006495.10,6042796.84,3267216.00,1.00,2951.00,5983299.00,26430792.53
2023-11-07,7866664.00,820487.00,1008685.00,7514836.60,5006495.10,6042796.84,3267216.00,1.00,2951.00,6037492.00,26430792.53
2023-11-08,7860691.00,772686.00,1024451.00,7514836.60,5006495.10,6042796.84,3328908.00,0.00,2229.00,6063554.00,26424819.53
2023-11-09,7860691.00,772686.00,993314.00,7514836.60,5006495.10,6042796.84,3328908.00,10.00,2229.00,6094691.00,26424819.53
2023-11-10,7860691.00,772686.00,1032720.00,7495785.49,5006495.10,6042796.84,3328908.00,0.00,2229.00,6055285.00,26405768.42
2023-11-11,7860691.00,772686.00,1032720.00,7495785.49,5006495.10,6042796.84,3328908.00,0.00,2229.00,6055285.00,26405768.42
2023-11-12,7860691.00,772686.00,1032720.00,7495785.49,5006495.10,6042796.84,3328908.00,0.00,2229.00,6055285.00,26405768.42
2023-11-13,7860691.00,772686.00,1020272.00,7495785.49,5006495.10,6042796.84,3328908.00,0.00,2229.00,6067733.00,26405768.42
2023-11-14,7860691.00,772686.00,988298.00,7495785.49,5006495.10,6042796.84,3328908.00,10.00,2229.00,6099707.00,26405768.42
2023-11-15,7814991.00,738562.00,944241.00,7495785.49,5006495.10,6042796.84,3391713.00,36.00,2241.00,6132188.00,26360068.42
2023-11-16,7814991.00,738562.00,912010.00,7495785.49,5006495.10,6042796.84,3391713.00,0.00,2241.00,6164419.00,26360068.42
2023-11-17,7814991.00,738562.00,935803.00,7616467.32,5006495.10,6042796.84,3391713.00,0.00,2241.00,6140626.00,26480750.25
2023-11-18,7814991.00,738562.00,935803.00,7616467.32,5006495.10,6042796.84,3391713.00,0.00,2241.00,6140626.00,26480750.25
2023-11-19,7814991.00,738562.00,935803.00,7616467.32,5006495.10,6042796.84,3391713.00,0.00,2241.00,6140626.00,26480750.25
2023-11-20,7814991.00,738562.00,953088.00,7616467.32,5006495.10,6042796.84,3391713.00,0.00,2241.00,6123341.00,26480750.25
2023-11-21,7814991.00,738562.00,931155.00,7616467.32,5006495.10,6042796.84,3391713.00,0.00,2241.00,6145274.00,26480750.25
2023-11-22,7810814.00,706017.00,931604.00,7616467.32,5006495.10,6042796.84,3453853.00,0.00,2442.00,6173193.00,26476573.25
2023-11-23,7810814.00,706017.00,931604.00,7616467.32,5006495.10,6042796.84,3453853.00,0.00,2442.00,6173193.00,26476573.25
2023-11-24,7810814.00,706017.00,865907.00,7649206.63,5006495.10,6042796.84,3453853.00,0.00,2442.00,6238890.00,26509312.56
2023-11-25,7810814.00,706017.00,865907.00,7649206.63,5006495.10,6042796.84,3453853.00,0.00,2442.00,6238890.00,26509312.56
2023-11-26,7810814.00,706017.00,865907.00,7649206.63,5006495.10,6042796.84,3453853.00,0.00,2442.00,6238890.00,26509312.56
2023-11-27,7810814.00,706017.00,867220.00,7649206.63,5006495.10,6042796.84,3453853.00,0.00,2442.00,6237577.00,26509312.56
2023-11-28,7810814.00,706017.00,873344.00,7649206.63,5006495.10,6042796.84,3453853.00,1.00,2442.00,6231453.00,26509312.56
2023-11-29,7796145.00,739209.00,914187.00,7649206.63,5006495.10,6042796.84,3441581.00,1.00,2242.00,6142749.00,26494643.56
2023-11-30,7796145.00,739209.00,887822.00,7649206.63,5006495.10,6042796.84,3441581.00,0.00,2242.00,6169114.00,26494643.56
2023-12-01,7796145.00,739209.00,768543.00,7616826.73,5101790.48,6042796.84,3441581.00,1.00,2242.00,6288393.00,26557559.04
2023-12-02,7796145.00,739209.00,768543.00,7616826.73,5101790.48,6042796.84,3441581.00,1.00,2242.00,6288393.00,26557559.04
2023-12-03,7796145.00,739209.00,768543.00,7616826.73,5101790.48,6042796.84,3441581.00,1.00,2242.00,6288393.00,26557559.04
2023-12-04,7796145.00,739209.00,815847.00,7616826.73,5101790.48,6042796.84,3441581.00,0.00,2242.00,6241089.00,26557559.04
2023-12-05,7796145.00,739209.00,834428.00,7616826.73,5101790.48,6042796.84,3441581.00,201.00,2242.00,6222508.00,26557559.04
2023-12-06,7737385.00,682509.00,846498.00,7616826.73,5101790.48,6042796.84,3513374.00,4.00,1960.00,6208378.00,26498799.04
2023-12-07,7737385.00,682509.00,825734.00,7616826.73,5101790.48,6042796.84,3513374.00,8.00,1960.00,6229142.00,26498799.04
2023-12-08,7737385.00,682509.00,821408.00,7515185.01,5101790.48,6042796.84,3513374.00,0.00,1960.00,6233468.00,26397157.32
2023-12-09,7737385.00,682509.00,821408.00,7515185.01,5101790.48,6042796.84,3513374.00,0.00,1960.00,6233468.00,26397157.32
2023-12-10,7737385.00,682509.00,821408.00,7515185.01,5101790.48,6042796.84,3513374.00,0.00,1960.00,6233468.00,26397157.32
2023-12-11,7737385.00,682509.00,838507.00,7515185.01,5101790.48,6042796.84,3513374.00,0.00,1960.00,6216369.00,26397157.32
2023-12-12,7737385.00,682509.00,837803.00,7515185.01,5101790.48,6042796.84,3513374.00,5.00,1960.00,6217073.00,26397157.32
2023-12-13,7739566.00,658440.00,823329.00,7515185.01,5101790.48,6042796.84,3540619.00,4.00,2173.00,6257797.00,26399338.32
2023-12-14,7739566.00,658440.00,769346.00,7515185.01,5101790.48,6042796.84,3540619.00,4.00,2173.00,6311780.00,26399338.32
2023-12-15,7739566.00,658440.00,683254.00,7620464.98,5101790.48,6042796.84,3540619.00,0.00,2173.00,6397872.00,26504618.30
2023-12-16,7739566.00,658440.00,683254.00,7620464.98,5101790.48,6042796.84,3540619.00,0.00,2173.00,6397872.00,26504618.30
2023-12-17,7739566.00,658440.00,683254.00,7620464.98,5101790.48,6042796.84,3540619.00,0.00,2173.00,6397872.00,26504618.30
2023-12-18,7739566.00,658440.00,724704.00,7620464.98,5101790.48,6042796.84,3540619.00,1.00,2173.00,6356422.00,26504618.30
2023-12-19,7739566.00,658440.00,773082.00,7620464.98,5101790.48,6042796.84,3540619.00,0.00,2173.00,6308044.00,26504618.30
2023-12-20,7724063.00,732196.00,779143.00,7620464.98,5101790.48,6042796.84,3536105.00,0.00,2400.00,6212724.00,26489115.30
2023-12-21,7724063.00,732196.00,778402.00,7620464.98,5101790.48,6042796.84,3536105.00,1.00,2400.00,6213465.00,26489115.30
2023-12-22,7724063.00,732196.00,772258.00,7594600.83,5101790.48,6042796.84,3536105.00,1.00,2400.00,6219609.00,26463251.15
2023-12-23,7724063.00,732196.00,772258.00,7594600.83,5101790.48,6042796.84,3536105.00,1.00,2400.00,6219609.00,26463251.15
2023-12-24,7724063.00,732196.00,772258.00,7594600.83,5101790.48,6042796.84,3536105.00,1.00,2400.00,6219609.00,26463251.15
2023-12-25,7724063.00,732196.00,772258.00,7594600.83,5101790.48,6042796.84,3536105.00,1.00,2400.00,6219609.00,26463251.15
2023-12-26,7724063.00,732196.00,793937.00,7594600.83,5101790.48,6042796.84,3536105.00,0.00,2400.00,6197930.00,26463251.15
2023-12-27,7712781.00,731405.00,818869.00,7594600.83,5101790.48,6042796.84,3446459.00,0.00,2492.00,6162507.00,26451969.15
2023-12-28,7712781.00,731405.00,829573.00,7594600.83,5101790.48,6042796.84,3446459.00,0.00,2492.00,6151803.00,26451969.15
2023-12-29,7712781.00,731405.00,1018483.00,7672037.93,5101790.48,6042796.84,3446459.00,0.00,2492.00,5962893.00,26529406.24
2023-12-30,7712781.00,731405.00,1018483.00,7672037.93,5101790.48,6042796.84,3446459.00,0.00,2492.00,5962893.00,26529406.24
2023-12-31,7712781.00,731405.00,1018483.00,7672037.93,5101790.48,6435923.55,3446459.00,0.00,2492.00,5962893.00,26922532.96
2024-01-01,7712781.00,731405.00,1018483.00,7672037.93,5367822.88,6435923.55,3446459.00,0.00,2492.00,5962893.00,27188565.36
2024-01-02,7712781.00,731405.00,704864.00,7672037.93,5367822.88,6435923.55,3446459.00,0.00,2492.00,6276512.00,27188565.36
2024-01-03,7681024.00,758448.00,719897.00,7672037.93,5367822.88,6435923.55,3262895.00,0.00,2159.00,6202679.00,27156808.36
2024-01-04,7681024.00,758448.00,664899.00,7672037.93,5367822.88,6435923.55,3262895.00,0.00,2159.00,6257677.00,27156808.36
2024-01-05,7681024.00,758448.00,694478.00,7582076.36,5367822.88,6435923.55,3262895.00,0.00,2159.00,6228098.00,27066846.79
2024-01-06,7681024.00,758448.00,694478.00,7582076.36,5367822.88,6435923.55,3262895.00,0.00,2159.00,6228098.00,27066846.79
2024-01-07,7681024.00,758448.00,694478.00,7582076.36,5367822.88,6435923.55,3262895.00,0.00,2159.00,6228098.00,27066846.79
2024-01-08,7681024.00,758448.00,691485.00,7582076.36,5367822.88,6435923.55,3262895.00,0.00,2159.00,6231091.00,27066846.79
2024-01-09,7681024.00,758448.00,676050.00,7582076.36,5367822.88,6435923.55,3262895.00,0.00,2159.00,6246526.00,27066846.79
2024-01-10,7686710.00,747565.00,679961.00,7582076.36,5367822.88,6435923.55,3498748.00,0.00,2106.00,6259184.00,27072532.79
2024-01-11,7686710.00,747565.00,626370.00,7582076.36,5367822.88,6435923.55,3498748.00,0.00,2106.00,6312775.00,27072532.79
2024-01-12,7686710.00,747565.00,603116.00,7587629.13,5367822.88,6435923.55,3498748.00,1.00,2106.00,6336029.00,27078085.56
2024-01-13,7686710.00,747565.00,603116.00,7587629.13,5367822.88,6435923.55,3498748.00,1.00,2106.00,6336029.00,27078085.56
2024-01-14,7686710.00,747565.00,603116.00,7587629.13,5367822.88,6435923.55,3498748.00,1.00,2106.00,6336029.00,27078085.56
2024-01-15,7686710.00,747565.00,603116.00,7587629.13,5367822.88,6435923.55,3498748.00,1.00,2106.00,6336029.00,27078085.56
2024-01-16,7686710.00,747565.00,583103.00,7587629.13,5367822.88,6435923.55,3498748.00,0.00,2106.00,6356042.00,27078085.56
2024-01-17,7673741.00,748883.00,590191.00,7587629.13,5367822.88,6435923.55,3611719.00,0.00,2295.00,6334667.00,27065116.56
2024-01-18,7673741.00,748883.00,618234.00,7587629.13,5367822.88,6435923.55,3611719.00,1.00,2295.00,6306624.00,27065116.56
2024-01-19,7673741.00,748883.00,625182.00,7500346.07,5367822.88,6435923.55,3611719.00,0.00,2295.00,6299676.00,26977833.50
2024-01-20,7673741.00,748883.00,625182.00,7500346.07,5367822.88,6435923.55,3611719.00,0.00,2295.00,6299676.00,26977833.50
2024-01-21,7673741.00,748883.00,625182.00,7500346.07,5367822.88,6435923.55,3611719.00,0.00,2295.00,6299676.00,26977833.50
2024-01-22,7673741.00,748883.00,647103.00,7500346.07,5367822.88,6435923.55,3611719.00,1.00,2295.00,6277755.00,26977833.50
2024-01-23,7673741.00,748883.00,621195.00,7500346.07,5367822.88,6435923.55,3611719.00,1.00,2295.00,6303663.00,26977833.50
2024-01-24,7677230.00,799358.00,639560.00,7500346.07,5367822.88,6435923.55,3526683.00,0.00,2785.00,6238312.00,26981322.50
2024-01-25,7677230.00,799358.00,557687.00,7500346.07,5367822.88,6435923.55,3526683.00,2.00,2785.00,6320185.00,26981322.50
2024-01-26,7677230.00,799358.00,570828.00,7484053.12,5367822.88,6435923.55,3526683.00,0.00,2785.00,6307044.00,26965029.55
2024-01-27,7677230.00,799358.00,570828.00,7484053.12,5367822.88,6435923.55,3526683.00,0.00,2785.00,6307044.00,26965029.55
2024-01-28,7677230.00,799358.00,570828.00,7484053.12,5367822.88,6435923.55,3526683.00,0.00,2785.00,6307044.00,26965029.55
2024-01-29,7677230.00,799358.00,581410.00,7484053.12,5367822.88,6435923.55,3526683.00,2.00,2785.00,6296462.00,26965029.55
2024-01-30,7677230.00,799358.00,577755.00,7484053.12,5367822.88,6435923.55,3526683.00,0.00,2785.00,6300117.00,26965029.55
2024-01-31,7630124.00,841550.00,615379.00,7484053.12,5367822.88,6435923.55,3526230.00,0.00,3189.00,6173195.00,26917923.55
2024-02-01,7630124.00,841550.00,503548.00,7484053.12,5202016.01,6435923.55,3526230.00,0.00,3189.00,6285026.00,26752116.68
2024-02-02,7630124.00,841550.00,513422.00,7405709.14,5202016.01,6435923.55,3526230.00,0.00,3189.00,6275152.00,26673772.70
2024-02-03,7630124.00,841550.00,513422.00,7405709.14,5202016.01,6435923.55,3526230.00,0.00,3189.00,6275152.00,26673772.70
2024-02-04,7630124.00,841550.00,513422.00,7405709.14,5202016.01,6435923.55,3526230.00,0.00,3189.00,6275152.00,26673772.70
2024-02-05,7630124.00,841550.00,552289.00,7405709.14,5202016.01,6435923.55,3526230.00,1.00,3189.00,6236285.00,26673772.70
2024-02-06,7630124.00,841550.00,532439.00,7405709.14,5202016.01,6435923.55,3526230.00,0.00,3189.00,6256135.00,26673772.70
2024-02-07,7631300.00,802135.00,553055.00,7405709.14,5202016.01,6435923.55,3599323.00,0.00,2334.00,6276110.00,26674948.70
2024-02-08,7631300.00,802135.00,535705.00,7405709.14,5202016.01,6435923.55,3599323.00,1.00,2334.00,6293460.00,26674948.70
2024-02-09,7631300.00,802135.00,569175.00,7397979.81,5202016.01,6435923.55,3599323.00,1.00,2334.00,6259990.00,26667219.37
2024-02-10,7631300.00,802135.00,569175.00,7397979.81,5202016.01,6435923.55,3599323.00,1.00,2334.00,6259990.00,26667219.37
2024-02-11,7631300.00,802135.00,569175.00,7397979.81,5202016.01,6435923.55,3599323.00,1.00,2334.00,6259990.00,26667219.37
2024-02-12,7631300.00,802135.00,581568.00,7397979.81,5202016.01,6435923.55,3599323.00,1.00,2334.00,6247597.00,26667219.37
2024-02-13,7631300.00,802135.00,553684.00,7397979.81,5202016.01,6435923.55,3599323.00,0.00,2334.00,6275481.00,26667219.37
2024-02-14,7633874.00,838005.00,575332.00,7397979.81,5202016.01,6435923.55,3540945.00,0.00,2419.00,6220537.00,26669793.37
2024-02-15,7633874.00,838005.00,493065.00,7397979.81,5202016.01,6435923.55,3540945.00,0.00,2419.00,6302804.00,26669793.37
2024-02-16,7633874.00,838005.00,532125.00,7368886.40,5202016.01,6435923.55,3540945.00,0.00,2419.00,6263744.00,26640699.96
2024-02-17,7633874.00,838005.00,532125.00,7368886.40,5202016.01,6435923.55,3540945.00,0.00,2419.00,6263744.00,26640699.96
2024-02-18,7633874.00,838005.00,532125.00,7368886.40,5202016.01,6435923.55,3540945.00,0.00,2419.00,6263744.00,26640699.96
2024-02-19,7633874.00,838005.00,532125.00,7368886.40,5202016.01,6435923.55,3540945.00,0.00,2419.00,6263744.00,26640699.96
2024-02-20,7633874.00,838005.00,530879.00,7368886.40,5202016.01,6435923.55,3540945.00,0.00,2419.00,6264990.00,26640699.96
2024-02-21,7581683.00,785465.00,574882.00,7368886.40,5202016.01,6435923.55,3565999.00,1.00,2405.00,6221336.00,26588508.96
2024-02-22,7581683.00,785465.00,553245.00,7368886.40,5202016.01,6435923.55,3565999.00,102.00,2405.00,6242973.00,26588508.96
2024-02-23,7581683.00,785465.00,520107.00,7396541.83,5202016.01,6435923.55,3565999.00,1.00,2405.00,6276111.00,26616164.39
2024-02-24,7581683.00,785465.00,520107.00,7396541.83,5202016.01,6435923.55,3565999.00,1.00,2405.00,6276111.00,26616164.39
2024-02-25,7581683.00,785465.00,520107.00,7396541.83,5202016.01,6435923.55,3565999.00,1.00,2405.00,6276111.00,26616164.39
2024-02-26,7581683.00,785465.00,524959.00,7396541.83,5202016.01,6435923.55,3565999.00,0.00,2405.00,6271259.00,26616164.39
2024-02-27,7581683.00,785465.00,519725.00,7396541.83,5202016.01,6435923.55,3565999.00,2.00,2405.00,6276493.00,26616164.39
2024-02-28,7567807.00,785821.00,569855.00,7396541.83,5202016.01,6435923.55,3567552.00,2.00,2105.00,6212131.00,26602288.39
2024-02-29,7567807.00,785821.00,502074.00,7396541.83,5202016.01,6435923.55,3567552.00,1.00,2105.00,6279912.00,26602288.39
2024-03-01,7567807.00,785821.00,441265.00,7387390.42,5036105.86,6435923.55,3567552.00,1.00,2105.00,6340721.00,26427226.83
2024-03-02,7567807.00,785821.00,441265.00,7387390.42,5036105.86,6435923.55,3567552.00,1.00,2105.00,6340721.00,26427226.83
2024-03-03,7567807.00,785821.00,441265.00,7387390.42,5036105.86,6435923.55,3567552.00,1.00,2105.00,6340721.00,26427226.83
2024-03-04,7567807.00,785821.00,439793.00,7387390.42,5036105.86,6435923.55,3567552.00,0.00,2105.00,6342193.00,26427226.83
2024-03-05,7567807.00,785821.00,444474.00,7387390.42,5036105.86,6435923.55,3567552.00,1.00,2105.00,6337512.00,26427226.83
2024-03-06,7538857.00,767733.00,456847.00,7387390.42,5036105.86,6435923.55,3626176.00,2.00,1882.00,6314277.00,26398276.83
2024-03-07,7538857.00,767733.00,436754.00,7387390.42,5036105.86,6435923.55,3626176.00,110.00,1882.00,6334370.00,26398276.83
2024-03-08,7538857.00,767733.00,444803.00,7454310.08,5036105.86,6435923.55,3626176.00,0.00,1882.00,6326321.00,26465196.50
2024-03-09,7538857.00,767733.00,444803.00,7454310.08,5036105.86,6435923.55,3626176.00,0.00,1882.00,6326321.00,26465196.50
2024-03-10,7538857.00,767733.00,444803.00,7454310.08,5036105.86,6435923.55,3626176.00,0.00,1882.00,6326321.00,26465196.50
2024-03-11,7538857.00,767733.00,478728.00,7454310.08,5036105.86,6435923.55,3626176.00,0.00,1882.00,6292396.00,26465196.50
2024-03-12,7538857.00,767733.00,476862.00,7454310.08,5036105.86,6435923.55,3626176.00,1.00,1882.00,6294262.00,26465196.50
2024-03-13,7541969.00,768369.00,521738.00,7454310.08,5036105.86,6435923.55,3624633.00,2.00,1825.00,6251862.00,26468308.50
2024-03-14,7541969.00,768369.00,483573.00,7454310.08,5036105.86,6435923.55,3624633.00,1.00,1825.00,6290027.00,26468308.50
2024-03-15,7541969.00,768369.00,413877.00,7420818.75,5036105.86,6435923.55,3624633.00,2.00,1825.00,6359723.00,26434817.16
2024-03-16,7541969.00,768369.00,413877.00,7420818.75,5036105.86,6435923.55,3624633.00,2.00,1825.00,6359723.00,26434817.16
2024-03-17,7541969.00,768369.00,413877.00,7420818.75,5036105.86,6435923.55,3624633.00,2.00,1825.00,6359723.00,26434817.16
2024-03-18,7541969.00,768369.00,440596.00,7420818.75,5036105.86,6435923.55,3624633.00,0.00,1825.00,6333004.00,26434817.16
2024-03-19,7541969.00,768369.00,446978.00,7420818.75,5036105.86,6435923.55,3624633.00,2.00,1825.00,6326622.00,26434817.16
2024-03-20,7514348.00,809298.00,496245.00,7420818.75,5036105.86,6435923.55,3553424.00,1.00,2672.00,6208805.00,26407196.16
2024-03-21,7514348.00,809298.00,460631.00,7420818.75,5036105.86,6435923.55,3553424.00,0.00,2672.00,6244419.00,26407196.16
2024-03-22,7514348.00,809298.00,478531.00,7366333.73,5036105.86,6435923.55,3553424.00,0.00,2672.00,6226519.00,26352711.15
2024-03-23,7514348.00,809298.00,478531.00,7366333.73,5036105.86,6435923.55,3553424.00,0.00,2672.00,6226519.00,26352711.15
2024-03-24,7514348.00,809298.00,478531.00,7366333.73,5036105.86,6435923.55,3553424.00,0.00,2672.00,6226519.00,26352711.15
2024-03-25,7514348.00,809298.00,473787.00,7366333.73,5036105.86,6435923.55,3553424.00,0.00,2672.00,6231263.00,26352711.15
2024-03-26,7514348.00,809298.00,496062.00,7366333.73,5036105.86,6435923.55,3553424.00,1.00,2672.00,6208988.00,26352711.15
2024-03-27,7484739.00,802233.00,518357.00,7366333.73,5036105.86,6435923.55,3496121.00,0.00,6270.00,6164149.00,26323102.15
2024-03-28,7484739.00,802233.00,594428.00,7366333.73,5036105.86,6435923.55,3496121.00,2.00,6270.00,6088078.00,26323102.15
2024-03-29,7484739.00,802233.00,594428.00,7143306.40,5036105.86,6435923.55,3496121.00,2.00,6270.00,6088078.00,26100074.81
2024-03-30,7484739.00,802233.00,594428.00,7143306.40,5036105.86,6435923.55,3496121.00,2.00,6270.00,6088078.00,26100074.81
2024-03-31,7484739.00,802233.00,594428.00,7143306.40,5036105.86,6435923.55,3496121.00,2.00,6270.00,6088078.00,26100074.81
2024-04-01,7484739.00,802233.00,441903.00,7143306.40,4998153.84,6435923.55,3496121.00,0.00,6270.00,6240603.00,26062122.79
2024-04-02,7484739.00,802233.00,448424.00,7143306.40,4998153.84,6435923.55,3496121.00,0.00,6270.00,6234082.00,26062122.79
2024-04-03,7439558.00,768651.00,436631.00,7143306.40,4998153.84,6435923.55,3414288.00,1.00,5451.00,6234276.00,26016941.79
2024-04-04,7439558.00,768651.00,438764.00,7143306.40,4998153.84,6435923.55,3414288.00,0.00,5451.00,6232143.00,26016941.79
2024-04-05,7439558.00,768651.00,438319.00,7139176.85,4998153.84,6435923.55,3414288.00,0.00,5451.00,6232588.00,26012812.24
2024-04-06,7439558.00,768651.00,438319.00,7139176.85,4998153.84,6435923.55,3414288.00,0.00,5451.00,6232588.00,26012812.24
2024-04-07,7439558.00,768651.00,438319.00,7139176.85,4998153.84,6435923.55,3414288.00,0.00,5451.00,6232588.00,26012812.24
2024-04-08,7439558.00,768651.00,448597.00,7139176.85,4998153.84,6435923.55,3414288.00,0.00,5451.00,6222310.00,26012812.24
2024-04-09,7439558.00,768651.00,441792.00,7139176.85,4998153.84,6435923.55,3414288.00,2.00,5451.00,6229115.00,26012812.24
2024-04-10,7438176.00,704971.00,445816.00,7139176.85,4998153.84,6435923.55,3586845.00,1.00,5053.00,6287389.00,26011430.24
2024-04-11,7438176.00,704971.00,455361.00,7139176.85,4998153.84,6435923.55,3586845.00,0.00,5053.00,6277844.00,26011430.24
2024-04-12,7438176.00,704971.00,407322.00,7023473.48,4998153.84,6435923.55,3586845.00,0.00,5053.00,6325883.00,25895726.88
2024-04-13,7438176.00,704971.00,407322.00,7023473.48,4998153.84,6435923.55,3586845.00,0.00,5053.00,6325883.00,25895726.88
2024-04-14,7438176.00,704971.00,407322.00,7023473.48,4998153.84,6435923.55,3586845.00,0.00,5053.00,6325883.00,25895726.88
2024-04-15,7438176.00,704971.00,327066.00,7023473.48,4998153.84,6435923.55,3586845.00,1.00,5053.00,6406139.00,25895726.88
2024-04-16,7438176.00,704971.00,371554.00,7023473.48,4998153.84,6435923.55,3586845.00,1.00,5053.00,6361651.00,25895726.88
2024-04-17,7405506.00,796535.00,440508.00,7023473.48,4998153.84,6435923.55,3522717.00,1.00,8559.00,6168463.00,25863056.88
2024-04-18,7405506.00,796535.00,433006.00,7023473.48,4998153.84,6435923.55,3522717.00,112.00,8559.00,6175965.00,25863056.88
2024-04-19,7405506.00,796535.00,397234.00,7025013.05,4998153.84,6435923.55,3522717.00,0.00,8559.00,6211737.00,25864596.44
2024-04-20,7405506.00,796535.00,397234.00,7025013.05,4998153.84,6435923.55,3522717.00,0.00,8559.00,6211737.00,25864596.44
2024-04-21,7405506.00,796535.00,397234.00,7025013.05,4998153.84,6435923.55,3522717.00,0.00,8559.00,6211737.00,25864596.44
2024-04-22,7405506.00,796535.00,409816.00,7025013.05,4998153.84,6435923.55,3522717.00,0.00,8559.00,6199155.00,25864596.44
2024-04-23,7405506.00,796535.00,435880.00,7025013.05,4998153.84,6435923.55,3522717.00,0.00,8559.00,6173091.00,25864596.44
2024-04-24,7402434.00,941430.00,441215.00,7025013.05,4998153.84,6435923.55,3324363.00,1.00,7018.00,6019789.00,25861524.44
2024-04-25,7402434.00,941430.00,443928.00,7025013.05,4998153.84,6435923.55,3324363.00,2.00,7018.00,6017076.00,25861524.44
2024-04-26,7402434.00,941430.00,464912.00,7051541.80,4998153.84,6435923.55,3324363.00,0.00,7018.00,5996092.00,25888053.19
2024-04-27,7402434.00,941430.00,464912.00,7051541.80,4998153.84,6435923.55,3324363.00,0.00,7018.00,5996092.00,25888053.19
2024-04-28,7402434.00,941430.00,464912.00,7051541.80,4998153.84,6435923.55,3324363.00,0.00,7018.00,5996092.00,25888053.19
2024-04-29,7402434.00,941430.00,505530.00,7051541.80,4998153.84,6435923.55,3324363.00,0.00,7018.00,5955474.00,25888053.19
2024-04-30,7402434.00,941430.00,534234.00,7051541.80,4998153.84,6435923.55,3324363.00,1.00,7018.00,5926770.00,25888053.19
2024-05-01,7362474.00,917177.00,438148.00,7051541.80,4827688.55,6435923.55,3252733.00,0.00,6791.00,6007149.00,25677627.90
2024-05-02,7362474.00,917177.00,428680.00,7051541.80,4827688.55,6435923.55,3252733.00,1.00,6791.00,6016617.00,25677627.90
2024-05-03,7362474.00,917177.00,450165.00,7088889.39,4827688.55,6435923.55,3252733.00,0.00,6791.00,5995132.00,25714975.50
2024-05-04,7362474.00,917177.00,450165.00,7088889.39,4827688.55,6435923.55,3252733.00,0.00,6791.00,5995132.00,25714975.50
2024-05-05,7362474.00,917177.00,450165.00,7088889.39,4827688.55,6435923.55,3252733.00,0.00,6791.00,5995132.00,25714975.50
2024-05-06,7362474.00,917177.00,468970.00,7088889.39,4827688.55,6435923.55,3252733.00,0.00,6791.00,5976327.00,25714975.50
2024-05-07,7362474.00,917177.00,475325.00,7088889.39,4827688.55,6435923.55,3252733.00,0.00,6791.00,5969972.00,25714975.50
2024-05-08,7353408.00,851591.00,493427.00,7088889.39,4827688.55,6435923.55,3331156.00,0.00,6198.00,6008390.00,25705909.50
2024-05-09,7353408.00,851591.00,458550.00,7088889.39,4827688.55,6435923.55,3331156.00,45.00,6198.00,6043267.00,25705909.50
2024-05-10,7353408.00,851591.00,486434.00,7089661.74,4827688.55,6435923.55,3331156.00,0.00,6198.00,6015383.00,25706681.85
2024-05-11,7353408.00,851591.00,486434.00,7089661.74,4827688.55,6435923.55,3331156.00,0.00,6198.00,6015383.00,25706681.85
2024-05-12,7353408.00,851591.00,486434.00,7089661.74,4827688.55,6435923.55,3331156.00,0.00,6198.00,6015383.00,25706681.85
2024-05-13,7353408.00,851591.00,492068.00,7089661.74,4827688.55,6435923.55,3331156.00,1.00,6198.00,6009749.00,25706681.85
2024-05-14,7353408.00,851591.00,468344.00,7089661.74,4827688.55,6435923.55,3331156.00,0.00,6198.00,6033473.00,25706681.85
2024-05-15,7304272.00,787133.00,443779.00,7089661.74,4827688.55,6435923.55,3369747.00,0.00,6364.00,6073360.00,25657545.85
2024-05-16,7304272.00,787133.00,410121.00,7089661.74,4827688.55,6435923.55,3369747.00,100.00,6364.00,6107018.00,25657545.85
2024-05-17,7304272.00,787133.00,449373.00,7132704.08,4827688.55,6435923.55,3369747.00,0.00,6364.00,6067766.00,25700588.19
2024-05-18,7304272.00,787133.00,449373.00,7132704.08,4827688.55,6435923.55,3369747.00,0.00,6364.00,6067766.00,25700588.19
2024-05-19,7304272.00,787133.00,449373.00,7132704.08,4827688.55,6435923.55,3369747.00,0.00,6364.00,6067766.00,25700588.19
2024-05-20,7304272.00,787133.00,489728.00,7132704.08,4827688.55,6435923.55,3369747.00,1.00,6364.00,6027411.00,25700588.19
2024-05-21,7304272.00,787133.00,491720.00,7132704.08,4827688.55,6435923.55,3369747.00,3.00,6364.00,6025419.00,25700588.19
2024-05-22,7299566.00,725376.00,496382.00,7132704.08,4827688.55,6435923.55,3390794.00,0.00,6664.00,6077808.00,25695882.19
2024-05-23,7299566.00,725376.00,467398.00,7132704.08,4827688.55,6435923.55,3390794.00,0.00,6664.00,6106792.00,25695882.19
2024-05-24,7299566.00,725376.00,431239.00,7138116.78,4827688.55,6435923.55,3390794.00,0.00,6664.00,6142951.00,25701294.89
2024-05-25,7299566.00,725376.00,431239.00,7138116.78,4827688.55,6435923.55,3390794.00,0.00,6664.00,6142951.00,25701294.89
2024-05-26,7299566.00,725376.00,431239.00,7138116.78,4827688.55,6435923.55,3390794.00,0.00,6664.00,6142951.00,25701294.89
2024-05-27,7299566.00,725376.00,431239.00,7138116.78,4827688.55,6435923.55,3390794.00,0.00,6664.00,6142951.00,25701294.89
2024-05-28,7299566.00,725376.00,417836.00,7138116.78,4827688.55,6435923.55,3390794.00,0.00,6664.00,6156354.00,25701294.89
2024-05-29,7284319.00,704335.00,459314.00,7138116.78,4827688.55,6435923.55,3409342.00,5.00,6574.00,6120670.00,25686047.89
2024-05-30,7284319.00,704335.00,452034.00,7138116.78,4827688.55,6435923.55,3409342.00,0.00,6574.00,6127950.00,25686047.89
2024-05-31,7284319.00,704335.00,439806.00,7115697.26,4827688.55,6435923.55,3409342.00,0.00,6574.00,6140178.00,25663628.36
2024-06-01,7284319.00,704335.00,439806.00,7115697.26,4794649.15,6435923.55,3409342.00,0.00,6574.00,6140178.00,25630588.96
2024-06-02,7284319.00,704335.00,439806.00,7115697.26,4794649.15,6435923.55,3409342.00,0.00,6574.00,6140178.00,25630588.96
2024-06-03,7284319.00,704335.00,387069.00,7115697.26,4794649.15,6435923.55,3409342.00,0.00,6574.00,6192915.00,25630588.96
2024-06-04,7284319.00,704335.00,377825.00,7115697.26,4794649.15,6435923.55,3409342.00,2.00,6574.00,6202159.00,25630588.96
2024-06-05,7255687.00,710309.00,371841.00,7115697.26,4794649.15,6435923.55,3408310.00,104.00,6188.00,6173537.00,25601956.96
2024-06-06,7255687.00,710309.00,378125.00,7115697.26,4794649.15,6435923.55,3408310.00,2.00,6188.00,6167253.00,25601956.96
2024-06-07,7255687.00,710309.00,395462.00,7069542.78,4794649.15,6435923.55,3408310.00,3.00,6188.00,6149916.00,25555802.49
2024-06-08,7255687.00,710309.00,395462.00,7069542.78,4794649.15,6435923.55,3408310.00,3.00,6188.00,6149916.00,25555802.49
2024-06-09,7255687.00,710309.00,395462.00,7069542.78,4794649.15,6435923.55,3408310.00,3.00,6188.00,6149916.00,25555802.49
2024-06-10,7255687.00,710309.00,416481.00,7069542.78,4794649.15,6435923.55,3408310.00,1.00,6188.00,6128897.00,25555802.49
2024-06-11,7255687.00,710309.00,410449.00,7069542.78,4794649.15,6435923.55,3408310.00,1.00,6188.00,6134929.00,25555802.49
2024-06-12,7258974.00,673573.00,447574.00,7069542.78,4794649.15,6435923.55,3455134.00,0.00,6461.00,6137827.00,25559089.49
2024-06-13,7258974.00,673573.00,429864.00,7069542.78,4794649.15,6435923.55,3455134.00,100.00,6461.00,6155537.00,25559089.49
2024-06-14,7258974.00,673573.00,386885.00,6991284.02,4794649.15,6435923.55,3455134.00,0.00,6461.00,6198516.00,25480830.72
2024-06-15,7258974.00,673573.00,386885.00,6991284.02,4794649.15,6435923.55,3455134.00,0.00,6461.00,6198516.00,25480830.72
2024-06-16,7258974.00,673573.00,386885.00,6991284.02,4794649.15,6435923.55,3455134.00,0.00,6461.00,6198516.00,25480830.72
2024-06-17,7258974.00,673573.00,333429.00,6991284.02,4794649.15,6435923.55,3455134.00,0.00,6461.00,6251972.00,25480830.72
2024-06-18,7258974.00,673573.00,375542.00,6991284.02,4794649.15,6435923.55,3455134.00,0.00,6461.00,6209859.00,25480830.72
2024-06-19,7252542.00,723410.00,375542.00,6991284.02,4794649.15,6435923.55,3434274.00,0.00,6683.00,6153590.00,25474398.72
2024-06-20,7252542.00,723410.00,388841.00,6991284.02,4794649.15,6435923.55,3434274.00,3.00,6683.00,6140291.00,25474398.72
2024-06-21,7252542.00,723410.00,421040.00,6990472.10,4794649.15,6435923.55,3434274.00,1.00,6683.00,6108092.00,25473586.81
2024-06-22,7252542.00,723410.00,421040.00,6990472.10,4794649.15,6435923.55,3434274.00,1.00,6683.00,6108092.00,25473586.81
2024-06-23,7252542.00,723410.00,421040.00,6990472.10,4794649.15,6435923.55,3434274.00,1.00,6683.00,6108092.00,25473586.81
2024-06-24,7252542.00,723410.00,435916.00,6990472.10,4794649.15,6435923.55,3434274.00,16.00,6683.00,6093216.00,25473586.81
2024-06-25,7252542.00,723410.00,466310.00,6990472.10,4794649.15,6435923.55,3434274.00,0.00,6683.00,6062822.00,25473586.81
2024-06-26,7231163.00,765417.00,490156.00,6990472.10,4794649.15,6435923.55,3302647.00,1.00,7026.00,5975590.00,25452207.81
2024-06-27,7231163.00,765417.00,531692.00,6990472.10,4794649.15,6435923.55,3302647.00,0.00,7026.00,5934054.00,25452207.81
2024-06-28,7231163.00,765417.00,664570.00,6985717.41,4794649.15,6435923.55,3302647.00,1.00,7026.00,5801176.00,25447453.12
2024-06-29,7231163.00,765417.00,664570.00,6985717.41,4794649.15,6435923.55,3302647.00,1.00,7026.00,5801176.00,25447453.12
2024-06-30,7231163.00,765417.00,664570.00,6985717.41,4794649.15,6435923.55,3302647.00,1.00,7026.00,5801176.00,25447453.12
2024-07-01,7231163.00,765417.00,451783.00,6985717.41,4715036.21,6435923.55,3302647.00,0.00,7026.00,6013963.00,25367840.18
2024-07-02,7231163.00,765417.00,443369.00,6985717.41,4715036.21,6435923.55,3302647.00,10.00,7026.00,6022377.00,25367840.18
2024-07-03,7221520.00,761373.00,425898.00,6985717.41,4715036.21,6435923.55,3184180.00,0.00,6404.00,6034249.00,25358197.18
2024-07-04,7221520.00,761373.00,425898.00,6985717.41,4715036.21,6435923.55,3184180.00,0.00,6404.00,6034249.00,25358197.18
2024-07-05,7221520.00,761373.00,390632.00,7035708.48,4715036.21,6435923.55,3184180.00,0.00,6404.00,6069515.00,25408188.24
2024-07-06,7221520.00,761373.00,390632.00,7035708.48,4715036.21,6435923.55,3184180.00,0.00,6404.00,6069515.00,25408188.24
2024-07-07,7221520.00,761373.00,390632.00,7035708.48,4715036.21,6435923.55,3184180.00,0.00,6404.00,6069515.00,25408188.24
2024-07-08,7221520.00,761373.00,415257.00,7035708.48,4715036.21,6435923.55,3184180.00,0.00,6404.00,6044890.00,25408188.24
2024-07-09,7221520.00,761373.00,423152.00,7035708.48,4715036.21,6435923.55,3184180.00,97.00,6404.00,6036995.00,25408188.24
2024-07-10,7224079.00,736402.00,422147.00,7035708.48,4715036.21,6435923.55,3341977.00,0.00,6803.00,6065530.00,25410747.24
2024-07-11,7224079.00,736402.00,403708.00,7035708.48,4715036.21,6435923.55,3341977.00,102.00,6803.00,6083969.00,25410747.24
2024-07-12,7224079.00,736402.00,406590.00,7080263.56,4715036.21,6435923.55,3341977.00,0.00,6803.00,6081087.00,25455302.33
2024-07-13,7224079.00,736402.00,406590.00,7080263.56,4715036.21,6435923.55,3341977.00,0.00,6803.00,6081087.00,25455302.33
2024-07-14,7224079.00,736402.00,406590.00,7080263.56,4715036.21,6435923.55,3341977.00,0.00,6803.00,6081087.00,25455302.33
2024-07-15,7224079.00,736402.00,413280.00,7080263.56,4715036.21,6435923.55,3341977.00,2.00,6803.00,6074397.00,25455302.33
2024-07-16,7224079.00,736402.00,409594.00,7080263.56,4715036.21,6435923.55,3341977.00,0.00,6803.00,6078083.00,25455302.33
2024-07-17,7208247.00,751593.00,399401.00,7080263.56,4715036.21,6435923.55,3331425.00,0.00,6634.00,6057253.00,25439470.33
2024-07-18,7208247.00,751593.00,391652.00,7080263.56,4715036.21,6435923.55,3331425.00,0.00,6634.00,6065002.00,25439470.33
2024-07-19,7208247.00,751593.00,379801.00,7053598.08,4715036.21,6435923.55,3331425.00,0.00,6634.00,6076853.00,25412804.85
2024-07-20,7208247.00,751593.00,379801.00,7053598.08,4715036.21,6435923.55,3331425.00,0.00,6634.00,6076853.00,25412804.85
2024-07-21,7208247.00,751593.00,379801.00,7053598.08,4715036.21,6435923.55,3331425.00,0.00,6634.00,6076853.00,25412804.85
2024-07-22,7208247.00,751593.00,395901.00,7053598.08,4715036.21,6435923.55,3331425.00,0.00,6634.00,6060753.00,25412804.85
2024-07-23,7208247.00,751593.00,389837.00,7053598.08,4715036.21,6435923.55,3331425.00,1.00,6634.00,6066817.00,25412804.85
2024-07-24,7205455.00,774315.00,399121.00,7053598.08,4715036.21,6435923.55,3308580.00,0.00,6751.00,6032019.00,25410012.85
2024-07-25,7205455.00,774315.00,377433.00,7053598.08,4715036.21,6435923.55,3308580.00,1.00,6751.00,6053707.00,25410012.85
2024-07-26,7205455.00,774315.00,381257.00,7031742.19,4715036.21,6435923.55,3308580.00,0.00,6751.00,6049883.00,25388156.96
2024-07-27,7205455.00,774315.00,381257.00,7031742.19,4715036.21,6435923.55,3308580.00,0.00,6751.00,6049883.00,25388156.96
2024-07-28,7205455.00,774315.00,381257.00,7031742.19,4715036.21,6435923.55,3308580.00,0.00,6751.00,6049883.00,25388156.96
2024-07-29,7205455.00,774315.00,385281.00,7031742.19,4715036.21,6435923.55,3308580.00,0.00,6751.00,6045859.00,25388156.96
2024-07-30,7205455.00,774315.00,367054.00,7031742.19,4715036.21,6435923.55,3308580.00,0.00,6751.00,6064086.00,25388156.96
2024-07-31,7178391.00,786486.00,413200.00,7031742.19,4715036.21,6435923.55,3293519.00,5.00,6925.00,5978705.00,25361092.96
2024-08-01,7178391.00,786486.00,348885.00,7031742.19,5096704.65,6435923.55,3293519.00,1.00,6925.00,6043020.00,25742761.40
2024-08-02,7178391.00,786486.00,338473.00,7059924.99,5096704.65,6435923.55,3293519.00,0.00,6925.00,6053432.00,25770944.20
2024-08-03,7178391.00,786486.00,338473.00,7059924.99,5096704.65,6435923.55,3293519.00,0.00,6925.00,6053432.00,25770944.20
2024-08-04,7178391.00,786486.00,338473.00,7059924.99,5096704.65,6435923.55,3293519.00,0.00,6925.00,6053432.00,25770944.20
2024-08-05,7178391.00,786486.00,316246.00,7059924.99,5096704.65,6435923.55,3293519.00,0.00,6925.00,6075659.00,25770944.20
2024-08-06,7178391.00,786486.00,291958.00,7059924.99,5096704.65,6435923.55,3293519.00,1.00,6925.00,6099947.00,25770944.20
2024-08-07,7175256.00,770931.00,286660.00,7059924.99,5096704.65,6435923.55,3351662.00,2.00,2232.00,6117665.00,25767809.20
2024-08-08,7175256.00,770931.00,303159.00,7059924.99,5096704.65,6435923.55,3351662.00,101.00,2232.00,6101166.00,25767809.20
2024-08-09,7175256.00,770931.00,312198.00,7059969.89,5096704.65,6435923.55,3351662.00,0.00,2232.00,6092127.00,25767854.09
2024-08-10,7175256.00,770931.00,312198.00,7059969.89,5096704.65,6435923.55,3351662.00,0.00,2232.00,6092127.00,25767854.09
2024-08-11,7175256.00,770931.00,312198.00,7059969.89,5096704.65,6435923.55,3351662.00,0.00,2232.00,6092127.00,25767854.09
2024-08-12,7175256.00,770931.00,328641.00,7059969.89,5096704.65,6435923.55,3351662.00,0.00,2232.00,6075684.00,25767854.09
2024-08-13,7175256.00,770931.00,324494.00,7059969.89,5096704.65,6435923.55,3351662.00,1.00,2232.00,6079831.00,25767854.09
2024-08-14,7177688.00,794120.00,328472.00,7059969.89,5096704.65,6435923.55,3346138.00,0.00,2410.00,6055096.00,25770286.09
2024-08-15,7177688.00,794120.00,307141.00,7059969.89,5096704.65,6435923.55,3346138.00,0.00,2410.00,6076427.00,25770286.09
2024-08-16,7177688.00,794120.00,330317.00,7091574.41,5096704.65,6435923.55,3346138.00,0.00,2410.00,6053251.00,25801890.61
2024-08-17,7177688.00,794120.00,330317.00,7091574.41,5096704.65,6435923.55,3346138.00,0.00,2410.00,6053251.00,25801890.61
2024-08-18,7177688.00,794120.00,330317.00,7091574.41,5096704.65,6435923.55,3346138.00,0.00,2410.00,6053251.00,25801890.61
2024-08-19,7177688.00,794120.00,333583.00,7091574.41,5096704.65,6435923.55,3346138.00,0.00,2410.00,6049985.00,25801890.61
2024-08-20,7177688.00,794120.00,310819.00,7091574.41,5096704.65,6435923.55,3346138.00,1.00,2410.00,6072749.00,25801890.61
2024-08-21,7139952.00,736494.00,321329.00,7091574.41,5096704.65,6435923.55,3355586.00,0.00,2061.00,6082129.00,25764154.61
2024-08-22,7139952.00,736494.00,316777.00,7091574.41,5096704.65,6435923.55,3355586.00,0.00,2061.00,6086681.00,25764154.61
2024-08-23,7139952.00,736494.00,312896.00,7218730.39,5096704.65,6435923.55,3355586.00,0.00,2061.00,6090562.00,25891310.60
2024-08-24,7139952.00,736494.00,312896.00,7218730.39,5096704.65,6435923.55,3355586.00,0.00,2061.00,6090562.00,25891310.60
2024-08-25,7139952.00,736494.00,312896.00,7218730.39,5096704.65,6435923.55,3355586.00,0.00,2061.00,6090562.00,25891310.60
2024-08-26,7139952.00,736494.00,353557.00,7218730.39,5096704.65,6435923.55,3355586.00,0.00,2061.00,6049901.00,25891310.60
2024-08-27,7139952.00,736494.00,344045.00,7218730.39,5096704.65,6435923.55,3355586.00,2.00,2061.00,6059413.00,25891310.60
2024-08-28,7123238.00,745851.00,388890.00,7218730.39,5096704.65,6435923.55,3313566.00,0.00,1679.00,5988497.00,25874596.60
2024-08-29,7123238.00,745851.00,383434.00,7218730.39,5096704.65,6435923.55,3313566.00,0.00,1679.00,5993953.00,25874596.60
2024-08-30,7123238.00,745851.00,433130.00,7159244.18,5096704.65,6435923.55,3313566.00,0.00,1679.00,5944257.00,25815110.38
2024-08-31,7123238.00,745851.00,433130.00,7159244.18,5096704.65,6435923.55,3313566.00,0.00,1679.00,5944257.00,25815110.38
2024-09-01,7123238.00,745851.00,433130.00,7159244.18,5161351.15,6435923.55,3313566.00,0.00,1679.00,5944257.00,25879756.88
2024-09-02,7123238.00,745851.00,433130.00,7159244.18,5161351.15,6435923.55,3313566.00,0.00,1679.00,5944257.00,25879756.88
2024-09-03,7123238.00,745851.00,349808.00,7159244.18,5161351.15,6435923.55,3313566.00,1.00,1679.00,6027579.00,25879756.88
2024-09-04,7112567.00,733959.00,337312.00,7159244.18,5161351.15,6435923.55,3243002.00,0.00,1517.00,6041296.00,25869085.88
2024-09-05,7112567.00,733959.00,291091.00,7159244.18,5161351.15,6435923.55,3243002.00,0.00,1517.00,6087517.00,25869085.88
2024-09-06,7112567.00,733959.00,299271.00,7157786.76,5161351.15,6435923.55,3243002.00,0.00,1517.00,6079337.00,25867628.46
2024-09-07,7112567.00,733959.00,299271.00,7157786.76,5161351.15,6435923.55,3243002.00,0.00,1517.00,6079337.00,25867628.46
2024-09-08,7112567.00,733959.00,299271.00,7157786.76,5161351.15,6435923.55,3243002.00,0.00,1517.00,6079337.00,25867628.46
2024-09-09,7112567.00,733959.00,292158.00,7157786.76,5161351.15,6435923.55,3243002.00,1.00,1517.00,6086450.00,25867628.46
2024-09-10,7112567.00,733959.00,281392.00,7157786.76,5161351.15,6435923.55,3243002.00,102.00,1517.00,6097216.00,25867628.46
2024-09-11,7115001.00,755958.00,279215.00,7157786.76,5161351.15,6435923.55,3320818.00,2.00,1568.00,6079828.00,25870062.46
2024-09-12,7115001.00,755958.00,294464.00,7157786.76,5161351.15,6435923.55,3320818.00,1.00,1568.00,6064579.00,25870062.46
2024-09-13,7115001.00,755958.00,284951.00,7141530.09,5161351.15,6435923.55,3320818.00,1.00,1568.00,6074092.00,25853805.80
2024-09-14,7115001.00,755958.00,284951.00,7141530.09,5161351.15,6435923.55,3320818.00,1.00,1568.00,6074092.00,25853805.80
2024-09-15,7115001.00,755958.00,284951.00,7141530.09,5161351.15,6435923.55,3320818.00,1.00,1568.00,6074092.00,25853805.80
2024-09-16,7115001.00,755958.00,239386.00,7141530.09,5161351.15,6435923.55,3320818.00,10.00,1568.00,6119657.00,25853805.80
2024-09-17,7115001.00,755958.00,256337.00,7141530.09,5161351.15,6435923.55,3320818.00,2.00,1568.00,6102706.00,25853805.80
2024-09-18,7109137.00,771194.00,305831.00,7141530.09,5161351.15,6435923.55,3313281.00,0.00,1376.00,6032112.00,25847941.80
2024-09-19,7109137.00,771194.00,311777.00,7141530.09,5161351.15,6435923.55,3313281.00,0.00,1376.00,6026166.00,25847941.80
2024-09-20,7109137.00,771194.00,339316.00,7173554.22,5161351.15,6435923.55,3313281.00,0.00,1376.00,5998627.00,25879965.93
2024-09-21,7109137.00,771194.00,339316.00,7173554.22,5161351.15,6435923.55,3313281.00,0.00,1376.00,5998627.00,25879965.93
2024-09-22,7109137.00,771194.00,339316.00,7173554.22,5161351.15,6435923.55,3313281.00,0.00,1376.00,5998627.00,25879965.93
2024-09-23,7109137.00,771194.00,380372.00,7173554.22,5161351.15,6435923.55,3313281.00,5.00,1376.00,5957571.00,25879965.93
2024-09-24,7109137.00,771194.00,388977.00,7173554.22,5161351.15,6435923.55,3313281.00,2.00,1376.00,5948966.00,25879965.93
2024-09-25,7080059.00,806771.00,416193.00,7173554.22,5161351.15,6435923.55,3169149.00,2.00,1365.00,5857095.00,25850887.93
2024-09-26,7080059.00,806771.00,424916.00,7173554.22,5161351.15,6435923.55,3169149.00,0.00,1365.00,5848372.00,25850887.93
2024-09-27,7080059.00,806771.00,436518.00,7139971.21,5161351.15,6435923.55,3169149.00,0.00,1365.00,5836770.00,25817304.91
2024-09-28,7080059.00,806771.00,436518.00,7139971.21,5161351.15,6435923.55,3169149.00,0.00,1365.00,5836770.00,25817304.91
2024-09-29,7080059.00,806771.00,436518.00,7139971.21,5161351.15,6435923.55,3169149.00,0.00,1365.00,5836770.00,25817304.91
2024-09-30,7080059.00,806771.00,465638.00,7139971.21,5161351.15,6435923.55,3169149.00,2350.00,1365.00,5807650.00,25817304.91
2024-10-01,7080059.00,806771.00,375221.00,7139971.21,5268435.89,6435923.55,3169149.00,0.00,1365.00,5898067.00,25924389.66
2024-10-02,7046925.00,798277.00,383398.00,7139971.21,5268435.89,6435923.55,3089598.00,2.00,1660.00,5865250.00,25891255.66
2024-10-03,7046925.00,798277.00,341248.00,7139971.21,5268435.89,6435923.55,3089598.00,102.00,1660.00,5907400.00,25891255.66
2024-10-04,7046925.00,798277.00,330012.00,7057537.99,5268435.89,6435923.55,3089598.00,0.00,1660.00,5918636.00,25808822.43
2024-10-05,7046925.00,798277.00,330012.00,7057537.99,5268435.89,6435923.55,3089598.00,0.00,1660.00,5918636.00,25808822.43
2024-10-06,7046925.00,798277.00,330012.00,7057537.99,5268435.89,6435923.55,3089598.00,0.00,1660.00,5918636.00,25808822.43
2024-10-07,7046925.00,798277.00,322948.00,7057537.99,5268435.89,6435923.55,3089598.00,0.00,1660.00,5925700.00,25808822.43
2024-10-08,7046925.00,798277.00,325355.00,7057537.99,5268435.89,6435923.55,3089598.00,0.00,1660.00,5923293.00,25808822.43
2024-10-09,7046840.00,802115.00,343448.00,7057537.99,5268435.89,6435923.55,3186207.00,1.00,1745.00,5901277.00,25808737.43
2024-10-10,7046840.00,802115.00,322587.00,7057537.99,5268435.89,6435923.55,3186207.00,0.00,1745.00,5922138.00,25808737.43
2024-10-11,7046840.00,802115.00,331735.00,7048404.19,5268435.89,6435923.55,3186207.00,0.00,1745.00,5912990.00,25799603.64
2024-10-12,7046840.00,802115.00,331735.00,7048404.19,5268435.89,6435923.55,3186207.00,0.00,1745.00,5912990.00,25799603.64
2024-10-13,7046840.00,802115.00,331735.00,7048404.19,5268435.89,6435923.55,3186207.00,0.00,1745.00,5912990.00,25799603.64
2024-10-14,7046840.00,802115.00,331735.00,7048404.19,5268435.89,6435923.55,3186207.00,0.00,1745.00,5912990.00,25799603.64
2024-10-15,7046840.00,802115.00,286398.00,7048404.19,5268435.89,6435923.55,3186207.00,1.00,1745.00,5958327.00,25799603.64
2024-10-16,7039284.00,791792.00,272028.00,7048404.19,5268435.89,6435923.55,3209877.00,1.00,1879.00,5975464.00,25792047.64
2024-10-17,7039284.00,791792.00,262210.00,7048404.19,5268435.89,6435923.55,3209877.00,10.00,1879.00,5985282.00,25792047.64
2024-10-18,7039284.00,791792.00,259892.00,6978155.99,5268435.89,6435923.55,3209877.00,0.00,1879.00,5987600.00,25721799.44
2024-10-19,7039284.00,791792.00,259892.00,6978155.99,5268435.89,6435923.55,3209877.00,0.00,1879.00,5987600.00,25721799.44
2024-10-20,7039284.00,791792.00,259892.00,6978155.99,5268435.89,6435923.55,3209877.00,0.00,1879.00,5987600.00,25721799.44
2024-10-21,7039284.00,791792.00,261044.00,6978155.99,5268435.89,6435923.55,3209877.00,0.00,1879.00,5986448.00,25721799.44
2024-10-22,7039284.00,791792.00,237760.00,6978155.99,5268435.89,6435923.55,3209877.00,1.00,1879.00,6009732.00,25721799.44
2024-10-23,7029408.00,829991.00,270839.00,6978155.99,5268435.89,6435923.55,3230145.00,0.00,1768.00,5928578.00,25711923.44
2024-10-24,7029408.00,829991.00,202798.00,6978155.99,5268435.89,6435923.55,3230145.00,1.00,1768.00,5996619.00,25711923.44
2024-10-25,7029408.00,829991.00,227000.00,6935937.22,5268435.89,6435923.55,3230145.00,1.00,1768.00,5972417.00,25669704.66
2024-10-26,7029408.00,829991.00,227000.00,6935937.22,5268435.89,6435923.55,3230145.00,1.00,1768.00,5972417.00,25669704.66
2024-10-27,7029408.00,829991.00,227000.00,6935937.22,5268435.89,6435923.55,3230145.00,1.00,1768.00,5972417.00,25669704.66
2024-10-28,7029408.00,829991.00,251032.00,6935937.22,5268435.89,6435923.55,3230145.00,10.00,1768.00,5948385.00,25669704.66
2024-10-29,7029408.00,829991.00,244841.00,6935937.22,5268435.89,6435923.55,3230145.00,5.00,1768.00,5954576.00,25669704.66
2024-10-30,7013490.00,835237.00,228946.00,6935937.22,5268435.89,6435923.55,3236958.00,11.00,1505.00,5949307.00,25653786.66
2024-10-31,7013490.00,835237.00,201278.00,6935937.22,5268435.89,6435923.55,3236958.00,0.00,1505.00,5976975.00,25653786.66
2024-11-01,7013490.00,835237.00,155476.00,6947313.04,4969004.84,6435923.55,3236958.00,1.00,1505.00,6022777.00,25365731.44
2024-11-02,7013490.00,835237.00,155476.00,6947313.04,4969004.84,6435923.55,3236958.00,1.00,1505.00,6022777.00,25365731.44
2024-11-03,7013490.00,835237.00,155476.00,6947313.04,4969004.84,6435923.55,3236958.00,1.00,1505.00,6022777.00,25365731.44
2024-11-04,7013490.00,835237.00,171885.00,6947313.04,4969004.84,6435923.55,3236958.00,1.00,1505.00,6006368.00,25365731.44
2024-11-05,7013490.00,835237.00,144243.00,6947313.04,4969004.84,6435923.55,3236958.00,3.00,1505.00,6034010.00,25365731.44
2024-11-06,6994299.00,842051.00,177871.00,6947313.04,4969004.84,6435923.55,3274120.00,101.00,1600.00,5974377.00,25346540.44
2024-11-07,6994299.00,842051.00,159002.00,6947313.04,4969004.84,6435923.55,3274120.00,0.00,1600.00,5993246.00,25346540.44
2024-11-08,6994299.00,842051.00,163621.00,6846892.29,4969004.84,6435923.55,3274120.00,0.00,1600.00,5988627.00,25246119.68
2024-11-09,6994299.00,842051.00,163621.00,6846892.29,4969004.84,6435923.55,3274120.00,0.00,1600.00,5988627.00,25246119.68
2024-11-10,6994299.00,842051.00,163621.00,6846892.29,4969004.84,6435923.55,3274120.00,0.00,1600.00,5988627.00,25246119.68
2024-11-11,6994299.00,842051.00,163621.00,6846892.29,4969004.84,6435923.55,3274120.00,0.00,1600.00,5988627.00,25246119.68
2024-11-12,6994299.00,842051.00,178814.00,6846892.29,4969004.84,6435923.55,3274120.00,1.00,1600.00,5973434.00,25246119.68
2024-11-13,6967108.00,832186.00,238106.00,6846892.29,4969004.84,6435923.55,3244149.00,2.00,2830.00,5896816.00,25218928.68
2024-11-14,6967108.00,832186.00,214509.00,6846892.29,4969004.84,6435923.55,3244149.00,2.00,2830.00,5920413.00,25218928.68
2024-11-15,6967108.00,832186.00,172400.00,6735338.43,4969004.84,6435923.55,3244149.00,0.00,2830.00,5962522.00,25107374.83
2024-11-16,6967108.00,832186.00,172400.00,6735338.43,4969004.84,6435923.55,3244149.00,0.00,2830.00,5962522.00,25107374.83
2024-11-17,6967108.00,832186.00,172400.00,6735338.43,4969004.84,6435923.55,3244149.00,0.00,2830.00,5962522.00,25107374.83
2024-11-18,6967108.00,832186.00,200030.00,6735338.43,4969004.84,6435923.55,3244149.00,0.00,2830.00,5934892.00,25107374.83
2024-11-19,6967108.00,832186.00,200664.00,6735338.43,4969004.84,6435923.55,3244149.00,1.00,2830.00,5934258.00,25107374.83
2024-11-20,6923731.00,751873.00,217793.00,6735338.43,4969004.84,6435923.55,3286885.00,1.00,2747.00,5954065.00,25063997.83
2024-11-21,6923731.00,751873.00,188567.00,6735338.43,4969004.84,6435923.55,3286885.00,2.00,2747.00,5983291.00,25063997.83
2024-11-22,6923731.00,751873.00,204254.00,6639840.53,4969004.84,6435923.55,3286885.00,0.00,2747.00,5967604.00,24968499.93
2024-11-23,6923731.00,751873.00,204254.00,6639840.53,4969004.84,6435923.55,3286885.00,0.00,2747.00,5967604.00,24968499.93
2024-11-24,6923731.00,751873.00,204254.00,6639840.53,4969004.84,6435923.55,3286885.00,0.00,2747.00,5967604.00,24968499.93
2024-11-25,6923731.00,751873.00,186749.00,6639840.53,4969004.84,6435923.55,3286885.00,0.00,2747.00,5985109.00,24968499.93
2024-11-26,6923731.00,751873.00,148823.00,6639840.53,4969004.84,6435923.55,3286885.00,5.00,2747.00,6023035.00,24968499.93
2024-11-27,6905140.00,775250.00,169815.00,6639840.53,4969004.84,6435923.55,3227674.00,0.00,2498.00,5960075.00,24949908.93
2024-11-28,6905140.00,775250.00,169815.00,6639840.53,4969004.84,6435923.55,3227674.00,0.00,2498.00,5960075.00,24949908.93
2024-11-29,6905140.00,775250.00,197627.00,6721349.97,4969004.84,6435923.55,3227674.00,1.00,2498.00,5932263.00,25031418.37
2024-11-30,6905140.00,775250.00,197627.00,6721349.97,4969004.84,6435923.55,3227674.00,1.00,2498.00,5932263.00,25031418.37
2024-12-01,6905140.00,775250.00,197627.00,6721349.97,4973020.41,6435923.55,3227674.00,1.00,2498.00,5932263.00,25035433.94
2024-12-02,6905140.00,775250.00,135858.00,6721349.97,4973020.41,6435923.55,3227674.00,1.00,2498.00,5994032.00,25035433.94
2024-12-03,6905140.00,775250.00,161572.00,6721349.97,4973020.41,6435923.55,3227674.00,1.00,2498.00,5968318.00,25035433.94
2024-12-04,6895827.00,789516.00,162866.00,6721349.97,4973020.41,6435923.55,3225075.00,3.00,2430.00,5943445.00,25026120.94
2024-12-05,6895827.00,789516.00,131964.00,6721349.97,4973020.41,6435923.55,3225075.00,1.00,2430.00,5974347.00,25026120.94
2024-12-06,6895827.00,789516.00,130014.00,6709603.87,4973020.41,6435923.55,3225075.00,1.00,2430.00,5976297.00,25014374.83
2024-12-07,6895827.00,789516.00,130014.00,6709603.87,4973020.41,6435923.55,3225075.00,1.00,2430.00,5976297.00,25014374.83
2024-12-08,6895827.00,789516.00,130014.00,6709603.87,4973020.41,6435923.55,3225075.00,1.00,2430.00,5976297.00,25014374.83
2024-12-09,6895827.00,789516.00,153029.00,6709603.87,4973020.41,6435923.55,3225075.00,10.00,2430.00,5953282.00,25014374.83
2024-12-10,6895827.00,789516.00,174842.00,6709603.87,4973020.41,6435923.55,3225075.00,100.00,2430.00,5931469.00,25014374.83
2024-12-11,6897485.00,775067.00,180120.00,6709603.87,4973020.41,6435923.55,3264559.00,4.00,2607.00,5942298.00,25016032.83
2024-12-12,6897485.00,775067.00,165025.00,6709603.87,4973020.41,6435923.55,3264559.00,2.00,2607.00,5957393.00,25016032.83
2024-12-13,6897485.00,775067.00,135777.00,6669590.41,4973020.41,6435923.55,3264559.00,0.00,2607.00,5986641.00,24976019.38
2024-12-14,6897485.00,775067.00,135777.00,6669590.41,4973020.41,6435923.55,3264559.00,0.00,2607.00,5986641.00,24976019.38
2024-12-15,6897485.00,775067.00,135777.00,6669590.41,4973020.41,6435923.55,3264559.00,0.00,2607.00,5986641.00,24976019.38
2024-12-16,6897485.00,775067.00,110753.00,6669590.41,4973020.41,6435923.55,3264559.00,4.00,2607.00,6011665.00,24976019.38
2024-12-17,6897485.00,775067.00,118093.00,6669590.41,4973020.41,6435923.55,3264559.00,1.00,2607.00,6004325.00,24976019.38
2024-12-18,6889332.00,767932.00,131651.00,6669590.41,4973020.41,6435923.55,3282229.00,0.00,2076.00,5989749.00,24967866.38
2024-12-19,6889332.00,767932.00,112417.00,6669590.41,4973020.41,6435923.55,3282229.00,1.00,2076.00,6008983.00,24967866.38
2024-12-20,6889332.00,767932.00,98356.00,6617628.49,4973020.41,6435923.55,3282229.00,0.00,2076.00,6023044.00,24915904.45
2024-12-21,6889332.00,767932.00,98356.00,6617628.49,4973020.41,6435923.55,3282229.00,0.00,2076.00,6023044.00,24915904.45
2024-12-22,6889332.00,767932.00,98356.00,6617628.49,4973020.41,6435923.55,3282229.00,0.00,2076.00,6023044.00,24915904.45
2024-12-23,6889332.00,767932.00,116004.00,6617628.49,4973020.41,6435923.55,3282229.00,25.00,2076.00,6005396.00,24915904.45
2024-12-24,6889332.00,767932.00,180989.00,6617628.49,4973020.41,6435923.55,3282229.00,1.00,2076.00,5940411.00,24915904.45
2024-12-25,6885963.00,764770.00,180989.00,6617628.49,4973020.41,6435923.55,3247382.00,1.00,2056.00,5940204.00,24912535.45
2024-12-26,6885963.00,764770.00,196818.00,6617628.49,4973020.41,6435923.55,3247382.00,2.00,2056.00,5924375.00,24912535.45
2024-12-27,6885963.00,764770.00,268739.00,6626158.55,4973020.41,6435923.55,3247382.00,0.00,2056.00,5852454.00,24921065.51
2024-12-28,6885963.00,764770.00,268739.00,6626158.55,4973020.41,6435923.55,3247382.00,0.00,2056.00,5852454.00,24921065.51
2024-12-29,6885963.00,764770.00,268739.00,6626158.55,4973020.41,6435923.55,3247382.00,0.00,2056.00,5852454.00,24921065.51
2024-12-30,6885963.00,764770.00,260743.00,6626158.55,4973020.41,6435923.55,3247382.00,0.00,2056.00,5860450.00,24921065.51
2024-12-31,6885963.00,764770.00,473460.00,6626158.55,4973020.41,6035007.64,3247382.00,0.00,2056.00,5647733.00,24520149.60
2025-01-01,6852491.00,719873.00,473460.00,6626158.55,4729907.23,6035007.64,3095997.00,0.00,3227.00,5659158.00,24243564.42
2025-01-02,6852491.00,719873.00,239858.00,6626158.55,4729907.23,6035007.64,3095997.00,2.00,3227.00,5892760.00,24243564.42
2025-01-03,6852491.00,719873.00,237377.00,6599884.97,4729907.23,6035007.64,3095997.00,0.00,3227.00,5895241.00,24217290.84
2025-01-04,6852491.00,719873.00,237377.00,6599884.97,4729907.23,6035007.64,3095997.00,0.00,3227.00,5895241.00,24217290.84
2025-01-05,6852491.00,719873.00,237377.00,6599884.97,4729907.23,6035007.64,3095997.00,0.00,3227.00,5895241.00,24217290.84
2025-01-06,6852491.00,719873.00,231926.00,6599884.97,4729907.23,6035007.64,3095997.00,0.00,3227.00,5900692.00,24217290.84
2025-01-07,6852491.00,719873.00,208296.00,6599884.97,4729907.23,6035007.64,3095997.00,1.00,3227.00,5924322.00,24217290.84
2025-01-08,6853554.00,652636.00,185144.00,6599884.97,4729907.23,6035007.64,3254743.00,0.00,2405.00,6015774.00,24218353.84
2025-01-09,6853554.00,652636.00,168225.00,6599884.97,4729907.23,6035007.64,3254743.00,0.00,2405.00,6032693.00,24218353.84
2025-01-10,6853554.00,652636.00,178800.00,6559677.03,4729907.23,6035007.64,3254743.00,0.00,2405.00,6022118.00,24178145.90
2025-01-11,6853554.00,652636.00,178800.00,6559677.03,4729907.23,6035007.64,3254743.00,0.00,2405.00,6022118.00,24178145.90
2025-01-12,6853554.00,652636.00,178800.00,6559677.03,4729907.23,6035007.64,3254743.00,0.00,2405.00,6022118.00,24178145.90
2025-01-13,6853554.00,652636.00,183669.00,6559677.03,4729907.23,6035007.64,3254743.00,0.00,2405.00,6017249.00,24178145.90
2025-01-14,6853554.00,652636.00,160219.00,6559677.03,4729907.23,6035007.64,3254743.00,1.00,2405.00,6040699.00,24178145.90
2025-01-15,6834070.00,641225.00,119977.00,6559677.03,4729907.23,6035007.64,3340816.00,0.00,2665.00,6072868.00,24158661.90
2025-01-16,6834070.00,641225.00,94489.00,6559677.03,4729907.23,6035007.64,3340816.00,2.00,2665.00,6098356.00,24158661.90
2025-01-17,6834070.00,641225.00,118327.00,6587144.66,4729907.23,6035007.64,3340816.00,1.00,2665.00,6074518.00,24186129.53
2025-01-18,6834070.00,641225.00,118327.00,6587144.66,4729907.23,6035007.64,3340816.00,1.00,2665.00,6074518.00,24186129.53
2025-01-19,6834070.00,641225.00,118327.00,6587144.66,4729907.23,6035007.64,3340816.00,1.00,2665.00,6074518.00,24186129.53
2025-01-20,6834070.00,641225.00,118327.00,6587144.66,4729907.23,6035007.64,3340816.00,1.00,2665.00,6074518.00,24186129.53
2025-01-21,6834070.00,641225.00,96015.00,6587144.66,4729907.23,6035007.64,3340816.00,0.00,2665.00,6096830.00,24186129.53
2025-01-22,6831760.00,677282.00,123981.00,6587144.66,4729907.23,6035007.64,3332278.00,0.00,3092.00,6030497.00,24183819.53
2025-01-23,6831760.00,677282.00,132031.00,6587144.66,4729907.23,6035007.64,3332278.00,0.00,3092.00,6022447.00,24183819.53
2025-01-24,6831760.00,677282.00,104972.00,6738089.81,4729907.23,6035007.64,3332278.00,38.00,3092.00,6049506.00,24334764.68
2025-01-25,6831760.00,677282.00,104972.00,6738089.81,4729907.23,6035007.64,3332278.00,38.00,3092.00,6049506.00,24334764.68
2025-01-26,6831760.00,677282.00,104972.00,6738089.81,4729907.23,6035007.64,3332278.00,38.00,3092.00,6049506.00,24334764.68
2025-01-27,6831760.00,677282.00,92863.00,6738089.81,4729907.23,6035007.64,3332278.00,0.00,3092.00,6061615.00,24334764.68
2025-01-28,6831760.00,677282.00,112760.00,6738089.81,4729907.23,6035007.64,3332278.00,0.00,3092.00,6041718.00,24334764.68
2025-01-29,6818186.00,784206.00,121842.00,6738089.81,4729907.23,6035007.64,3224785.00,1.00,3200.00,5912138.00,24321190.68
2025-01-30,6818186.00,784206.00,125965.00,6738089.81,4729907.23,6035007.64,3224785.00,0.00,3200.00,5908015.00,24321190.68
2025-01-31,6818186.00,784206.00,187913.00,6649427.20,4729907.23,6035007.64,3224785.00,0.00,3200.00,5846067.00,24232528.07
2025-02-01,6818186.00,784206.00,187913.00,6649427.20,4822490.48,6035007.64,3224785.00,0.00,3200.00,5846067.00,24325111.32
2025-02-02,6818186.00,784206.00,187913.00,6649427.20,4822490.48,6035007.64,3224785.00,0.00,3200.00,5846067.00,24325111.32
2025-02-03,6818186.00,784206.00,97781.00,6649427.20,4822490.48,6035007.64,3224785.00,0.00,3200.00,5936199.00,24325111.32
2025-02-04,6818186.00,784206.00,85654.00,6649427.20,4822490.48,6035007.64,3224785.00,0.00,3200.00,5948326.00,24325111.32
2025-02-05,6810935.00,805593.00,78788.00,6649427.20,4822490.48,6035007.64,3177065.00,0.00,3095.00,5926554.00,24317860.32
2025-02-06,6810935.00,805593.00,79983.00,6649427.20,4822490.48,6035007.64,3177065.00,1.00,3095.00,5925359.00,24317860.32
2025-02-07,6810935.00,805593.00,95248.00,6580609.00,4822490.48,6035007.64,3177065.00,0.00,3095.00,5910094.00,24249042.12
2025-02-08,6810935.00,805593.00,95248.00,6580609.00,4822490.48,6035007.64,3177065.00,0.00,3095.00,5910094.00,24249042.12
2025-02-09,6810935.00,805593.00,95248.00,6580609.00,4822490.48,6035007.64,3177065.00,0.00,3095.00,5910094.00,24249042.12
2025-02-10,6810935.00,805593.00,99653.00,6580609.00,4822490.48,6035007.64,3177065.00,0.00,3095.00,5905689.00,24249042.12
2025-02-11,6810935.00,805593.00,76446.00,6580609.00,4822490.48,6035007.64,3177065.00,100.00,3095.00,5928896.00,24249042.12
2025-02-12,6813513.00,828102.00,67670.00,6580609.00,4822490.48,6035007.64,3220027.00,100.00,3033.00,5917741.00,24251620.12
2025-02-13,6813513.00,828102.00,67820.00,6580609.00,4822490.48,6035007.64,3220027.00,0.00,3033.00,5917591.00,24251620.12
2025-02-14,6813513.00,828102.00,58770.00,6686031.33,4822490.48,6035007.64,3220027.00,0.00,3033.00,5926641.00,24357042.45
2025-02-15,6813513.00,828102.00,58770.00,6686031.33,4822490.48,6035007.64,3220027.00,0.00,3033.00,5926641.00,24357042.45
2025-02-16,6813513.00,828102.00,58770.00,6686031.33,4822490.48,6035007.64,3220027.00,0.00,3033.00,5926641.00,24357042.45
2025-02-17,6813513.00,828102.00,58770.00,6686031.33,4822490.48,6035007.64,3220027.00,0.00,3033.00,5926641.00,24357042.45
2025-02-18,6813513.00,828102.00,77817.00,6686031.33,4822490.48,6035007.64,3220027.00,0.00,3033.00,5907594.00,24357042.45
2025-02-19,6782332.00,790062.00,73196.00,6686031.33,4822490.48,6035007.64,3270082.00,0.00,3234.00,5919074.00,24325861.45
2025-02-20,6782332.00,790062.00,63207.00,6686031.33,4822490.48,6035007.64,3270082.00,0.00,3234.00,5929063.00,24325861.45
2025-02-21,6782332.00,790062.00,68983.00,6638504.71,4822490.48,6035007.64,3270082.00,0.00,3234.00,5923287.00,24278334.83
2025-02-22,6782332.00,790062.00,68983.00,6638504.71,4822490.48,6035007.64,3270082.00,0.00,3234.00,5923287.00,24278334.83
2025-02-23,6782332.00,790062.00,68983.00,6638504.71,4822490.48,6035007.64,3270082.00,0.00,3234.00,5923287.00,24278334.83
2025-02-24,6782332.00,790062.00,76818.00,6638504.71,4822490.48,6035007.64,3270082.00,0.00,3234.00,5915452.00,24278334.83
2025-02-25,6782332.00,790062.00,96000.00,6638504.71,4822490.48,6035007.64,3270082.00,1.00,3234.00,5896270.00,24278334.83
2025-02-26,6766101.00,681161.00,126058.00,6638504.71,4822490.48,6035007.64,3327249.00,49.00,3342.00,5958882.00,24262103.83
2025-02-27,6766101.00,681161.00,182148.00,6638504.71,4822490.48,6035007.64,3327249.00,0.00,3342.00,5902792.00,24262103.83
2025-02-28,6766101.00,681161.00,234422.00,6573576.15,4822490.48,6035007.64,3327249.00,0.00,3342.00,5850518.00,24197175.27
2025-03-01,6766101.00,681161.00,234422.00,6573576.15,4844443.04,6035007.64,3327249.00,0.00,3342.00,5850518.00,24219127.83
2025-03-02,6766101.00,681161.00,234422.00,6573576.15,4844443.04,6035007.64,3327249.00,0.00,3342.00,5850518.00,24219127.83
2025-03-03,6766101.00,681161.00,119987.00,6573576.15,4844443.04,6035007.64,3327249.00,0.00,3342.00,5964953.00,24219127.83
2025-03-04,6766101.00,681161.00,135257.00,6573576.15,4844443.04,6035007.64,3327249.00,0.00,3342.00,5949683.00,24219127.83
2025-03-05,6756764.00,548331.00,139493.00,6573576.15,4844443.04,6035007.64,3312625.00,36.00,3092.00,6068940.00,24209790.83
2025-03-06,6756764.00,548331.00,129269.00,6573576.15,4844443.04,6035007.64,3312625.00,0.00,3092.00,6079164.00,24209790.83
2025-03-07,6756764.00,548331.00,136305.00,6827900.30,4844443.04,6035007.64,3312625.00,0.00,3092.00,6072128.00,24464114.99
2025-03-08,6756764.00,548331.00,136305.00,6827900.30,4844443.04,6035007.64,3312625.00,0.00,3092.00,6072128.00,24464114.99
2025-03-09,6756764.00,548331.00,136305.00,6827900.30,4844443.04,6035007.64,3312625.00,0.00,3092.00,6072128.00,24464114.99
2025-03-10,6756764.00,548331.00,129054.00,6827900.30,4844443.04,6035007.64,3312625.00,1.00,3092.00,6079379.00,24464114.99
2025-03-11,6756764.00,548331.00,137310.00,6827900.30,4844443.04,6035007.64,3312625.00,100.00,3092.00,6071123.00,24464114.99
2025-03-12,6759571.00,512581.00,131055.00,6827900.30,4844443.04,6035007.64,3400235.00,0.00,2417.00,6115935.00,24466921.99
2025-03-13,6759571.00,512581.00,113435.00,6827900.30,4844443.04,6035007.64,3400235.00,1.00,2417.00,6133555.00,24466921.99
2025-03-14,6759571.00,512581.00,126234.00,6821630.96,4844443.04,6035007.64,3400235.00,0.00,2417.00,6120756.00,24460652.65
2025-03-15,6759571.00,512581.00,126234.00,6821630.96,4844443.04,6035007.64,3400235.00,0.00,2417.00,6120756.00,24460652.65
2025-03-16,6759571.00,512581.00,126234.00,6821630.96,4844443.04,6035007.64,3400235.00,0.00,2417.00,6120756.00,24460652.65
2025-03-17,6759571.00,512581.00,89496.00,6821630.96,4844443.04,6035007.64,3400235.00,0.00,2417.00,6157494.00,24460652.65
2025-03-18,6759571.00,512581.00,149503.00,6821630.96,4844443.04,6035007.64,3400235.00,0.00,2417.00,6097487.00,24460652.65
2025-03-19,6755982.00,435936.00,193378.00,6821630.96,4844443.04,6035007.64,3467789.00,0.00,2136.00,6126668.00,24457063.65
2025-03-20,6755982.00,435936.00,192640.00,6821630.96,4844443.04,6035007.64,3467789.00,0.00,2136.00,6127406.00,24457063.65
2025-03-21,6755982.00,435936.00,200850.00,6779974.00,4844443.04,6035007.64,3467789.00,0.00,2136.00,6119196.00,24415406.69
2025-03-22,6755982.00,435936.00,200850.00,6779974.00,4844443.04,6035007.64,3467789.00,0.00,2136.00,6119196.00,24415406.69
2025-03-23,6755982.00,435936.00,200850.00,6779974.00,4844443.04,6035007.64,3467789.00,0.00,2136.00,6119196.00,24415406.69
2025-03-24,6755982.00,435936.00,196565.00,6779974.00,4844443.04,6035007.64,3467789.00,0.00,2136.00,6123481.00,24415406.69
2025-03-25,6755982.00,435936.00,214786.00,6779974.00,4844443.04,6035007.64,3467789.00,10.00,2136.00,6105260.00,24415406.69
2025-03-26,6740253.00,360177.00,241371.00,6779974.00,4844443.04,6035007.64,3450933.00,0.00,2234.00,6138705.00,24399677.69
2025-03-27,6740253.00,360177.00,291785.00,6779974.00,4844443.04,6035007.64,3450933.00,2.00,2234.00,6088291.00,24399677.69
2025-03-28,6740253.00,360177.00,286575.00,6763000.03,4844443.04,6035007.64,3450933.00,1.00,2234.00,6093501.00,24382703.72
2025-03-29,6740253.00,360177.00,286575.00,6763000.03,4844443.04,6035007.64,3450933.00,1.00,2234.00,6093501.00,24382703.72
2025-03-30,6740253.00,360177.00,286575.00,6763000.03,4844443.04,6035007.64,3450933.00,1.00,2234.00,6093501.00,24382703.72
2025-03-31,6740253.00,360177.00,399167.00,6763000.03,4844443.04,6035007.64,3450933.00,0.00,2234.00,5980909.00,24382703.72
2025-04-01,6740253.00,360177.00,230063.00,6763000.03,4894263.05,6035007.64,3450933.00,0.00,2234.00,6150013.00,24432523.73
2025-04-02,6723452.00,313326.00,233488.00,6763000.03,4894263.05,6035007.64,3379339.00,0.00,2154.00,6176638.00,24415722.73
2025-04-03,6723452.00,313326.00,196265.00,6763000.03,4894263.05,6035007.64,3379339.00,0.00,2154.00,6213861.00,24415722.73
2025-04-04,6723452.00,313326.00,184499.00,6980864.84,4894263.05,6035007.64,3379339.00,0.00,2154.00,6225627.00,24633587.54
2025-04-05,6723452.00,313326.00,184499.00,6980864.84,4894263.05,6035007.64,3379339.00,0.00,2154.00,6225627.00,24633587.54
2025-04-06,6723452.00,313326.00,184499.00,6980864.84,4894263.05,6035007.64,3379339.00,0.00,2154.00,6225627.00,24633587.54
2025-04-07,6723452.00,313326.00,148146.00,6980864.84,4894263.05,6035007.64,3379339.00,0.00,2154.00,6261980.00,24633587.54
2025-04-08,6723452.00,313326.00,156911.00,6980864.84,4894263.05,6035007.64,3379339.00,100.00,2154.00,6253215.00,24633587.54
2025-04-09,6727416.00,306049.00,168115.00,6980864.84,4894263.05,6035007.64,3474682.00,0.00,2726.00,6253252.00,24637551.54
2025-04-10,6727416.00,306049.00,129950.00,6980864.84,4894263.05,6035007.64,3474682.00,1.00,2726.00,6291417.00,24637551.54
2025-04-11,6727416.00,306049.00,98531.00,7168522.28,4894263.05,6035007.64,3474682.00,0.00,2726.00,6322836.00,24825208.98
2025-04-12,6727416.00,306049.00,98531.00,7168522.28,4894263.05,6035007.64,3474682.00,0.00,2726.00,6322836.00,24825208.98
2025-04-13,6727416.00,306049.00,98531.00,7168522.28,4894263.05,6035007.64,3474682.00,0.00,2726.00,6322836.00,24825208.98
2025-04-14,6727416.00,306049.00,102838.00,7168522.28,4894263.05,6035007.64,3474682.00,0.00,2726.00,6318529.00,24825208.98
2025-04-15,6727416.00,306049.00,88878.00,7168522.28,4894263.05,6035007.64,3474682.00,0.00,2726.00,6332489.00,24825208.98
2025-04-16,6727113.00,422983.00,54772.00,7168522.28,4894263.05,6035007.64,3452030.00,1.00,2713.00,6249358.00,24824905.98
2025-04-17,6727113.00,422983.00,58600.00,7168522.28,4894263.05,6035007.64,3452030.00,0.00,2713.00,6245530.00,24824905.98
2025-04-18,6727113.00,422983.00,58600.00,7209117.12,4894263.05,6035007.64,3452030.00,0.00,2713.00,6245530.00,24865500.82
2025-04-19,6727113.00,422983.00,58600.00,7209117.12,4894263.05,6035007.64,3452030.00,0.00,2713.00,6245530.00,24865500.82
2025-04-20,6727113.00,422983.00,58600.00,7209117.12,4894263.05,6035007.64,3452030.00,0.00,2713.00,6245530.00,24865500.82
2025-04-21,6727113.00,422983.00,114114.00,7209117.12,4894263.05,6035007.64,3452030.00,3.00,2713.00,6190016.00,24865500.82
2025-04-22,6727113.00,422983.00,137951.00,7209117.12,4894263.05,6035007.64,3452030.00,1.00,2713.00,6166179.00,24865500.82
2025-04-23,6726930.00,606632.00,171780.00,7209117.12,4894263.05,6035007.64,3256734.00,0.00,3112.00,5948518.00,24865317.82
2025-04-24,6726930.00,606632.00,130004.00,7209117.12,4894263.05,6035007.64,3256734.00,1.00,3112.00,5990294.00,24865317.82
2025-04-25,6726930.00,606632.00,94021.00,7204112.68,4894263.05,6035007.64,3256734.00,0.00,3112.00,6026277.00,24860313.38
2025-04-26,6726930.00,606632.00,94021.00,7204112.68,4894263.05,6035007.64,3256734.00,0.00,3112.00,6026277.00,24860313.38
2025-04-27,6726930.00,606632.00,94021.00,7204112.68,4894263.05,6035007.64,3256734.00,0.00,3112.00,6026277.00,24860313.38
2025-04-28,6726930.00,606632.00,148649.00,7204112.68,4894263.05,6035007.64,3256734.00,0.00,3112.00,5971649.00,24860313.38
2025-04-29,6726930.00,606632.00,157537.00,7204112.68,4894263.05,6035007.64,3256734.00,0.00,3112.00,5962761.00,24860313.38
2025-04-30,6709277.00,595741.00,250601.00,7204112.68,4894263.05,6035007.64,3219214.00,10.00,3485.00,5862935.00,24842660.38
2025-05-01,6709277.00,595741.00,157353.00,7204112.68,5042641.60,6035007.64,3219214.00,0.00,3485.00,5956183.00,24991038.93
2025-05-02,6709277.00,595741.00,147882.00,7153311.07,5042641.60,6035007.64,3219214.00,0.00,3485.00,5965654.00,24940237.31
2025-05-03,6709277.00,595741.00,147882.00,7153311.07,5042641.60,6035007.64,3219214.00,0.00,3485.00,5965654.00,24940237.31
2025-05-04,6709277.00,595741.00,147882.00,7153311.07,5042641.60,6035007.64,3219214.00,0.00,3485.00,5965654.00,24940237.31
2025-05-05,6709277.00,595741.00,124690.00,7153311.07,5042641.60,6035007.64,3219214.00,0.00,3485.00,5988846.00,24940237.31
2025-05-06,6709277.00,595741.00,129858.00,7153311.07,5042641.60,6035007.64,3219214.00,100.00,3485.00,5983678.00,24940237.31
2025-05-07,6710889.00,583727.00,154859.00,7153311.07,5042641.60,6035007.64,3218636.00,2.00,2462.00,5972303.00,24941849.31
2025-05-08,6710889.00,583727.00,139768.00,7153311.07,5042641.60,6035007.64,3218636.00,1.00,2462.00,5987394.00,24941849.31
2025-05-09,6710889.00,583727.00,142272.00,7101501.99,5042641.60,6035007.64,3218636.00,0.00,2462.00,5984890.00,24890040.23
2025-05-10,6710889.00,583727.00,142272.00,7101501.99,5042641.60,6035007.64,3218636.00,0.00,2462.00,5984890.00,24890040.23
2025-05-11,6710889.00,583727.00,142272.00,7101501.99,5042641.60,6035007.64,3218636.00,0.00,2462.00,5984890.00,24890040.23
2025-05-12,6710889.00,583727.00,147505.00,7101501.99,5042641.60,6035007.64,3218636.00,0.00,2462.00,5979657.00,24890040.23
2025-05-13,6710889.00,583727.00,144214.00,7101501.99,5042641.60,6035007.64,3218636.00,3.00,2462.00,5982948.00,24890040.23
2025-05-14,6713270.00,575846.00,165024.00,7101501.99,5042641.60,6035007.64,3235723.00,1.00,2194.00,5972400.00,24892421.23
2025-05-15,6713270.00,575846.00,109436.00,7101501.99,5042641.60,6035007.64,3235723.00,2.00,2194.00,6027988.00,24892421.23
2025-05-16,6713270.00,575846.00,136799.00,7009554.00,5042641.60,6035007.64,3235723.00,0.00,2194.00,6000625.00,24800473.25
2025-05-17,6713270.00,575846.00,136799.00,7009554.00,5042641.60,6035007.64,3235723.00,0.00,2194.00,6000625.00,24800473.25
2025-05-18,6713270.00,575846.00,136799.00,7009554.00,5042641.60,6035007.64,3235723.00,0.00,2194.00,6000625.00,24800473.25
2025-05-19,6713270.00,575846.00,180417.00,7009554.00,5042641.60,6035007.64,3235723.00,1.00,2194.00,5957007.00,24800473.25
2025-05-20,6713270.00,575846.00,136033.00,7009554.00,5042641.60,6035007.64,3235723.00,0.00,2194.00,6001391.00,24800473.25
2025-05-21,6688726.00,503055.00,162802.00,7009554.00,5042641.60,6035007.64,3289469.00,1.00,1853.00,6022869.00,24775929.25
2025-05-22,6688726.00,503055.00,173018.00,7009554.00,5042641.60,6035007.64,3289469.00,1.00,1853.00,6012653.00,24775929.25
2025-05-23,6688726.00,503055.00,154841.00,7143687.73,5042641.60,6035007.64,3289469.00,0.00,1853.00,6030830.00,24910062.97
2025-05-24,6688726.00,503055.00,154841.00,7143687.73,5042641.60,6035007.64,3289469.00,0.00,1853.00,6030830.00,24910062.97
2025-05-25,6688726.00,503055.00,154841.00,7143687.73,5042641.60,6035007.64,3289469.00,0.00,1853.00,6030830.00,24910062.97
2025-05-26,6688726.00,503055.00,154841.00,7143687.73,5042641.60,6035007.64,3289469.00,0.00,1853.00,6030830.00,24910062.97
2025-05-27,6688726.00,503055.00,138066.00,7143687.73,5042641.60,6035007.64,3289469.00,0.00,1853.00,6047605.00,24910062.97
2025-05-28,6673244.00,467204.00,173641.00,7143687.73,5042641.60,6035007.64,3270661.00,1.00,2014.00,6032399.00,24894580.97
2025-05-29,6673244.00,467204.00,165660.00,7143687.73,5042641.60,6035007.64,3270661.00,0.00,2014.00,6040380.00,24894580.97
2025-05-30,6673244.00,467204.00,315657.00,7119716.00,5042641.60,6035007.64,3270661.00,0.00,2014.00,5890383.00,24870609.24
2025-05-31,6673244.00,467204.00,315657.00,7119716.00,5042641.60,6035007.64,3270661.00,0.00,2014.00,5890383.00,24870609.24
2025-06-01,6673244.00,467204.00,315657.00,7119716.00,4976378.14,6035007.64,3270661.00,0.00,2014.00,5890383.00,24804345.78
2025-06-02,6673244.00,467204.00,135841.00,7119716.00,4976378.14,6035007.64,3270661.00,5.00,2014.00,6070199.00,24804345.78
2025-06-03,6673244.00,467204.00,153177.00,7119716.00,4976378.14,6035007.64,3270661.00,1.00,2014.00,6052863.00,24804345.78
2025-06-04,6672885.00,378947.00,168882.00,7119716.00,4976378.14,6035007.64,3294381.00,0.00,2885.00,6125056.00,24803986.78
2025-06-05,6672885.00,378947.00,152727.00,7119716.00,4976378.14,6035007.64,3294381.00,2.00,2885.00,6141211.00,24803986.78
2025-06-06,6672885.00,378947.00,149284.00,7115393.28,4976378.14,6035007.64,3294381.00,0.00,2885.00,6144654.00,24799664.06
2025-06-07,6672885.00,378947.00,149284.00,7115393.28,4976378.14,6035007.64,3294381.00,0.00,2885.00,6144654.00,24799664.06
2025-06-08,6672885.00,378947.00,149284.00,7115393.28,4976378.14,6035007.64,3294381.00,0.00,2885.00,6144654.00,24799664.06
2025-06-09,6672885.00,378947.00,179315.00,7115393.28,4976378.14,6035007.64,3294381.00,3.00,2885.00,6114623.00,24799664.06
2025-06-10,6672885.00,378947.00,182725.00,7115393.28,4976378.14,6035007.64,3294381.00,102.00,2885.00,6111213.00,24799664.06
2025-06-11,6677155.00,332907.00,204625.00,7115393.28,4976378.14,6035007.64,3407108.00,0.00,3989.00,6139623.00,24803934.06
2025-06-12,6677155.00,332907.00,181417.00,7115393.28,4976378.14,6035007.64,3407108.00,1.00,3989.00,6162831.00,24803934.06
2025-06-13,6677155.00,332907.00,168645.00,7208300.84,4976378.14,6035007.64,3407108.00,0.00,3989.00,6175603.00,24896841.62
2025-06-14,6677155.00,332907.00,168645.00,7208300.84,4976378.14,6035007.64,3407108.00,0.00,3989.00,6175603.00,24896841.62
2025-06-15,6677155.00,332907.00,168645.00,7208300.84,4976378.14,6035007.64,3407108.00,0.00,3989.00,6175603.00,24896841.62
2025-06-16,6677155.00,332907.00,140759.00,7208300.84,4976378.14,6035007.64,3407108.00,0.00,3989.00,6203489.00,24896841.62
2025-06-17,6677155.00,332907.00,168939.00,7208300.84,4976378.14,6035007.64,3407108.00,0.00,3989.00,6175309.00,24896841.62
2025-06-18,6681056.00,337762.00,205050.00,7208300.84,4976378.14,6035007.64,3406366.00,0.00,5383.00,6138244.00,24900742.62
2025-06-19,6681056.00,337762.00,205050.00,7208300.84,4976378.14,6035007.64,3406366.00,0.00,5383.00,6138244.00,24900742.62
2025-06-20,6681056.00,337762.00,138283.00,7190260.99,4976378.14,6035007.64,3406366.00,0.00,5383.00,6205011.00,24882702.77
2025-06-21,6681056.00,337762.00,138283.00,7190260.99,4976378.14,6035007.64,3406366.00,0.00,5383.00,6205011.00,24882702.77
2025-06-22,6681056.00,337762.00,138283.00,7190260.99,4976378.14,6035007.64,3406366.00,0.00,5383.00,6205011.00,24882702.77
2025-06-23,6681056.00,337762.00,165319.00,7190260.99,4976378.14,6035007.64,3406366.00,0.00,5383.00,6177975.00,24882702.77
2025-06-24,6681056.00,337762.00,187367.00,7190260.99,4976378.14,6035007.64,3406366.00,0.00,5383.00,6155927.00,24882702.77
2025-06-25,6662200.00,364375.00,210879.00,7190260.99,4976378.14,6035007.64,3369328.00,5.00,6308.00,6086946.00,24863846.77
2025-06-26,6662200.00,364375.00,252432.00,7190260.99,4976378.14,6035007.64,3369328.00,2.00,6308.00,6045393.00,24863846.77
2025-06-27,6662200.00,364375.00,285742.00,7306594.94,4976378.14,6035007.64,3369328.00,0.00,6308.00,6012083.00,24980180.72
2025-06-28,6662200.00,364375.00,285742.00,7306594.94,4976378.14,6035007.64,3369328.00,0.00,6308.00,6012083.00,24980180.72
2025-06-29,6662200.00,364375.00,285742.00,7306594.94,4976378.14,6035007.64,3369328.00,0.00,6308.00,6012083.00,24980180.72
2025-06-30,6662200.00,364375.00,460731.00,7306594.94,4976378.14,6035007.64,3369328.00,11025.00,6308.00,5837094.00,24980180.72
2025-07-01,6662200.00,364375.00,245530.00,7306594.94,5024444.91,6035007.64,3369328.00,0.00,6308.00,6052295.00,25028247.49
2025-07-02,6659598.00,359516.00,237307.00,7306594.94,5024444.91,6035007.64,3225980.00,0.00,6354.00,6062775.00,25025645.49
2025-07-03,6659598.00,359516.00,214665.00,7306594.94,5024444.91,6035007.64,3225980.00,0.00,6354.00,6085417.00,25025645.49
2025-07-04,6659598.00,359516.00,214665.00,7220957.00,5024444.91,6035007.64,3225980.00,0.00,6354.00,6085417.00,24940007.55
2025-07-05,6659598.00,359516.00,214665.00,7220957.00,5024444.91,6035007.64,3225980.00,0.00,6354.00,6085417.00,24940007.55
2025-07-06,6659598.00,359516.00,214665.00,7220957.00,5024444.91,6035007.64,3225980.00,0.00,6354.00,6085417.00,24940007.55
2025-07-07,6659598.00,359516.00,218030.00,7220957.00,5024444.91,6035007.64,3225980.00,1.00,6354.00,6082052.00,24940007.55
2025-07-08,6659598.00,359516.00,219415.00,7220957.00,5024444.91,6035007.64,3225980.00,100.00,6354.00,6080667.00,24940007.55
2025-07-09,6661912.00,319889.00,227273.00,7220957.00,5024444.91,6035007.64,3330249.00,0.00,6131.00,6114750.00,24942321.55
2025-07-10,6661912.00,319889.00,183339.00,7220957.00,5024444.91,6035007.64,3330249.00,0.00,6131.00,6158684.00,24942321.55
2025-07-11,6661912.00,319889.00,181637.00,7177949.82,5024444.91,6035007.64,3330249.00,0.00,6131.00,6160386.00,24899314.37
2025-07-12,6661912.00,319889.00,181637.00,7177949.82,5024444.91,6035007.64,3330249.00,0.00,6131.00,6160386.00,24899314.37
2025-07-13,6661912.00,319889.00,181637.00,7177949.82,5024444.91,6035007.64,3330249.00,0.00,6131.00,6160386.00,24899314.37
2025-07-14,6661912.00,319889.00,217841.00,7177949.82,5024444.91,6035007.64,3330249.00,12.00,6131.00,6124182.00,24899314.37
2025-07-15,6661912.00,319889.00,198277.00,7177949.82,5024444.91,6035007.64,3330249.00,1.00,6131.00,6143746.00,24899314.37
2025-07-16,6659273.00,296247.00,197086.00,7177949.82,5024444.91,6035007.64,3398822.00,0.00,5230.00,6165940.00,24896675.37
2025-07-17,6659273.00,296247.00,193660.00,7177949.82,5024444.91,6035007.64,3398822.00,0.00,5230.00,6169366.00,24896675.37
2025-07-18,6659273.00,296247.00,199298.00,7125440.42,5024444.91,6035007.64,3398822.00,0.00,5230.00,6163728.00,24844165.97
2025-07-19,6659273.00,296247.00,199298.00,7125440.42,5024444.91,6035007.64,3398822.00,0.00,5230.00,6163728.00,24844165.97
2025-07-20,6659273.00,296247.00,199298.00,7125440.42,5024444.91,6035007.64,3398822.00,0.00,5230.00,6163728.00,24844165.97
2025-07-21,6659273.00,296247.00,213666.00,7125440.42,5024444.91,6035007.64,3398822.00,0.00,5230.00,6149360.00,24844165.97
2025-07-22,6659273.00,296247.00,196374.00,7125440.42,5024444.91,6035007.64,3398822.00,1.00,5230.00,6166652.00,24844165.97
2025-07-23,6657715.00,323176.00,189632.00,7125440.42,5024444.91,6035007.64,3362277.00,1.00,5242.00,6144907.00,24842607.97
2025-07-24,6657715.00,323176.00,132186.00,7125440.42,5024444.91,6035007.64,3362277.00,0.00,5242.00,6202353.00,24842607.97
2025-07-25,6657715.00,323176.00,150509.00,7180845.59,5024444.91,6035007.64,3362277.00,0.00,5242.00,6184030.00,24898013.15
2025-07-26,6657715.00,323176.00,150509.00,7180845.59,5024444.91,6035007.64,3362277.00,0.00,5242.00,6184030.00,24898013.15
2025-07-27,6657715.00,323176.00,150509.00,7180845.59,5024444.91,6035007.64,3362277.00,0.00,5242.00,6184030.00,24898013.15
2025-07-28,6657715.00,323176.00,170463.00,7180845.59,5024444.91,6035007.64,3362277.00,1.00,5242.00,6164076.00,24898013.15
2025-07-29,6657715.00,323176.00,171018.00,7180845.59,5024444.91,6035007.64,3362277.00,3.00,5242.00,6163521.00,24898013.15
2025-07-30,6642578.00,370507.00,155481.00,7180845.59,5024444.91,6035007.64,3347414.00,0.00,5595.00,6116590.00,24882876.15
2025-07-31,6642578.00,370507.00,214445.00,7180845.59,5024444.91,6035007.64,3347414.00,0.00,5595.00,6057626.00,24882876.15
2025-08-01,6642578.00,370507.00,97426.00,7058820.08,4890113.47,6035007.64,3347414.00,0.00,5595.00,6174645.00,24626519.20
2025-08-02,6642578.00,370507.00,97426.00,7058820.08,4890113.47,6035007.64,3347414.00,0.00,5595.00,6174645.00,24626519.20
2025-08-03,6642578.00,370507.00,97426.00,7058820.08,4890113.47,6035007.64,3347414.00,0.00,5595.00,6174645.00,24626519.20
2025-08-04,6642578.00,370507.00,125730.00,7058820.08,4890113.47,6035007.64,3347414.00,1.00,5595.00,6146341.00,24626519.20
2025-08-05,6642578.00,370507.00,84356.00,7058820.08,4890113.47,6035007.64,3347414.00,1.00,5595.00,6187715.00,24626519.20
2025-08-06,6640843.00,421043.00,91966.00,7058820.08,4890113.47,6035007.64,3332492.00,2.00,4856.00,6127834.00,24624784.20
2025-08-07,6640843.00,421043.00,77961.00,7058820.08,4890113.47,6035007.64,3332492.00,41.00,4856.00,6141839.00,24624784.20
2025-08-08,6640843.00,421043.00,80303.00,7113165.51,4890113.47,6035007.64,3332492.00,0.00,4856.00,6139497.00,24679129.62
2025-08-09,6640843.00,421043.00,80303.00,7113165.51,4890113.47,6035007.64,3332492.00,0.00,4856.00,6139497.00,24679129.62
2025-08-10,6640843.00,421043.00,80303.00,7113165.51,4890113.47,6035007.64,3332492.00,0.00,4856.00,6139497.00,24679129.62
2025-08-11,6640843.00,421043.00,82214.00,7113165.51,4890113.47,6035007.64,3332492.00,0.00,4856.00,6137586.00,24679129.62
2025-08-12,6640843.00,421043.00,57492.00,7113165.51,4890113.47,6035007.64,3332492.00,101.00,4856.00,6162308.00,24679129.62
2025-08-13,6643615.00,504304.00,57202.00,7113165.51,4890113.47,6035007.64,3320050.00,1.00,4623.00,6082109.00,24681901.62
2025-08-14,6643615.00,504304.00,28818.00,7113165.51,4890113.47,6035007.64,3320050.00,0.00,4623.00,6110493.00,24681901.62
2025-08-15,6643615.00,504304.00,33757.00,7117207.73,4890113.47,6035007.64,3320050.00,0.00,4623.00,6105554.00,24685943.84
2025-08-16,6643615.00,504304.00,33757.00,7117207.73,4890113.47,6035007.64,3320050.00,0.00,4623.00,6105554.00,24685943.84
2025-08-17,6643615.00,504304.00,33757.00,7117207.73,4890113.47,6035007.64,3320050.00,0.00,4623.00,6105554.00,24685943.84
2025-08-18,6643615.00,504304.00,38240.00,7117207.73,4890113.47,6035007.64,3320050.00,0.00,4623.00,6101071.00,24685943.84
2025-08-19,6643615.00,504304.00,22344.00,7117207.73,4890113.47,6035007.64,3320050.00,0.00,4623.00,6116967.00,24685943.84
2025-08-20,6618415.00,519534.00,34999.00,7117207.73,4890113.47,6035007.64,3317292.00,101.00,4414.00,6063882.00,24660743.84
2025-08-21,6618415.00,519534.00,25358.00,7117207.73,4890113.47,6035007.64,3317292.00,0.00,4414.00,6073523.00,24660743.84
2025-08-22,6618415.00,519534.00,36275.00,7126375.44,4890113.47,6035007.64,3317292.00,0.00,4414.00,6062606.00,24669911.55
2025-08-23,6618415.00,519534.00,36275.00,7126375.44,4890113.47,6035007.64,3317292.00,0.00,4414.00,6062606.00,24669911.55
2025-08-24,6618415.00,519534.00,36275.00,7126375.44,4890113.47,6035007.64,3317292.00,0.00,4414.00,6062606.00,24669911.55
2025-08-25,6618415.00,519534.00,47567.00,7126375.44,4890113.47,6035007.64,3317292.00,11.00,4414.00,6051314.00,24669911.55
2025-08-26,6618415.00,519534.00,28574.00,7126375.44,4890113.47,6035007.64,3317292.00,0.00,4414.00,6070307.00,24669911.55
2025-08-27,6603384.00,589998.00,34744.00,7126375.44,4890113.47,6035007.64,3224967.00,10.00,4191.00,5978642.00,24654880.55
2025-08-28,6603384.00,589998.00,31966.00,7126375.44,4890113.47,6035007.64,3224967.00,0.00,4191.00,5981420.00,24654880.55
2025-08-29,6603384.00,589998.00,77898.00,7121545.11,4890113.47,6035007.64,3224967.00,0.00,4191.00,5935488.00,24650050.23
2025-08-30,6603384.00,589998.00,77898.00,7121545.11,4890113.47,6035007.64,3224967.00,0.00,4191.00,5935488.00,24650050.23
2025-08-31,6603384.00,589998.00,77898.00,7121545.11,4890113.47,6035007.64,3224967.00,0.00,4191.00,5935488.00,24650050.23
2025-09-01,6603384.00,589998.00,77898.00,7121545.11,4736432.27,6035007.64,3224967.00,0.00,4191.00,5935488.00,24496369.02
2025-09-02,6603384.00,589998.00,21066.00,7121545.11,4736432.27,6035007.64,3224967.00,0.00,4191.00,5992320.00,24496369.02
2025-09-03,6602071.00,597513.00,17923.00,7121545.11,4736432.27,6035007.64,3181701.00,1.00,4374.00,5986635.00,24495056.02
2025-09-04,6602071.00,597513.00,20128.00,7121545.11,4736432.27,6035007.64,3181701.00,0.00,4374.00,5984430.00,24495056.02
2025-09-05,6602071.00,597513.00,20997.00,7151834.38,4736432.27,6035007.64,3181701.00,0.00,4374.00,5983561.00,24525345.29
2025-09-06,6602071.00,597513.00,20997.00,7151834.38,4736432.27,6035007.64,3181701.00,0.00,4374.00,5983561.00,24525345.29
2025-09-07,6602071.00,597513.00,20997.00,7151834.38,4736432.27,6035007.64,3181701.00,0.00,4374.00,5983561.00,24525345.29
2025-09-08,6602071.00,597513.00,19416.00,7151834.38,4736432.27,6035007.64,3181701.00,1.00,4374.00,5985142.00,24525345.29
2025-09-09,6602071.00,597513.00,22915.00,7151834.38,4736432.27,6035007.64,3181701.00,100.00,4374.00,5981643.00,24525345.29
2025-09-10,6605962.00,672274.00,29400.00,7151834.38,4736432.27,6035007.64,3160774.00,7.00,5374.00,5904288.00,24529236.29
2025-09-11,6605962.00,672274.00,26897.00,7151834.38,4736432.27,6035007.64,3160774.00,0.00,5374.00,5906791.00,24529236.29
2025-09-12,6605962.00,672274.00,17331.00,7126196.67,4736432.27,6035007.64,3160774.00,0.00,5374.00,5916357.00,24503598.58
2025-09-13,6605962.00,672274.00,17331.00,7126196.67,4736432.27,6035007.64,3160774.00,0.00,5374.00,5916357.00,24503598.58
2025-09-14,6605962.00,672274.00,17331.00,7126196.67,4736432.27,6035007.64,3160774.00,0.00,5374.00,5916357.00,24503598.58
2025-09-15,6605962.00,672274.00,16954.00,7126196.67,4736432.27,6035007.64,3160774.00,1500.00,5374.00,5916734.00,24503598.58
2025-09-16,6605962.00,672274.00,18817.00,7126196.67,4736432.27,6035007.64,3160774.00,1.00,5374.00,5914871.00,24503598.58
2025-09-17,6608597.00,756376.00,13963.00,7126196.67,4736432.27,6035007.64,3073355.00,1.00,5533.00,5838258.00,24506233.58
2025-09-18,6608597.00,756376.00,13707.00,7126196.67,4736432.27,6035007.64,3073355.00,0.00,5533.00,5838514.00,24506233.58
2025-09-19,6608597.00,756376.00,11363.00,7134711.54,4736432.27,6035007.64,3073355.00,0.00,5533.00,5840858.00,24514748.45
2025-09-20,6608597.00,756376.00,11363.00,7134711.54,4736432.27,6035007.64,3073355.00,0.00,5533.00,5840858.00,24514748.45
2025-09-21,6608597.00,756376.00,11363.00,7134711.54,4736432.27,6035007.64,3073355.00,0.00,5533.00,5840858.00,24514748.45
2025-09-22,6608597.00,756376.00,14173.00,7134711.54,4736432.27,6035007.64,3073355.00,10.00,5533.00,5838048.00,24514748.45
2025-09-23,6608597.00,756376.00,14402.00,7134711.54,4736432.27,6035007.64,3073355.00,0.00,5533.00,5837819.00,24514748.45
2025-09-24,6608395.00,804856.00,29172.00,7134711.54,4736432.27,6035007.64,3002218.00,1.00,7821.00,5774367.00,24514546.45
2025-09-25,6608395.00,804856.00,25369.00,7134711.54,4736432.27,6035007.64,3002218.00,1.00,7821.00,5778170.00,24514546.45
2025-09-26,6608395.00,804856.00,48073.00,7098023.79,4736432.27,6035007.64,3002218.00,0.00,7821.00,5755466.00,24477858.70
2025-09-27,6608395.00,804856.00,48073.00,7098023.79,4736432.27,6035007.64,3002218.00,0.00,7821.00,5755466.00,24477858.70
2025-09-28,6608395.00,804856.00,48073.00,7098023.79,4736432.27,6035007.64,3002218.00,0.00,7821.00,5755466.00,24477858.70
2025-09-29,6608395.00,804856.00,56220.00,7098023.79,4736432.27,6035007.64,3002218.00,0.00,7821.00,5747319.00,24477858.70
2025-09-30,6608395.00,804856.00,49071.00,7098023.79,4736432.27,6035007.64,3002218.00,5000.00,7821.00,5754468.00,24477858.70
2025-10-01,6587119.00,805139.00,10179.00,7098023.79,4731915.60,6035007.64,2966094.00,0.00,7170.00,5771801.00,24452066.04
2025-10-02,6587119.00,805139.00,8436.00,7098023.79,4731915.60,6035007.64,2966094.00,1.00,7170.00,5773544.00,24452066.04
2025-10-03,6587119.00,805139.00,25392.00,7293968.38,4731915.60,6035007.64,2966094.00,105.00,7170.00,5756588.00,24648010.63
2025-10-04,6587119.00,805139.00,25392.00,7293968.38,4731915.60,6035007.64,2966094.00,105.00,7170.00,5756588.00,24648010.63
2025-10-05,6587119.00,805139.00,25392.00,7293968.38,4731915.60,6035007.64,2966094.00,105.00,7170.00,5756588.00,24648010.63
2025-10-06,6587119.00,805139.00,21776.00,7293968.38,4731915.60,6035007.64,2966094.00,10.00,7170.00,5760204.00,24648010.63
2025-10-07,6587119.00,805139.00,4622.00,7293968.38,4731915.60,6035007.64,2966094.00,1.00,7170.00,5777358.00,24648010.63
2025-10-08,6590815.00,807428.00,5231.00,7293968.38,4731915.60,6035007.64,2998471.00,46.00,6243.00,5778156.00,24651706.63
2025-10-09,6590815.00,807428.00,4496.00,7293968.38,4731915.60,6035007.64,2998471.00,1.00,6243.00,5778891.00,24651706.63
2025-10-10,6590815.00,807428.00,4124.00,7199209.93,4731915.60,6035007.64,2998471.00,0.00,6243.00,5779263.00,24556948.17
2025-10-11,6590815.00,807428.00,4124.00,7199209.93,4731915.60,6035007.64,2998471.00,0.00,6243.00,5779263.00,24556948.17
2025-10-12,6590815.00,807428.00,4124.00,7199209.93,4731915.60,6035007.64,2998471.00,0.00,6243.00,5779263.00,24556948.17
2025-10-13,6590815.00,807428.00,4124.00,7199209.93,4731915.60,6035007.64,2998471.00,0.00,6243.00,5779263.00,24556948.17
2025-10-14,6590815.00,807428.00,3516.00,7199209.93,4731915.60,6035007.64,2998471.00,0.00,6243.00,5779871.00,24556948.17
2025-10-15,6596454.00,809593.00,5484.00,7199209.93,4731915.60,6035007.64,3019028.00,4750.00,6018.00,5781377.00,24562587.17
2025-10-16,6596454.00,809593.00,6960.00,7199209.93,4731915.60,6035007.64,3019028.00,1750.00,6018.00,5779901.00,24562587.17
2025-10-17,6596454.00,809593.00,4102.00,7228966.90,4731915.60,6035007.64,3019028.00,0.00,6018.00,5782759.00,24592344.15
2025-10-18,6596454.00,809593.00,4102.00,7228966.90,4731915.60,6035007.64,3019028.00,0.00,6018.00,5782759.00,24592344.15
2025-10-19,6596454.00,809593.00,4102.00,7228966.90,4731915.60,6035007.64,3019028.00,0.00,6018.00,5782759.00,24592344.15
2025-10-20,6596454.00,809593.00,5931.00,7228966.90,4731915.60,6035007.64,3019028.00,2001.00,6018.00,5780930.00,24592344.15
2025-10-21,6596454.00,809593.00,4699.00,7228966.90,4731915.60,6035007.64,3019028.00,3000.00,6018.00,5782162.00,24592344.15
2025-10-22,6589533.00,908001.00,4005.00,7228966.90,4731915.60,6035007.64,2933037.00,1.00,7349.00,5677527.00,24585423.15
2025-10-23,6589533.00,908001.00,6941.00,7228966.90,4731915.60,6035007.64,2933037.00,3001.00,7349.00,5674591.00,24585423.15
2025-10-24,6589533.00,908001.00,2435.00,7202747.63,4731915.60,6035007.64,2933037.00,0.00,7349.00,5679097.00,24559203.87
2025-10-25,6589533.00,908001.00,2435.00,7202747.63,4731915.60,6035007.64,2933037.00,0.00,7349.00,5679097.00,24559203.87
2025-10-26,6589533.00,908001.00,2435.00,7202747.63,4731915.60,6035007.64,2933037.00,0.00,7349.00,5679097.00,24559203.87
2025-10-27,6589533.00,908001.00,10642.00,7202747.63,4731915.60,6035007.64,2933037.00,3000.00,7349.00,5670890.00,24559203.87
2025-10-28,6589533.00,908001.00,14096.00,7202747.63,4731915.60,6035007.64,2933037.00,1.00,7349.00,5667436.00,24559203.87
2025-10-29,6587034.00,957990.00,19504.00,7202747.63,4731915.60,6035007.64,2848021.00,2087.00,7894.00,5609540.00,24556704.87
2025-10-30,6587034.00,957990.00,19166.00,7202747.63,4731915.60,6035007.64,2848021.00,5000.00,7894.00,5609878.00,24556704.87
2025-10-31,6587034.00,957990.00,51802.00,7121886.47,4731915.60,6035007.64,2848021.00,29400.00,7894.00,5577242.00,24475843.72
2025-11-01,6587034.00,957990.00,51802.00,7121886.47,4530665.37,6035007.64,2848021.00,29400.00,7894.00,5577242.00,24274593.48
2025-11-02,6587034.00,957990.00,51802.00,7121886.47,4530665.37,6035007.64,2848021.00,29400.00,7894.00,5577242.00,24274593.48
2025-11-03,6587034.00,957990.00,23792.00,7121886.47,4530665.37,6035007.64,2848021.00,7750.00,7894.00,5605252.00,24274593.48
2025-11-04,6587034.00,957990.00,16983.00,7121886.47,4530665.37,6035007.64,2848021.00,3401.00,7894.00,5612061.00,24274593.48
2025-11-05,6572732.00,940979.00,12814.00,7121886.47,4530665.37,6035007.64,2862569.00,43.00,7138.00,5618939.00,24260291.48
2025-11-06,6572732.00,940979.00,10754.00,7121886.47,4530665.37,6035007.64,2862569.00,1.00,7138.00,5620999.00,24260291.48
2025-11-07,6572732.00,940979.00,4903.00,7128187.89,4530665.37,6035007.64,2862569.00,0.00,7138.00,5626850.00,24266592.91
2025-11-08,6572732.00,940979.00,4903.00,7128187.89,4530665.37,6035007.64,2862569.00,0.00,7138.00,5626850.00,24266592.91
2025-11-09,6572732.00,940979.00,4903.00,7128187.89,4530665.37,6035007.64,2862569.00,0.00,7138.00,5626850.00,24266592.91
2025-11-10,6572732.00,940979.00,7152.00,7128187.89,4530665.37,6035007.64,2862569.00,1.00,7138.00,5624601.00,24266592.91
2025-11-11,6572732.00,940979.00,7152.00,7128187.89,4530665.37,6035007.64,2862569.00,1.00,7138.00,5624601.00,24266592.91
2025-11-12,6580462.00,953816.00,5886.00,7128187.89,4530665.37,6035007.64,2855030.00,4201.00,5818.00,5620760.00,24274322.91
2025-11-13,6580462.00,953816.00,3761.00,7128187.89,4530665.37,6035007.64,2855030.00,2250.00,5818.00,5622885.00,24274322.91
2025-11-14,6580462.00,953816.00,1559.00,7153362.92,4530665.37,6035007.64,2855030.00,6.00,5818.00,5625087.00,24299497.93
2025-11-15,6580462.00,953816.00,1559.00,7153362.92,4530665.37,6035007.64,2855030.00,6.00,5818.00,5625087.00,24299497.93
2025-11-16,6580462.00,953816.00,1559.00,7153362.92,4530665.37,6035007.64,2855030.00,6.00,5818.00,5625087.00,24299497.93
2025-11-17,6580462.00,953816.00,3172.00,7153362.92,4530665.37,6035007.64,2855030.00,4761.00,5818.00,5623474.00,24299497.93
2025-11-18,6580462.00,953816.00,905.00,7153362.92,4530665.37,6035007.64,2855030.00,3.00,5818.00,5625741.00,24299497.93
2025-11-19,6555283.00,941926.00,1129.00,7153362.92,4530665.37,6035007.64,2888643.00,2.00,6101.00,5612228.00,24274318.93
2025-11-20,6555283.00,941926.00,6520.00,7153362.92,4530665.37,6035007.64,2888643.00,1.00,6101.00,5606837.00,24274318.93
2025-11-21,6555283.00,941926.00,2503.00,7078982.51,4530665.37,6035007.64,2888643.00,0.00,6101.00,5610854.00,24199938.52
2025-11-22,6555283.00,941926.00,2503.00,7078982.51,4530665.37,6035007.64,2888643.00,0.00,6101.00,5610854.00,24199938.52
2025-11-23,6555283.00,941926.00,2503.00,7078982.51,4530665.37,6035007.64,2888643.00,0.00,6101.00,5610854.00,24199938.52
2025-11-24,6555283.00,941926.00,1077.00,7078982.51,4530665.37,6035007.64,2888643.00,1.00,6101.00,5612280.00,24199938.52
2025-11-25,6555283.00,941926.00,2314.00,7078982.51,4530665.37,6035007.64,2888643.00,2750.00,6101.00,5611043.00,24199938.52
2025-11-26,6552419.00,903394.00,2217.00,7078982.51,4530665.37,6035007.64,2896586.00,4000.00,7792.00,5646808.00,24197074.52
2025-11-27,6552419.00,903394.00,2217.00,7078982.51,4530665.37,6035007.64,2896586.00,4000.00,7792.00,5646808.00,24197074.52
2025-11-28,6552419.00,903394.00,7561.00,7126711.72,4530665.37,6035007.64,2896586.00,11250.00,7792.00,5641464.00,24244803.73
2025-11-29,6552419.00,903394.00,7561.00,7126711.72,4530665.37,6035007.64,2896586.00,11250.00,7792.00,5641464.00,24244803.73
2025-11-30,6552419.00,903394.00,7561.00,7126711.72,4530665.37,6035007.64,2896586.00,11250.00,7792.00,5641464.00,24244803.73
2025-12-01,6552419.00,903394.00,3240.00,7126711.72,4364864.76,6035007.64,2896586.00,13500.00,7792.00,5645785.00,24079003.12
2025-12-02,6552419.00,903394.00,5620.00,7126711.72,4364864.76,6035007.64,2896586.00,3003.00,7792.00,5643405.00,24079003.12
2025-12-03,6535781.00,937167.00,2514.00,7126711.72,4364864.76,6035007.64,2858284.00,1.00,7833.00,5596100.00,24062365.12
2025-12-04,6535781.00,937167.00,2233.00,7126711.72,4364864.76,6035007.64,2858284.00,2.00,7833.00,5596381.00,24062365.12
2025-12-05,6535781.00,937167.00,1485.00,7133862.96,4364864.76,6035007.64,2858284.00,2.00,7833.00,5597129.00,24069516.36
2025-12-06,6535781.00,937167.00,1485.00,7133862.96,4364864.76,6035007.64,2858284.00,2.00,7833.00,5597129.00,24069516.36
2025-12-07,6535781.00,937167.00,1485.00,7133862.96,4364864.76,6035007.64,2858284.00,2.00,7833.00,5597129.00,24069516.36
2025-12-08,6535781.00,937167.00,1703.00,7133862.96,4364864.76,6035007.64,2858284.00,0.00,7833.00,5596911.00,24069516.36
2025-12-09,6535781.00,937167.00,3211.00,7133862.96,4364864.76,6035007.64,2858284.00,104.00,7833.00,5595403.00,24069516.36
2025-12-10,6539303.00,858946.00,5045.00,7133862.96,4364864.76,6035007.64,2932112.00,1.00,8339.00,5675312.00,24073038.36
2025-12-11,6539303.00,858946.00,2874.00,7133862.96,4364864.76,6035007.64,2932112.00,1.00,8339.00,5677483.00,24073038.36
2025-12-12,6539303.00,858946.00,838.00,7190180.94,4364864.76,6035007.64,2932112.00,1.00,8339.00,5679519.00,24129356.35
2025-12-13,6539303.00,858946.00,838.00,7190180.94,4364864.76,6035007.64,2932112.00,1.00,8339.00,5679519.00,24129356.35
2025-12-14,6539303.00,858946.00,838.00,7190180.94,4364864.76,6035007.64,2932112.00,1.00,8339.00,5679519.00,24129356.35
2025-12-15,6539303.00,858946.00,2601.00,7190180.94,4364864.76,6035007.64,2932112.00,5201.00,8339.00,5677756.00,24129356.35
2025-12-16,6539303.00,858946.00,1554.00,7190180.94,4364864.76,6035007.64,2932112.00,0.00,8339.00,5678803.00,24129356.35
2025-12-17,6556861.00,833093.00,10361.00,7190180.94,4364864.76,6035007.64,2959044.00,1.00,8870.00,5713407.00,24146914.35
2025-12-18,6556861.00,833093.00,11708.00,7190180.94,4364864.76,6035007.64,2959044.00,0.00,8870.00,5712060.00,24146914.35
2025-12-19,6556861.00,833093.00,3047.00,7190603.77,4364864.76,6035007.64,2959044.00,0.00,8870.00,5720721.00,24147337.17
2025-12-20,6556861.00,833093.00,3047.00,7190603.77,4364864.76,6035007.64,2959044.00,0.00,8870.00,5720721.00,24147337.17
2025-12-21,6556861.00,833093.00,3047.00,7190603.77,4364864.76,6035007.64,2959044.00,0.00,8870.00,5720721.00,24147337.17
2025-12-22,6556861.00,833093.00,1523.00,7190603.77,4364864.76,6035007.64,2959044.00,0.00,8870.00,5722245.00,24147337.17
2025-12-23,6556861.00,833093.00,5893.00,7190603.77,4364864.76,6035007.64,2959044.00,2.00,8870.00,5717875.00,24147337.17
2025-12-24,6581231.00,837120.00,4803.00,7190603.77,4364864.76,6035007.64,2955581.00,1.00,9874.00,5739308.00,24171707.17
2025-12-25,6581231.00,837120.00,4803.00,7190603.77,4364864.76,6035007.64,2955581.00,1.00,9874.00,5739308.00,24171707.17
2025-12-26,6581231.00,837120.00,20339.00,7252269.43,4364864.76,6035007.64,2955581.00,2501.00,9874.00,5723772.00,24233372.83
2025-12-27,6581231.00,837120.00,20339.00,7252269.43,4364864.76,6035007.64,2955581.00,2501.00,9874.00,5723772.00,24233372.83
2025-12-28,6581231.00,837120.00,20339.00,7252269.43,4364864.76,6035007.64,2955581.00,2501.00,9874.00,5723772.00,24233372.83
2025-12-29,6581231.00,837120.00,10551.00,7252269.43,4364864.76,6035007.64,2955581.00,16000.00,9874.00,5733560.00,24233372.83
2025-12-30,6581231.00,837120.00,12605.00,7252269.43,4364864.76,6035007.64,2955581.00,2000.00,9874.00,5731506.00,24233372.83
2025-12-31,6640618.00,837306.00,105993.00,7252269.43,4364864.76,6035007.64,2957410.00,31500.00,9664.00,5697319.00,24292759.83
2026-01-01,6640618.00,837306.00,105993.00,7252269.43,4355025.51,6035007.64,2957410.00,31500.00,9664.00,5697319.00,24282920.58
2026-01-02,6640618.00,837306.00,5667.00,7420324.60,4355025.51,6035007.64,2957410.00,19500.00,9664.00,5797645.00,24450975.75
2026-01-03,6640618.00,837306.00,5667.00,7420324.60,4355025.51,6035007.64,2957410.00,19500.00,9664.00,5797645.00,24450975.75
2026-01-04,6640618.00,837306.00,5667.00,7420324.60,4355025.51,6035007.64,2957410.00,19500.00,9664.00,5797645.00,24450975.75
2026-01-05,6640618.00,837306.00,6485.00,7420324.60,4355025.51,6035007.64,2957410.00,10.00,9664.00,5796827.00,24450975.75
2026-01-06,6640618.00,837306.00,2582.00,7420324.60,4355025.51,6035007.64,2957410.00,0.00,9664.00,5800730.00,24450975.75
2026-01-07,6573602.00,796148.00,4582.00,7420324.60,4355025.51,6035007.64,2996379.00,0.00,7225.00,5772872.00,24383959.75
2026-01-08,6573602.00,796148.00,3083.00,7420324.60,4355025.51,6035007.64,2996379.00,0.00,7225.00,5774371.00,24383959.75
2026-01-09,6573602.00,796148.00,3280.00,7319136.71,4355025.51,6035007.64,2996379.00,0.00,7225.00,5774174.00,24282771.86
2026-01-10,6573602.00,796148.00,3280.00,7319136.71,4355025.51,6035007.64,2996379.00,0.00,7225.00,5774174.00,24282771.86
2026-01-11,6573602.00,796148.00,3280.00,7319136.71,4355025.51,6035007.64,2996379.00,0.00,7225.00,5774174.00,24282771.86
2026-01-12,6573602.00,796148.00,3402.00,7319136.71,4355025.51,6035007.64,2996379.00,1.00,7225.00,5774052.00,24282771.86
2026-01-13,6573602.00,796148.00,3277.00,7319136.71,4355025.51,6035007.64,2996379.00,102.00,7225.00,5774177.00,24282771.86
2026-01-14,6581700.00,779175.00,3223.00,7319136.71,4355025.51,6035007.64,3049630.00,0.00,5370.00,5799302.00,24290869.86
2026-01-15,6581700.00,779175.00,2003.00,7319136.71,4355025.51,6035007.64,3049630.00,0.00,5370.00,5800522.00,24290869.86
2026-01-16,6581700.00,779175.00,1222.00,7284980.45,4355025.51,6035007.64,3049630.00,0.00,5370.00,5801303.00,24256713.60
2026-01-17,6581700.00,779175.00,1222.00,7284980.45,4355025.51,6035007.64,3049630.00,0.00,5370.00,5801303.00,24256713.60
2026-01-18,6581700.00,779175.00,1222.00,7284980.45,4355025.51,6035007.64,3049630.00,0.00,5370.00,5801303.00,24256713.60
2026-01-19,6581700.00,779175.00,1222.00,7284980.45,4355025.51,6035007.64,3049630.00,0.00,5370.00,5801303.00,24256713.60
2026-01-20,6581700.00,779175.00,3506.00,7284980.45,4355025.51,6035007.64,3049630.00,0.00,5370.00,5799019.00,24256713.60
2026-01-21,6584580.00,869261.00,3344.00,7284980.45,4355025.51,6035007.64,2954903.00,0.00,3498.00,5711975.00,24259593.60
2026-01-22,6584580.00,869261.00,2058.00,7284980.45,4355025.51,6035007.64,2954903.00,0.00,3498.00,5713261.00,24259593.60
2026-01-23,6584580.00,869261.00,927.00,7390349.37,4355025.51,6035007.64,2954903.00,0.00,3498.00,5714392.00,24364962.52
2026-01-24,6584580.00,869261.00,927.00,7390349.37,4355025.51,6035007.64,2954903.00,0.00,3498.00,5714392.00,24364962.52
2026-01-25,6584580.00,869261.00,927.00,7390349.37,4355025.51,6035007.64,2954903.00,0.00,3498.00,5714392.00,24364962.52
2026-01-26,6584580.00,869261.00,1489.00,7390349.37,4355025.51,6035007.64,2954903.00,1.00,3498.00,5713830.00,24364962.52
2026-01-27,6584580.00,869261.00,1253.00,7390349.37,4355025.51,6035007.64,2954903.00,1.00,3498.00,5714066.00,24364962.52
2026-01-28,6587568.00,923042.00,1103.00,7390349.37,4355025.51,6035007.64,2901600.00,2.00,4516.00,5663423.00,24367950.52
2026-01-29,6587568.00,923042.00,2852.00,7390349.37,4355025.51,6035007.64,2901600.00,0.00,4516.00,5661674.00,24367950.52
2026-01-30,6587568.00,923042.00,9629.00,7475661.43,4355025.51,6035007.64,2901600.00,0.00,4516.00,5654897.00,24453262.59
2026-01-31,6587568.00,923042.00,9629.00,7475661.43,4355025.51,6035007.64,2901600.00,0.00,4516.00,5654897.00,24453262.59
2026-02-01,6587568.00,923042.00,9629.00,7475661.43,4430287.03,6035007.64,2901600.00,0.00,4516.00,5654897.00,24528524.11
2026-02-02,6587568.00,923042.00,10415.00,7475661.43,4430287.03,6035007.64,2901600.00,25.00,4516.00,5654111.00,24528524.11
2026-02-03,6587568.00,923042.00,1785.00,7475661.43,4430287.03,6035007.64,2901600.00,2.00,4516.00,5662741.00,24528524.11
2026-02-04,6605909.00,908773.00,2414.00,7475661.43,4430287.03,6035007.64,2925170.00,1.00,4515.00,5694722.00,24546865.11
2026-02-05,6605909.00,908773.00,1748.00,7475661.43,4430287.03,6035007.64,2925170.00,2.00,4515.00,5695388.00,24546865.11
2026-02-06,6605909.00,908773.00,3111.00,7389531.68,4430287.03,6035007.64,2925170.00,1.00,4515.00,5694025.00,24460735.36
2026-02-07,6605909.00,908773.00,3111.00,7389531.68,4430287.03,6035007.64,2925170.00,1.00,4515.00,5694025.00,24460735.36
2026-02-08,6605909.00,908773.00,3111.00,7389531.68,4430287.03,6035007.64,2925170.00,1.00,4515.00,5694025.00,24460735.36
2026-02-09,6605909.00,908773.00,1306.00,7389531.68,4430287.03,6035007.64,2925170.00,11.00,4515.00,5695830.00,24460735.36
2026-02-10,6605909.00,908773.00,1447.00,7389531.68,4430287.03,6035007.64,2925170.00,100.00,4515.00,5695689.00,24460735.36
2026-02-11,6622382.00,915306.00,1048.00,7389531.68,4430287.03,6035007.64,2939557.00,4.00,4418.00,5706028.00,24477208.36
2026-02-12,6622382.00,915306.00,2844.00,7389531.68,4430287.03,6035007.64,2939557.00,0.00,4418.00,5704232.00,24477208.36
2026-02-13,6622382.00,915306.00,377.00,7410322.30,4430287.03,6035007.64,2939557.00,0.00,4418.00,5706699.00,24497998.97
2026-02-14,6622382.00,915306.00,377.00,7410322.30,4430287.03,6035007.64,2939557.00,0.00,4418.00,5706699.00,24497998.97
2026-02-15,6622382.00,915306.00,377.00,7410322.30,4430287.03,6035007.64,2939557.00,0.00,4418.00,5706699.00,24497998.97
2026-02-16,6622382.00,915306.00,377.00,7410322.30,4430287.03,6035007.64,2939557.00,0.00,4418.00,5706699.00,24497998.97
2026-02-17,6622382.00,915306.00,441.00,7410322.30,4430287.03,6035007.64,2939557.00,18500.00,4418.00,5706635.00,24497998.97
2026-02-18,6613395.00,912727.00,856.00,7410322.30,4430287.03,6035007.64,2949804.00,2.00,4775.00,5699812.00,24489011.97
2026-02-19,6613395.00,912727.00,632.00,7410322.30,4430287.03,6035007.64,2949804.00,24.00,4775.00,5700036.00,24489011.97
2026-02-20,6613395.00,912727.00,496.00,7344812.61,4430287.03,6035007.64,2949804.00,0.00,4775.00,5700172.00,24423502.29
2026-02-21,6613395.00,912727.00,496.00,7344812.61,4430287.03,6035007.64,2949804.00,0.00,4775.00,5700172.00,24423502.29
2026-02-22,6613395.00,912727.00,496.00,7344812.61,4430287.03,6035007.64,2949804.00,0.00,4775.00,5700172.00,24423502.29
2026-02-23,6613395.00,912727.00,877.00,7344812.61,4430287.03,6035007.64,2949804.00,1.00,4775.00,5699791.00,24423502.29
2026-02-24,6613395.00,912727.00,917.00,7344812.61,4430287.03,6035007.64,2949804.00,0.00,4775.00,5699751.00,24423502.29
2026-02-25,6613797.00,887612.00,1159.00,7344812.61,4430287.03,6035007.64,2965765.00,2.00,4483.00,5725026.00,24423904.29
2026-02-26,6613797.00,887612.00,3796.00,7344812.61,4430287.03,6035007.64,2965765.00,0.00,4483.00,5722389.00,24423904.29
2026-02-27,6613797.00,887612.00,16318.00,7361302.86,4430287.03,6035007.64,2965765.00,0.00,4483.00,5709867.00,24440394.54
2026-02-28,6613797.00,887612.00,16318.00,7361302.86,4430287.03,6035007.64,2965765.00,0.00,4483.00,5709867.00,24440394.54
2026-03-01,6613797.00,887612.00,16318.00,7361302.86,4248798.46,6035007.64,2965765.00,0.00,4483.00,5709867.00,24258905.97
2026-03-02,6613797.00,887612.00,627.00,7361302.86,4248798.46,6035007.64,2965765.00,3000.00,4483.00,5725558.00,24258905.97
2026-03-03,6613797.00,887612.00,1203.00,7361302.86,4248798.46,6035007.64,2965765.00,2.00,4483.00,5724982.00,24258905.97
2026-03-04,6628894.00,832053.00,877.00,7361302.86,4248798.46,6035007.64,3015531.00,3.00,4713.00,5795964.00,24274002.97
2026-03-05,6628894.00,832053.00,2793.00,7361302.86,4248798.46,6035007.64,3015531.00,1.00,4713.00,5794048.00,24274002.97
2026-03-06,6628894.00,832053.00,1512.00,7168404.12,4248798.46,6035007.64,3015531.00,1.00,4713.00,5795329.00,24081104.22
2026-03-07,6628894.00,832053.00,1512.00,7168404.12,4248798.46,6035007.64,3015531.00,1.00,4713.00,5795329.00,24081104.22
2026-03-08,6628894.00,832053.00,1512.00,7168404.12,4248798.46,6035007.64,3015531.00,1.00,4713.00,5795329.00,24081104.22
2026-03-09,6628894.00,832053.00,332.00,7168404.12,4248798.46,6035007.64,3015531.00,0.00,4713.00,5796509.00,24081104.22
2026-03-10,6628894.00,832053.00,278.00,7168404.12,4248798.46,6035007.64,3015531.00,102.00,4713.00,5796563.00,24081104.22
2026-03-11,6646344.00,838186.00,552.00,7168404.12,4248798.46,6035007.64,3037665.00,1.00,4664.00,5807606.00,24098554.22
2026-03-12,6646344.00,838186.00,137.00,7168404.12,4248798.46,6035007.64,3037665.00,3.00,4664.00,5808021.00,24098554.22
2026-03-13,6646344.00,838186.00,427.00,7058957.89,4248798.46,6035007.64,3037665.00,0.00,4664.00,5807731.00,23989107.99
2026-03-14,6646344.00,838186.00,427.00,7058957.89,4248798.46,6035007.64,3037665.00,0.00,4664.00,5807731.00,23989107.99
2026-03-15,6646344.00,838186.00,427.00,7058957.89,4248798.46,6035007.64,3037665.00,0.00,4664.00,5807731.00,23989107.99
2026-03-16,6646344.00,838186.00,582.00,7058957.89,4248798.46,6035007.64,3037665.00,0.00,4664.00,5807576.00,23989107.99
2026-03-17,6646344.00,838186.00,797.00,7058957.89,4248798.46,6035007.64,3037665.00,0.00,4664.00,5807361.00,23989107.99
2026-03-18,6655939.00,853052.00,698.00,7058957.89,4248798.46,6035007.64,3019995.00,5.00,4884.00,5802189.00,23998702.99
2026-03-19,6655939.00,853052.00,637.00,7058957.89,4248798.46,6035007.64,3019995.00,10.00,4884.00,5802250.00,23998702.99
2026-03-20,6655939.00,853052.00,822.00,7105069.72,4248798.46,6035007.64,3019995.00,0.00,4884.00,5802065.00,24044814.82
2026-03-21,6655939.00,853052.00,822.00,7105069.72,4248798.46,6035007.64,3019995.00,0.00,4884.00,5802065.00,24044814.82
2026-03-22,6655939.00,853052.00,822.00,7105069.72,4248798.46,6035007.64,3019995.00,0.00,4884.00,5802065.00,24044814.82
2026-03-23,6655939.00,853052.00,857.00,7105069.72,4248798.46,6035007.64,3019995.00,10.00,4884.00,5802030.00,24044814.82
2026-03-24,6655939.00,853052.00,1123.00,7105069.72,4248798.46,6035007.64,3019995.00,2.00,4884.00,5801764.00,24044814.82
2026-03-25,6657161.00,874077.00,777.00,7105069.72,4248798.46,6035007.64,2993955.00,1.00,5216.00,5782307.00,24046036.82
2026-03-26,6657161.00,874077.00,885.00,7105069.72,4248798.46,6035007.64,2993955.00,0.00,5216.00,5782199.00,24046036.82
2026-03-27,6657161.00,874077.00,992.00,7098764.54,4248798.46,6035007.64,2993955.00,0.00,5216.00,5782092.00,24039731.65
2026-03-28,6657161.00,874077.00,992.00,7098764.54,4248798.46,6035007.64,2993955.00,0.00,5216.00,5782092.00,24039731.65
2026-03-29,6657161.00,874077.00,992.00,7098764.54,4248798.46,6035007.64,2993955.00,0.00,5216.00,5782092.00,24039731.65
2026-03-30,6657161.00,874077.00,752.00,7098764.54,4248798.46,6035007.64,2993955.00,0.00,5216.00,5782332.00,24039731.65
2026-03-31,6657161.00,874077.00,15782.00,7098764.54,4248798.46,6035007.64,2993955.00,1.00,5216.00,5767302.00,24039731.65
2026-04-01,6675344.00,847718.00,2107.00,7098764.54,4181134.09,6035007.64,3026708.00,750.00,6012.00,5825519.00,23990250.27
2026-04-02,6675344.00,847718.00,327.00,7098764.54,4181134.09,6035007.64,3026708.00,0.00,6012.00,5827299.00,23990250.27
2026-04-03,6675344.00,847718.00,327.00,7205829.69,4181134.09,6035007.64,3026708.00,0.00,6012.00,5827299.00,24097315.42
2026-04-04,6675344.00,847718.00,327.00,7205829.69,4181134.09,6035007.64,3026708.00,0.00,6012.00,5827299.00,24097315.42
2026-04-05,6675344.00,847718.00,327.00,7205829.69,4181134.09,6035007.64,3026708.00,0.00,6012.00,5827299.00,24097315.42
2026-04-06,6675344.00,847718.00,227.00,7205829.69,4181134.09,6035007.64,3026708.00,0.00,6012.00,5827399.00,24097315.42
2026-04-07,6675344.00,847718.00,15345.00,7205829.69,4181134.09,6035007.64,3026708.00,0.00,6012.00,5812281.00,24097315.42
2026-04-08,6693871.00,748376.00,177.00,7205829.69,4181134.09,6035007.64,3116247.00,101.00,5873.00,5945318.00,24115842.42
2026-04-09,6693871.00,748376.00,402.00,7205829.69,4181134.09,6035007.64,3116247.00,0.00,5873.00,5945093.00,24115842.42
2026-04-10,6693871.00,748376.00,507.00,7323272.52,4181134.09,6035007.64,3116247.00,0.00,5873.00,5944988.00,24233285.25
2026-04-11,6693871.00,748376.00,507.00,7323272.52,4181134.09,6035007.64,3116247.00,0.00,5873.00,5944988.00,24233285.25
2026-04-12,6693871.00,748376.00,507.00,7323272.52,4181134.09,6035007.64,3116247.00,0.00,5873.00,5944988.00,24233285.25
2026-04-13,6693871.00,748376.00,227.00,7323272.52,4181134.09,6035007.64,3116247.00,0.00,5873.00,5945268.00,24233285.25
2026-04-14,6693871.00,748376.00,306.00,7323272.52,4181134.09,6035007.64,3116247.00,2.00,5873.00,5945189.00,24233285.25
2026-04-15,6705696.00,751354.00,223.00,7323272.52,4181134.09,6035007.64,3129588.00,3462.00,5306.00,5954119.00,24245110.25
2026-04-16,6705696.00,751354.00,158.00,7323272.52,4181134.09,6035007.64,3129588.00,1.00,5306.00,5954184.00,24245110.25
2026-04-17,6705696.00,751354.00,137.00,7338219.37,4181134.09,6035007.64,3129588.00,0.00,5306.00,5954205.00,24260057.10
2026-04-18,6705696.00,751354.00,137.00,7338219.37,4181134.09,6035007.64,3129588.00,0.00,5306.00,5954205.00,24260057.10
2026-04-19,6705696.00,751354.00,137.00,7338219.37,4181134.09,6035007.64,3129588.00,0.00,5306.00,5954205.00,24260057.10
2026-04-20,6705696.00,751354.00,503.00,7338219.37,4181134.09,6035007.64,3129588.00,0.00,5306.00,5953839.00,24260057.10
2026-04-21,6705696.00,751354.00,807.00,7338219.37,4181134.09,6035007.64,3129588.00,2.00,5306.00,5953535.00,24260057.10
2026-04-22,6707419.00,1005968.00,538.00,7338219.37,4181134.09,6035007.64,2901825.00,1.00,6032.00,5700913.00,24261780.10
2026-04-23,6707419.00,1005968.00,114.00,7338219.37,4181134.09,6035007.64,2901825.00,0.00,6032.00,5701337.00,24261780.10
2026-04-24,6707419.00,1005968.00,82.00,7283499.84,4181134.09,6035007.64,2901825.00,0.00,6032.00,5701369.00,24207060.57
2026-04-25,6707419.00,1005968.00,82.00,7283499.84,4181134.09,6035007.64,2901825.00,0.00,6032.00,5701369.00,24207060.57
2026-04-26,6707419.00,1005968.00,82.00,7283499.84,4181134.09,6035007.64,2901825.00,0.00,6032.00,5701369.00,24207060.57
2026-04-27,6707419.00,1005968.00,363.00,7283499.84,4181134.09,6035007.64,2901825.00,1.00,6032.00,5701088.00,24207060.57
2026-04-28,6707419.00,1005968.00,643.00,7283499.84,4181134.09,6035007.64,2901825.00,2.00,6032.00,5700808.00,24207060.57
2026-04-29,6699950.00,981929.00,747.00,7283499.84,4181134.09,6035007.64,2918599.00,1.00,6105.00,5717274.00,24199591.57
2026-04-30,6699950.00,981929.00,8261.00,7283499.84,4181134.09,6035007.64,2918599.00,0.00,6105.00,5709760.00,24199591.57
2026-05-01,6699950.00,981929.00,607.00,7283399.18,4238090.07,6035007.64,2918599.00,1.00,6105.00,5717414.00,24256446.89
2026-05-02,6699950.00,981929.00,607.00,7283399.18,4238090.07,6035007.64,2918599.00,1.00,6105.00,5717414.00,24256446.89
2026-05-03,6699950.00,981929.00,607.00,7283399.18,4238090.07,6035007.64,2918599.00,1.00,6105.00,5717414.00,24256446.89
2026-05-04,6699950.00,981929.00,618.00,7283399.18,4238090.07,6035007.64,2918599.00,10.00,6105.00,5717403.00,24256446.89
2026-05-05,6699950.00,981929.00,1122.00,7283399.18,4238090.07,6035007.64,2918599.00,1.00,6105.00,5716899.00,24256446.89
2026-05-06,6709505.00,877761.00,1633.00,7283399.18,4238090.07,6035007.64,3032588.00,0.00,5735.00,5830111.00,24266001.89
2026-05-07,6709505.00,877761.00,773.00,7283399.18,4238090.07,6035007.64,3032588.00,1.00,5735.00,5830971.00,24266001.89
2026-05-08,6709505.00,877761.00,787.00,7281877.17,4238090.07,6035007.64,3032588.00,0.00,5735.00,5830957.00,24264479.88
2026-05-09,6709505.00,877761.00,787.00,7281877.17,4238090.07,6035007.64,3032588.00,0.00,5735.00,5830957.00,24264479.88
2026-05-10,6709505.00,877761.00,787.00,7281877.17,4238090.07,6035007.64,3032588.00,0.00,5735.00,5830957.00,24264479.88
2026-05-11,6709505.00,877761.00,1133.00,7281877.17,4238090.07,6035007.64,3032588.00,0.00,5735.00,5830611.00,24264479.88
2026-05-12,6709505.00,877761.00,1199.00,7281877.17,4238090.07,6035007.64,3032588.00,101.00,5735.00,5830545.00,24264479.88
2026-05-13,6728502.00,838584.00,3719.00,7281877.17,4238090.07,6035007.64,3102810.00,2.00,6002.00,5886199.00,24283476.88
2026-05-14,6728502.00,838584.00,2034.00,7281877.17,4238090.07,6035007.64,3102810.00,0.00,6002.00,5887884.00,24283476.88
2026-05-15,6728502.00,838584.00,647.00,7184537.24,4238090.07,6035007.64,3102810.00,0.00,6002.00,5889271.00,24186136.95
2026-05-16,6728502.00,838584.00,647.00,7184537.24,4238090.07,6035007.64,3102810.00,0.00,6002.00,5889271.00,24186136.95
2026-05-17,6728502.00,838584.00,647.00,7184537.24,4238090.07,6035007.64,3102810.00,0.00,6002.00,5889271.00,24186136.95
2026-05-18,6728502.00,838584.00,7193.00,7184537.24,4238090.07,6035007.64,3102810.00,1.00,6002.00,5882725.00,24186136.95
2026-05-19,6728502.00,838584.00,12911.00,7184537.24,4238090.07,6035007.64,3102810.00,1.00,6002.00,5877007.00,24186136.95
2026-05-20,6713643.00,781293.00,24867.00,7184537.24,4238090.07,6035007.64,3129562.00,3.00,5599.00,5907483.00,24171277.95
2026-05-21,6713643.00,781293.00,3281.00,7184537.24,4238090.07,6035007.64,3129562.00,2.00,5599.00,5929069.00,24171277.95
2026-05-22,6713643.00,781293.00,965.00,7178205.23,4238090.07,6035007.64,3129562.00,0.00,5599.00,5931385.00,24164945.95
2026-05-23,6713643.00,781293.00,965.00,7178205.23,4238090.07,6035007.64,3129562.00,0.00,5599.00,5931385.00,24164945.95
2026-05-24,6713643.00,781293.00,965.00,7178205.23,4238090.07,6035007.64,3129562.00,0.00,5599.00,5931385.00,24164945.95
2026-05-25,6713643.00,781293.00,965.00,7178205.23,4238090.07,6035007.64,3129562.00,0.00,5599.00,5931385.00,24164945.95
2026-05-26,6713643.00,781293.00,1787.00,7178205.23,4238090.07,6035007.64,3129562.00,16.00,5599.00,5930563.00,24164945.95
2026-05-27,6704383.00,830296.00,1853.00,7178205.23,4238090.07,6035007.64,3066560.00,51.00,6362.00,5872234.00,24155685.95
2026-05-28,6704383.00,830296.00,1163.00,7178205.23,4238090.07,6035007.64,3066560.00,0.00,6362.00,5872924.00,24155685.95
2026-05-29,6704383.00,830296.00,11677.00,7196619.65,4238090.07,6035007.64,3066560.00,3.00,6362.00,5862410.00,24174100.37
2026-05-30,6704383.00,830296.00,11677.00,7196619.65,4238090.07,6035007.64,3066560.00,3.00,6362.00,5862410.00,24174100.37
2026-05-31,6704383.00,830296.00,11677.00,7196619.65,4238090.07,6035007.64,3066560.00,3.00,6362.00,5862410.00,24174100.37
2026-06-01,6704383.00,830296.00,1302.00,7196619.65,4005705.25,6035007.64,3066560.00,0.00,6362.00,5872785.00,23941715.55
2026-06-02,6704383.00,830296.00,2502.00,7196619.65,4005705.25,6035007.64,3066560.00,4.00,6362.00,5871585.00,23941715.55
2026-06-03,6711495.00,875713.00,2062.00,7196619.65,4005705.25,6035007.64,3013902.00,2.00,6072.00,5833720.00,23948827.55
2026-06-04,6711495.00,875713.00,1122.00,7196619.65,4005705.25,6035007.64,3013902.00,1.00,6072.00,5834660.00,23948827.55
2026-06-05,6711495.00,875713.00,761.00,7077014.40,4005705.25,6035007.64,3013902.00,2.00,6072.00,5835021.00,23829222.29
2026-06-06,6711495.00,875713.00,761.00,7077014.40,4005705.25,6035007.64,3013902.00,2.00,6072.00,5835021.00,23829222.29
2026-06-07,6711495.00,875713.00,761.00,7077014.40,4005705.25,6035007.64,3013902.00,2.00,6072.00,5835021.00,23829222.29
2026-06-08,6711495.00,875713.00,1832.00,7077014.40,4005705.25,6035007.64,3013902.00,0.00,6072.00,5833950.00,23829222.29
2026-06-09,6711495.00,875713.00,577.00,7077014.40,4005705.25,6035007.64,3013902.00,103.00,6072.00,5835205.00,23829222.29
2026-06-10,6725397.00,828122.00,387.00,7077014.40,4005705.25,6035007.64,3080723.00,4.00,6606.00,5896888.00,23843124.29
2026-06-11,6725397.00,828122.00,460.00,7077014.40,4005705.25,6035007.64,3080723.00,1.00,6606.00,5896815.00,23843124.29
2026-06-12,6725397.00,828122.00,454.00,7100768.07,4005705.25,6035007.64,3080723.00,0.00,6606.00,5896821.00,23866877.96
2026-06-13,6725397.00,828122.00,454.00,7100768.07,4005705.25,6035007.64,3080723.00,0.00,6606.00,5896821.00,23866877.96
2026-06-14,6725397.00,828122.00,454.00,7100768.07,4005705.25,6035007.64,3080723.00,0.00,6606.00,5896821.00,23866877.96
2026-06-15,6725397.00,828122.00,581.00,7100768.07,4005705.25,6035007.64,3080723.00,1.00,6606.00,5896694.00,23866877.96
2026-06-16,6725397.00,828122.00,10721.00,7100768.07,4005705.25,6035007.64,3080723.00,11.00,6606.00,5886554.00,23866877.96
2026-06-17,6736424.00,880713.00,6828.00,7100768.07,4005705.25,6035007.64,3033444.00,2.00,7572.00,5848883.00,23877904.96
2026-06-18,6736424.00,880713.00,251.00,7100768.07,4005705.25,6035007.64,3033444.00,1.00,7572.00,5855460.00,23877904.96
2026-06-19,6736424.00,880713.00,251.00,7019571.18,4005705.25,6035007.64,3033444.00,1.00,7572.00,5855460.00,23796708.07
2026-06-20,6736424.00,880713.00,251.00,7019571.18,4005705.25,6035007.64,3033444.00,1.00,7572.00,5855460.00,23796708.07
2026-06-21,6736424.00,880713.00,251.00,7019571.18,4005705.25,6035007.64,3033444.00,1.00,7572.00,5855460.00,23796708.07
2026-06-22,6736424.00,880713.00,3925.00,7019571.18,4005705.25,6035007.64,3033444.00,0.00,7572.00,5851786.00,23796708.07
2026-06-23,6736424.00,880713.00,6484.00,7019571.18,4005705.25,6035007.64,3033444.00,0.00,7572.00,5849227.00,23796708.07
2026-06-24,6735645.00,918696.00,4534.00,7019571.18,4005705.25,6035007.64,2951416.00,4.00,7894.00,5812415.00,23795929.07
2026-06-25,6735645.00,918696.00,5718.00,7019571.18,4005705.25,6035007.64,2951416.00,1.00,7894.00,5811231.00,23795929.07
2026-06-26,6735645.00,918696.00,6426.00,6975511.58,4005705.25,6035007.64,2951416.00,0.00,7894.00,5810523.00,23751869.47
2026-06-27,6735645.00,918696.00,6426.00,6975511.58,4005705.25,6035007.64,2951416.00,0.00,7894.00,5810523.00,23751869.47
2026-06-28,6735645.00,918696.00,6426.00,6975511.58,4005705.25,6035007.64,2951416.00,0.00,7894.00,5810523.00,23751869.47
2026-06-29,6735645.00,918696.00,3546.00,6975511.58,4005705.25,6035007.64,2951416.00,0.00,7894.00,5813403.00,23751869.47
2026-06-30,6735645.00,918696.00,26900.00,6975511.58,4005705.25,6035007.64,2951416.00,0.00,7894.00,5790049.00,23751869.47
2026-07-01,6724564.00,880237.00,1001.00,6975511.58,3967093.78,6035007.64,2966897.00,1.00,7778.00,5843326.00,23702177.00
2026-07-02,6724564.00,880237.00,2175.00,6975511.58,3967093.78,6035007.64,2966897.00,0.00,7778.00,5842152.00,23702177.00
2026-07-03,6724564.00,880237.00,2175.00,6849355.57,3967093.78,6035007.64,2966897.00,0.00,7778.00,5842152.00,23576020.99
2026-07-04,6724564.00,880237.00,2175.00,6849355.57,3967093.78,6035007.64,2966897.00,0.00,7778.00,5842152.00,23576020.99
2026-07-05,6724564.00,880237.00,2175.00,6849355.57,3967093.78,6035007.64,2966897.00,0.00,7778.00,5842152.00,23576020.99
2026-07-06,6724564.00,880237.00,2719.00,6849355.57,3967093.78,6035007.64,2966897.00,1.00,7778.00,5841608.00,23576020.99
2026-07-07,6724564.00,880237.00,4484.00,6849355.57,3967093.78,6035007.64,2966897.00,1.00,7778.00,5839843.00,23576020.99
2026-07-08,6735609.00,774062.00,3347.00,6849355.57,3967093.78,6035007.64,3098911.00,0.00,5771.00,5958200.00,23587065.99
2026-07-09,6735609.00,774062.00,5772.00,6849355.57,3967093.78,6035007.64,3098911.00,0.00,5771.00,5955775.00,23587065.99
2026-07-10,6735609.00,774062.00,545.00,6829076.20,3967093.78,6035007.64,3098911.00,0.00,5771.00,5961002.00,23566786.62
2026-07-11,6735609.00,774062.00,545.00,6829076.20,3967093.78,6035007.64,3098911.00,0.00,5771.00,5961002.00,23566786.62
2026-07-12,6735609.00,774062.00,545.00,6829076.20,3967093.78,6035007.64,3098911.00,0.00,5771.00,5961002.00,23566786.62
2026-07-13,6735609.00,774062.00,795.00,6829076.20,3967093.78,6035007.64,3098911.00,0.00,5771.00,5960752.00,23566786.62
2026-07-14,6735609.00,774062.00,278.00,6829076.20,3967093.78,6035007.64,3098911.00,101.00,5771.00,5961269.00,23566786.62
2026-07-15,6743028.00,756218.00,151.00,6829076.20,3967093.78,6035007.64,3142721.00,102.00,4755.00,5986659.00,23574205.62
2026-07-16,6743028.00,756218.00,125.00,6829076.20,3967093.78,6035007.64,3142721.00,0.00,4755.00,5986685.00,23574205.62
2026-07-17,6743028.00,756218.00,100.00,6805744.09,3967093.78,6035007.64,3142721.00,0.00,4755.00,5986710.00,23550873.51
2026-07-18,6743028.00,756218.00,100.00,6805744.09,3967093.78,6035007.64,3142721.00,0.00,4755.00,5986710.00,23550873.51
2026-07-19,6743028.00,756218.00,100.00,6805744.09,3967093.78,6035007.64,3142721.00,0.00,4755.00,5986710.00,23550873.51
2026-07-20,6743028.00,756218.00,30.00,6805744.09,3967093.78,6035007.64,3142721.00,0.00,4755.00,5986780.00,23550873.51
2026-07-21,6743028.00,756218.00,275.00,6805744.09,3967093.78,6035007.64,3142721.00,0.00,4755.00,5986535.00,23550873.51
2026-07-22,6747378.00,829623.00,376.00,6805744.09,3967093.78,6035007.64,3062149.00,0.00,4885.00,5917379.00,23555223.51
2026-07-23,6747378.00,829623.00,904.00,6805744.09,3967093.78,6035007.64,3062149.00,3.00,4885.00,5916851.00,23555223.51
2026-07-24,6747378.00,829623.00,675.00,6767261.08,3967093.78,6035007.64,3062149.00,1.00,4885.00,5917080.00,23516740.50
2026-07-25,6747378.00,829623.00,675.00,6767261.08,3967093.78,6035007.64,3062149.00,1.00,4885.00,5917080.00,23516740.50
2026-07-26,6747378.00,829623.00,675.00,6767261.08,3967093.78,6035007.64,3062149.00,1.00,4885.00,5917080.00,23516740.50
2026-07-27,6747378.00,829623.00,1380.00,6767261.08,3967093.78,6035007.64,3062149.00,10.00,4885.00,5916375.00,23516740.50
2026-07-28,6747378.00,829623.00,1126.00,6767261.08,3967093.78,6035007.64,3062149.00,4.00,4885.00,5916629.00,23516740.50
2026-07-29,6738190.00,910776.00,2576.00,6767261.08,3967093.78,6035007.64,2984570.00,1.00,6506.00,5824838.00,23507552.50
2026-07-30,6738190.00,910776.00,1076.00,6767261.08,3967093.78,6035007.64,2984570.00,3.00,6506.00,5826338.00,23507552.50
2026-07-31,6738190.00,910776.00,2151.00,6843723.57,3967093.78,6035007.64,2984570.00,0.00,6506.00,5825263.00,23584014.99
2026-08-01,6738190.00,910776.00,2151.00,6843723.57,3967093.78,6035007.64,2984570.00,0.00,6506.00,5825263.00,23584014.99
2026-08-02,6738190.00,910776.00,2151.00,6843723.57,3967093.78,6035007.64,2984570.00,0.00,6506.00,5825263.00,23584014.99
2026-08-03,6738190.00,910776.00,2127.00,6843723.57,3967093.78,6035007.64,2984570.00,0.00,6506.00,5825287.00,23584014.99
2026-08-04,6738190.00,910776.00,2251.00,6843723.57,3967093.78,6035007.64,2984570.00,1.00,6506.00,5825163.00,23584014.99
2026-08-05,6748567.00,907324.00,1650.00,6843723.57,3967093.78,6035007.64,2993349.00,1.00,5257.00,5839593.00,23594391.99
2026-08-06,6748567.00,907324.00,1429.00,6843723.57,3967093.78,6035007.64,2993349.00,0.00,5257.00,5839814.00,23594391.99
2026-08-07,6748567.00,907324.00,1450.00,6846422.29,3967093.78,6035007.64,2993349.00,0.00,5257.00,5839793.00,23597090.70
2026-08-08,6748567.00,907324.00,1450.00,6846422.29,3967093.78,6035007.64,2993349.00,0.00,5257.00,5839793.00,23597090.70
2026-08-09,6748567.00,907324.00,1450.00,6846422.29,3967093.78,6035007.64,2993349.00,0.00,5257.00,5839793.00,23597090.70
2026-08-10,6748567.00,907324.00,975.00,6846422.29,3967093.78,6035007.64,2993349.00,0.00,5257.00,5840268.00,23597090.70
2026-08-11,6748567.00,907324.00,1250.00,6846422.29,3967093.78,6035007.64,2993349.00,100.00,5257.00,5839993.00,23597090.70
2026-08-12,6759955.00,963950.00,725.00,6846422.29,3967093.78,6035007.64,2944059.00,0.00,5644.00,5795280.00,23608478.70
2026-08-13,6759955.00,963950.00,450.00,6846422.29,3967093.78,6035007.64,2944059.00,2.00,5644.00,5795555.00,23608478.70
2026-08-14,6759955.00,963950.00,450.00,6846422.29,3967093.78,6035007.64,2944059.00,2.00,5644.00,5795555.00,23608478.70
